LINE_ID,ID,DIST,DIST_SURF,X,Y,Z,layer,path
"415","1",0,0,-149.5892783,-17.536868729,0.4469444454,profile_from_transects_tahiti,C:\Users\nlafn\Documents\GitHub\ReefPassages\data\data_for_transects\profile_from_transects_tahiti.geojson
"415","2",0.0002204569,0.2611112035,-149.5890783,-17.536775986,0.1858333349,profile_from_transects_tahiti,C:\Users\nlafn\Documents\GitHub\ReefPassages\data\data_for_transects\profile_from_transects_tahiti.geojson
"415","3",0.0004409138,1.1594445416,-149.5888783,-17.536683244,-0.7124999762,profile_from_transects_tahiti,C:\Users\nlafn\Documents\GitHub\ReefPassages\data\data_for_transects\profile_from_transects_tahiti.geojson
"415","4",0.0006613707,2.3033335132,-149.5886783,-17.536590501,-1.8563889265,profile_from_transects_tahiti,C:\Users\nlafn\Documents\GitHub\ReefPassages\data\data_for_transects\profile_from_transects_tahiti.geojson
"415","5",0.0008818277,3.7563890309,-149.5884783,-17.536497758,-3.3094444275,profile_from_transects_tahiti,C:\Users\nlafn\Documents\GitHub\ReefPassages\data\data_for_transects\profile_from_transects_tahiti.geojson
"415","6",0.0011022846,4.125833467,-149.5882783,-17.536405015,-3.6788887978,profile_from_transects_tahiti,C:\Users\nlafn\Documents\GitHub\ReefPassages\data\data_for_transects\profile_from_transects_tahiti.geojson
"415","7",0.0013227415,4.1580564921,-149.5880783,-17.536312272,-3.7111110687,profile_from_transects_tahiti,C:\Users\nlafn\Documents\GitHub\ReefPassages\data\data_for_transects\profile_from_transects_tahiti.geojson
"415","8",0.0015431984,4.3930564906,-149.5878783,-17.536219529,-3.4761111736,profile_from_transects_tahiti,C:\Users\nlafn\Documents\GitHub\ReefPassages\data\data_for_transects\profile_from_transects_tahiti.geojson
"415","9",0.0017636553,4.4163908431,-149.5876783,-17.536126786,-3.4994444847,profile_from_transects_tahiti,C:\Users\nlafn\Documents\GitHub\ReefPassages\data\data_for_transects\profile_from_transects_tahiti.geojson
"415","10",0.0019841122,4.7227797774,-149.5874783,-17.536034043,-3.1930556297,profile_from_transects_tahiti,C:\Users\nlafn\Documents\GitHub\ReefPassages\data\data_for_transects\profile_from_transects_tahiti.geojson
"415","11",0.0022045691,5.0966685734,-149.5872783,-17.5359413,-3.5669443607,profile_from_transects_tahiti,C:\Users\nlafn\Documents\GitHub\ReefPassages\data\data_for_transects\profile_from_transects_tahiti.geojson
"415","12",0.002425026,5.1425024528,-149.5870783,-17.535848557,-3.61277771,profile_from_transects_tahiti,C:\Users\nlafn\Documents\GitHub\ReefPassages\data\data_for_transects\profile_from_transects_tahiti.geojson
"415","13",0.002645483,5.404447078,-149.5868783,-17.535755814,-3.8747222424,profile_from_transects_tahiti,C:\Users\nlafn\Documents\GitHub\ReefPassages\data\data_for_transects\profile_from_transects_tahiti.geojson
"415","14",0.0028659399,5.6391695574,-149.5866783,-17.535663071,-4.1094446182,profile_from_transects_tahiti,C:\Users\nlafn\Documents\GitHub\ReefPassages\data\data_for_transects\profile_from_transects_tahiti.geojson
"415","15",0.0030863968,6.9877804534,-149.5864783,-17.535570328,-5.4580554962,profile_from_transects_tahiti,C:\Users\nlafn\Documents\GitHub\ReefPassages\data\data_for_transects\profile_from_transects_tahiti.geojson
"415","16",0.0033068537,10.311669239,-149.5862783,-17.535477586,-8.7819442749,profile_from_transects_tahiti,C:\Users\nlafn\Documents\GitHub\ReefPassages\data\data_for_transects\profile_from_transects_tahiti.geojson
"415","17",0.0035273106,13.866113559,-149.5860783,-17.535384843,-12.336388588,profile_from_transects_tahiti,C:\Users\nlafn\Documents\GitHub\ReefPassages\data\data_for_transects\profile_from_transects_tahiti.geojson
"415","18",0.0037477675,16.790280247,-149.5858783,-17.5352921,-15.260555267,profile_from_transects_tahiti,C:\Users\nlafn\Documents\GitHub\ReefPassages\data\data_for_transects\profile_from_transects_tahiti.geojson
"415","19",0.0039682244,21.06028071,-149.5856783,-17.535199357,-19.530555725,profile_from_transects_tahiti,C:\Users\nlafn\Documents\GitHub\ReefPassages\data\data_for_transects\profile_from_transects_tahiti.geojson
"415","20",0.0041886814,23.89805881,-149.5854783,-17.535106614,-22.368333817,profile_from_transects_tahiti,C:\Users\nlafn\Documents\GitHub\ReefPassages\data\data_for_transects\profile_from_transects_tahiti.geojson
"415","21",0.0044091383,31.663615149,-149.5852783,-17.535013871,-14.602777481,profile_from_transects_tahiti,C:\Users\nlafn\Documents\GitHub\ReefPassages\data\data_for_transects\profile_from_transects_tahiti.geojson
"415","22",0.0046295952,34.817781378,-149.5850783,-17.534921128,-11.448611259,profile_from_transects_tahiti,C:\Users\nlafn\Documents\GitHub\ReefPassages\data\data_for_transects\profile_from_transects_tahiti.geojson
"415","23",0.0048500521,40.859170371,-149.5848783,-17.534828385,-5.407222271,profile_from_transects_tahiti,C:\Users\nlafn\Documents\GitHub\ReefPassages\data\data_for_transects\profile_from_transects_tahiti.geojson
"415","24",0.005070509,43.776670398,-149.5846783,-17.534735642,-2.4897222519,profile_from_transects_tahiti,C:\Users\nlafn\Documents\GitHub\ReefPassages\data\data_for_transects\profile_from_transects_tahiti.geojson
"415","25",0.0052909659,45.998892648,-149.5844783,-17.534642899,-0.2675000131,profile_from_transects_tahiti,C:\Users\nlafn\Documents\GitHub\ReefPassages\data\data_for_transects\profile_from_transects_tahiti.geojson
"415","26",0.0055114228,46.544726042,-149.5842783,-17.534550156,0.2783333361,profile_from_transects_tahiti,C:\Users\nlafn\Documents\GitHub\ReefPassages\data\data_for_transects\profile_from_transects_tahiti.geojson
"415","27",0.0057318797,47.33305934,-149.5840783,-17.534457413,1.0666666031,profile_from_transects_tahiti,C:\Users\nlafn\Documents\GitHub\ReefPassages\data\data_for_transects\profile_from_transects_tahiti.geojson
"415","28",0.0059523367,48.23111492,-149.5838783,-17.53436467,1.9647221565,profile_from_transects_tahiti,C:\Users\nlafn\Documents\GitHub\ReefPassages\data\data_for_transects\profile_from_transects_tahiti.geojson
"416","29",0,0,-149.5537534,-17.519917306,0.3199999929,profile_from_transects_tahiti,C:\Users\nlafn\Documents\GitHub\ReefPassages\data\data_for_transects\profile_from_transects_tahiti.geojson
"416","30",0.0002158818,0.0263897666,-149.5535534,-17.519836035,0.2936111093,profile_from_transects_tahiti,C:\Users\nlafn\Documents\GitHub\ReefPassages\data\data_for_transects\profile_from_transects_tahiti.geojson
"416","31",0.0004317636,1.0236120347,-149.5533534,-17.519754764,-0.7036111355,profile_from_transects_tahiti,C:\Users\nlafn\Documents\GitHub\ReefPassages\data\data_for_transects\profile_from_transects_tahiti.geojson
"416","32",0.0006476455,8.4758341467,-149.5531534,-17.519673493,-8.1558332443,profile_from_transects_tahiti,C:\Users\nlafn\Documents\GitHub\ReefPassages\data\data_for_transects\profile_from_transects_tahiti.geojson
"416","33",0.0008635273,26.282500522,-149.5529534,-17.519592222,-25.962499619,profile_from_transects_tahiti,C:\Users\nlafn\Documents\GitHub\ReefPassages\data\data_for_transects\profile_from_transects_tahiti.geojson
"416","34",0.0010794091,39.264722127,-149.5527534,-17.519510951,-38.944721222,profile_from_transects_tahiti,C:\Users\nlafn\Documents\GitHub\ReefPassages\data\data_for_transects\profile_from_transects_tahiti.geojson
"416","35",0.0012952909,48.397500298,-149.5525534,-17.51942968,-48.07749939,profile_from_transects_tahiti,C:\Users\nlafn\Documents\GitHub\ReefPassages\data\data_for_transects\profile_from_transects_tahiti.geojson
"416","36",0.0015111727,50.514447483,-149.5523534,-17.519348409,-50.194446564,profile_from_transects_tahiti,C:\Users\nlafn\Documents\GitHub\ReefPassages\data\data_for_transects\profile_from_transects_tahiti.geojson
"416","37",0.0017270546,53.920834819,-149.5521534,-17.519267138,-53.600833893,profile_from_transects_tahiti,C:\Users\nlafn\Documents\GitHub\ReefPassages\data\data_for_transects\profile_from_transects_tahiti.geojson
"416","38",0.0019429364,53.953889875,-149.5519534,-17.519185867,-53.633888245,profile_from_transects_tahiti,C:\Users\nlafn\Documents\GitHub\ReefPassages\data\data_for_transects\profile_from_transects_tahiti.geojson
"416","39",0.0021588182,54.477777554,-149.5517534,-17.519104596,-53.11000061,profile_from_transects_tahiti,C:\Users\nlafn\Documents\GitHub\ReefPassages\data\data_for_transects\profile_from_transects_tahiti.geojson
"416","40",0.0023747,55.208055601,-149.5515534,-17.519023326,-53.840278625,profile_from_transects_tahiti,C:\Users\nlafn\Documents\GitHub\ReefPassages\data\data_for_transects\profile_from_transects_tahiti.geojson
"416","41",0.0025905818,56.567777756,-149.5513534,-17.518942055,-52.480556488,profile_from_transects_tahiti,C:\Users\nlafn\Documents\GitHub\ReefPassages\data\data_for_transects\profile_from_transects_tahiti.geojson
"416","42",0.0028064636,57.536943582,-149.5511534,-17.518860784,-51.511390686,profile_from_transects_tahiti,C:\Users\nlafn\Documents\GitHub\ReefPassages\data\data_for_transects\profile_from_transects_tahiti.geojson
"416","43",0.0030223455,59.621389546,-149.5509534,-17.518779513,-49.426944733,profile_from_transects_tahiti,C:\Users\nlafn\Documents\GitHub\ReefPassages\data\data_for_transects\profile_from_transects_tahiti.geojson
"416","44",0.0032382273,64.162222071,-149.5507534,-17.518698242,-44.886112213,profile_from_transects_tahiti,C:\Users\nlafn\Documents\GitHub\ReefPassages\data\data_for_transects\profile_from_transects_tahiti.geojson
"416","45",0.0034541091,70.09083383,-149.5505534,-17.518616971,-38.957500458,profile_from_transects_tahiti,C:\Users\nlafn\Documents\GitHub\ReefPassages\data\data_for_transects\profile_from_transects_tahiti.geojson
"416","46",0.0036699909,77.053890398,-149.5503534,-17.5185357,-31.994443893,profile_from_transects_tahiti,C:\Users\nlafn\Documents\GitHub\ReefPassages\data\data_for_transects\profile_from_transects_tahiti.geojson
"416","47",0.0038858727,91.751945667,-149.5501534,-17.518454429,-17.296388626,profile_from_transects_tahiti,C:\Users\nlafn\Documents\GitHub\ReefPassages\data\data_for_transects\profile_from_transects_tahiti.geojson
"416","48",0.0041017546,103.8069455,-149.5499534,-17.518373158,-5.2413887978,profile_from_transects_tahiti,C:\Users\nlafn\Documents\GitHub\ReefPassages\data\data_for_transects\profile_from_transects_tahiti.geojson
"420","49",0,0,-149.48751635,-17.491721671,0.3736110926,profile_from_transects_tahiti,C:\Users\nlafn\Documents\GitHub\ReefPassages\data\data_for_transects\profile_from_transects_tahiti.geojson
"420","50",0.0002158399,0.0911113792,-149.48731635,-17.49180283,0.4647222161,profile_from_transects_tahiti,C:\Users\nlafn\Documents\GitHub\ReefPassages\data\data_for_transects\profile_from_transects_tahiti.geojson
"420","51",0.0004316797,0.3327781353,-149.48711635,-17.49188399,0.2230555564,profile_from_transects_tahiti,C:\Users\nlafn\Documents\GitHub\ReefPassages\data\data_for_transects\profile_from_transects_tahiti.geojson
"420","52",0.0006475196,1.3677781393,-149.48691635,-17.491965149,-0.8119444251,profile_from_transects_tahiti,C:\Users\nlafn\Documents\GitHub\ReefPassages\data\data_for_transects\profile_from_transects_tahiti.geojson
"420","53",0.0008633595,2.4522226241,-149.48671635,-17.492046308,-1.8963888884,profile_from_transects_tahiti,C:\Users\nlafn\Documents\GitHub\ReefPassages\data\data_for_transects\profile_from_transects_tahiti.geojson
"420","54",0.0010791994,3.8891672442,-149.48651635,-17.492127468,-3.3333334923,profile_from_transects_tahiti,C:\Users\nlafn\Documents\GitHub\ReefPassages\data\data_for_transects\profile_from_transects_tahiti.geojson
"420","55",0.0012950392,6.7038893136,-149.48631635,-17.492208627,-6.1480555534,profile_from_transects_tahiti,C:\Users\nlafn\Documents\GitHub\ReefPassages\data\data_for_transects\profile_from_transects_tahiti.geojson
"420","56",0.0015108791,14.356944985,-149.48611635,-17.492289787,-13.801111221,profile_from_transects_tahiti,C:\Users\nlafn\Documents\GitHub\ReefPassages\data\data_for_transects\profile_from_transects_tahiti.geojson
"420","57",0.001726719,29.559444376,-149.48591635,-17.492370946,-29.003610611,profile_from_transects_tahiti,C:\Users\nlafn\Documents\GitHub\ReefPassages\data\data_for_transects\profile_from_transects_tahiti.geojson
"420","58",0.0019425589,38.275278042,-149.48571635,-17.492452106,-37.719444275,profile_from_transects_tahiti,C:\Users\nlafn\Documents\GitHub\ReefPassages\data\data_for_transects\profile_from_transects_tahiti.geojson
"420","59",0.0021583987,44.644445374,-149.48551635,-17.492533265,-44.088611603,profile_from_transects_tahiti,C:\Users\nlafn\Documents\GitHub\ReefPassages\data\data_for_transects\profile_from_transects_tahiti.geojson
"420","60",0.0023742386,49.558889348,-149.48531635,-17.492614424,-49.003055573,profile_from_transects_tahiti,C:\Users\nlafn\Documents\GitHub\ReefPassages\data\data_for_transects\profile_from_transects_tahiti.geojson
"420","61",0.0025900785,52.7580547,-149.48511635,-17.492695584,-52.202220917,profile_from_transects_tahiti,C:\Users\nlafn\Documents\GitHub\ReefPassages\data\data_for_transects\profile_from_transects_tahiti.geojson
"420","62",0.0028059184,53.736665716,-149.48491635,-17.492776743,-53.180831909,profile_from_transects_tahiti,C:\Users\nlafn\Documents\GitHub\ReefPassages\data\data_for_transects\profile_from_transects_tahiti.geojson
"420","63",0.0030217582,57.97527885,-149.48471635,-17.492857903,-57.419445038,profile_from_transects_tahiti,C:\Users\nlafn\Documents\GitHub\ReefPassages\data\data_for_transects\profile_from_transects_tahiti.geojson
"420","64",0.0032375981,58.989168186,-149.48451635,-17.492939062,-58.433334351,profile_from_transects_tahiti,C:\Users\nlafn\Documents\GitHub\ReefPassages\data\data_for_transects\profile_from_transects_tahiti.geojson
"420","65",0.003453438,64.266111397,-149.48431635,-17.493020221,-63.710277557,profile_from_transects_tahiti,C:\Users\nlafn\Documents\GitHub\ReefPassages\data\data_for_transects\profile_from_transects_tahiti.geojson
"420","66",0.0036692779,64.985834177,-149.48411635,-17.493101381,-64.430000305,profile_from_transects_tahiti,C:\Users\nlafn\Documents\GitHub\ReefPassages\data\data_for_transects\profile_from_transects_tahiti.geojson
"420","67",0.0038851177,66.186945037,-149.48391635,-17.49318254,-63.228889465,profile_from_transects_tahiti,C:\Users\nlafn\Documents\GitHub\ReefPassages\data\data_for_transects\profile_from_transects_tahiti.geojson
"420","68",0.0041009576,70.868059238,-149.48371635,-17.4932637,-58.547775269,profile_from_transects_tahiti,C:\Users\nlafn\Documents\GitHub\ReefPassages\data\data_for_transects\profile_from_transects_tahiti.geojson
"420","69",0.0043167975,77.936945045,-149.48351635,-17.493344859,-51.478889465,profile_from_transects_tahiti,C:\Users\nlafn\Documents\GitHub\ReefPassages\data\data_for_transects\profile_from_transects_tahiti.geojson
"420","70",0.0045326374,83.791112987,-149.48331635,-17.493426019,-45.624721527,profile_from_transects_tahiti,C:\Users\nlafn\Documents\GitHub\ReefPassages\data\data_for_transects\profile_from_transects_tahiti.geojson
"420","71",0.0047484772,89.756391616,-149.48311635,-17.493507178,-39.659442902,profile_from_transects_tahiti,C:\Users\nlafn\Documents\GitHub\ReefPassages\data\data_for_transects\profile_from_transects_tahiti.geojson
"420","72",0.0049643171,92.695833305,-149.48291635,-17.493588337,-36.720001221,profile_from_transects_tahiti,C:\Users\nlafn\Documents\GitHub\ReefPassages\data\data_for_transects\profile_from_transects_tahiti.geojson
"420","73",0.005180157,96.46027957,-149.48271635,-17.493669497,-32.955554962,profile_from_transects_tahiti,C:\Users\nlafn\Documents\GitHub\ReefPassages\data\data_for_transects\profile_from_transects_tahiti.geojson
"420","74",0.0053959969,104.35722362,-149.48251635,-17.493750656,-25.058610916,profile_from_transects_tahiti,C:\Users\nlafn\Documents\GitHub\ReefPassages\data\data_for_transects\profile_from_transects_tahiti.geojson
"420","75",0.0056118367,113.48555671,-149.48231635,-17.493831816,-15.930277824,profile_from_transects_tahiti,C:\Users\nlafn\Documents\GitHub\ReefPassages\data\data_for_transects\profile_from_transects_tahiti.geojson
"420","76",0.0058276766,122.98305666,-149.48211635,-17.493912975,-6.4327778816,profile_from_transects_tahiti,C:\Users\nlafn\Documents\GitHub\ReefPassages\data\data_for_transects\profile_from_transects_tahiti.geojson
"420","77",0.0060435165,128.46666789,-149.48191635,-17.493994134,-0.9491666555,profile_from_transects_tahiti,C:\Users\nlafn\Documents\GitHub\ReefPassages\data\data_for_transects\profile_from_transects_tahiti.geojson
"420","78",0.0062593564,129.78389011,-149.48171635,-17.494075294,0.3680555522,profile_from_transects_tahiti,C:\Users\nlafn\Documents\GitHub\ReefPassages\data\data_for_transects\profile_from_transects_tahiti.geojson
"417","79",0,0,-149.37876558,-17.521873111,-8.1694440842,profile_from_transects_tahiti,C:\Users\nlafn\Documents\GitHub\ReefPassages\data\data_for_transects\profile_from_transects_tahiti.geojson
"417","80",0.0002491289,0.9908333138,-149.37896558,-17.521724567,-9.1602773666,profile_from_transects_tahiti,C:\Users\nlafn\Documents\GitHub\ReefPassages\data\data_for_transects\profile_from_transects_tahiti.geojson
"417","81",0.0004982579,2.0452776563,-149.37916558,-17.521576023,-8.1058330536,profile_from_transects_tahiti,C:\Users\nlafn\Documents\GitHub\ReefPassages\data\data_for_transects\profile_from_transects_tahiti.geojson
"417","82",0.0007473868,2.5563889764,-149.37936558,-17.52142748,-8.616944313,profile_from_transects_tahiti,C:\Users\nlafn\Documents\GitHub\ReefPassages\data\data_for_transects\profile_from_transects_tahiti.geojson
"417","83",0.0009965158,4.8925000585,-149.37956558,-17.521278936,-10.953055382,profile_from_transects_tahiti,C:\Users\nlafn\Documents\GitHub\ReefPassages\data\data_for_transects\profile_from_transects_tahiti.geojson
"417","84",0.0012456447,6.895000608,-149.37976558,-17.521130392,-12.955555916,profile_from_transects_tahiti,C:\Users\nlafn\Documents\GitHub\ReefPassages\data\data_for_transects\profile_from_transects_tahiti.geojson
"417","85",0.0014947736,8.7872220752,-149.37996558,-17.520981849,-14.847777367,profile_from_transects_tahiti,C:\Users\nlafn\Documents\GitHub\ReefPassages\data\data_for_transects\profile_from_transects_tahiti.geojson
"417","86",0.0017439026,10.793889228,-149.38016558,-17.520833305,-16.854444504,profile_from_transects_tahiti,C:\Users\nlafn\Documents\GitHub\ReefPassages\data\data_for_transects\profile_from_transects_tahiti.geojson
"417","87",0.0019930315,13.05944367,-149.38036558,-17.520684761,-19.119998932,profile_from_transects_tahiti,C:\Users\nlafn\Documents\GitHub\ReefPassages\data\data_for_transects\profile_from_transects_tahiti.geojson
"417","88",0.0022421604,14.046666373,-149.38056558,-17.520536217,-20.107221603,profile_from_transects_tahiti,C:\Users\nlafn\Documents\GitHub\ReefPassages\data\data_for_transects\profile_from_transects_tahiti.geojson
"417","89",0.0024912894,17.721667525,-149.38076558,-17.520387674,-23.782222748,profile_from_transects_tahiti,C:\Users\nlafn\Documents\GitHub\ReefPassages\data\data_for_transects\profile_from_transects_tahiti.geojson
"417","90",0.0027404183,22.096110587,-149.38096558,-17.52023913,-28.156665802,profile_from_transects_tahiti,C:\Users\nlafn\Documents\GitHub\ReefPassages\data\data_for_transects\profile_from_transects_tahiti.geojson
"417","91",0.0029895473,26.97694708,-149.38116558,-17.520090586,-33.037502289,profile_from_transects_tahiti,C:\Users\nlafn\Documents\GitHub\ReefPassages\data\data_for_transects\profile_from_transects_tahiti.geojson
"417","92",0.0032386762,29.254164959,-149.38136558,-17.519942043,-35.314720154,profile_from_transects_tahiti,C:\Users\nlafn\Documents\GitHub\ReefPassages\data\data_for_transects\profile_from_transects_tahiti.geojson
"417","93",0.0034878051,35.687499314,-149.38156558,-17.519793499,-41.748054504,profile_from_transects_tahiti,C:\Users\nlafn\Documents\GitHub\ReefPassages\data\data_for_transects\profile_from_transects_tahiti.geojson
"417","94",0.0037369341,42.102778707,-149.38176558,-17.519644955,-48.163333893,profile_from_transects_tahiti,C:\Users\nlafn\Documents\GitHub\ReefPassages\data\data_for_transects\profile_from_transects_tahiti.geojson
"417","95",0.003986063,47.026110928,-149.38196558,-17.519496412,-53.086666107,profile_from_transects_tahiti,C:\Users\nlafn\Documents\GitHub\ReefPassages\data\data_for_transects\profile_from_transects_tahiti.geojson
"417","96",0.0042351919,50.734999944,-149.38216558,-17.519347868,-56.795555115,profile_from_transects_tahiti,C:\Users\nlafn\Documents\GitHub\ReefPassages\data\data_for_transects\profile_from_transects_tahiti.geojson
"417","97",0.0044843209,51.497775406,-149.38236558,-17.519199324,-56.032779694,profile_from_transects_tahiti,C:\Users\nlafn\Documents\GitHub\ReefPassages\data\data_for_transects\profile_from_transects_tahiti.geojson
"417","98",0.0047334498,52.220553769,-149.38256558,-17.519050781,-55.310001373,profile_from_transects_tahiti,C:\Users\nlafn\Documents\GitHub\ReefPassages\data\data_for_transects\profile_from_transects_tahiti.geojson
"417","99",0.0049825788,53.43444387,-149.38276558,-17.518902237,-56.523891449,profile_from_transects_tahiti,C:\Users\nlafn\Documents\GitHub\ReefPassages\data\data_for_transects\profile_from_transects_tahiti.geojson
"417","100",0.0052317077,54.662223284,-149.38296558,-17.518753693,-55.296112061,profile_from_transects_tahiti,C:\Users\nlafn\Documents\GitHub\ReefPassages\data\data_for_transects\profile_from_transects_tahiti.geojson
"417","101",0.0054808366,66.786944813,-149.38316558,-17.51860515,-43.171390533,profile_from_transects_tahiti,C:\Users\nlafn\Documents\GitHub\ReefPassages\data\data_for_transects\profile_from_transects_tahiti.geojson
"417","102",0.0057299656,84.835280844,-149.38336558,-17.518456606,-25.123054504,profile_from_transects_tahiti,C:\Users\nlafn\Documents\GitHub\ReefPassages\data\data_for_transects\profile_from_transects_tahiti.geojson
"417","103",0.0059790945,92.445279551,-149.38356558,-17.518308062,-17.513055801,profile_from_transects_tahiti,C:\Users\nlafn\Documents\GitHub\ReefPassages\data\data_for_transects\profile_from_transects_tahiti.geojson
"417","104",0.0062282234,102.08805747,-149.38376558,-17.518159518,-7.8702778816,profile_from_transects_tahiti,C:\Users\nlafn\Documents\GitHub\ReefPassages\data\data_for_transects\profile_from_transects_tahiti.geojson
"417","105",0.0064773524,102.9202795,-149.38396558,-17.518010975,-7.0380558968,profile_from_transects_tahiti,C:\Users\nlafn\Documents\GitHub\ReefPassages\data\data_for_transects\profile_from_transects_tahiti.geojson
"417","106",0.0067264813,102.99166865,-149.38416558,-17.517862431,-7.1094446182,profile_from_transects_tahiti,C:\Users\nlafn\Documents\GitHub\ReefPassages\data\data_for_transects\profile_from_transects_tahiti.geojson
"418","107",0,0,-149.36884637,-17.527373395,-8.5358333588,profile_from_transects_tahiti,C:\Users\nlafn\Documents\GitHub\ReefPassages\data\data_for_transects\profile_from_transects_tahiti.geojson
"418","108",0.0002031974,0.7452774325,-149.36864637,-17.527409301,-7.790555954,profile_from_transects_tahiti,C:\Users\nlafn\Documents\GitHub\ReefPassages\data\data_for_transects\profile_from_transects_tahiti.geojson
"418","109",0.0004063947,1.2077780493,-149.36844637,-17.527445206,-7.3280553818,profile_from_transects_tahiti,C:\Users\nlafn\Documents\GitHub\ReefPassages\data\data_for_transects\profile_from_transects_tahiti.geojson
"418","110",0.0006095921,1.551666869,-149.36824637,-17.527481111,-7.6719441414,profile_from_transects_tahiti,C:\Users\nlafn\Documents\GitHub\ReefPassages\data\data_for_transects\profile_from_transects_tahiti.geojson
"418","111",0.0008127895,2.9977780855,-149.36804637,-17.527517016,-9.1180553436,profile_from_transects_tahiti,C:\Users\nlafn\Documents\GitHub\ReefPassages\data\data_for_transects\profile_from_transects_tahiti.geojson
"418","112",0.0010159869,5.279167331,-149.36784637,-17.527552921,-11.39944458,profile_from_transects_tahiti,C:\Users\nlafn\Documents\GitHub\ReefPassages\data\data_for_transects\profile_from_transects_tahiti.geojson
"418","113",0.0012191842,8.4841672611,-149.36764637,-17.527588826,-14.604444504,profile_from_transects_tahiti,C:\Users\nlafn\Documents\GitHub\ReefPassages\data\data_for_transects\profile_from_transects_tahiti.geojson
"418","114",0.0014223816,13.99027841,-149.36744637,-17.527624731,-20.110555649,profile_from_transects_tahiti,C:\Users\nlafn\Documents\GitHub\ReefPassages\data\data_for_transects\profile_from_transects_tahiti.geojson
"418","115",0.001625579,22.990556885,-149.36724637,-17.527660636,-29.110834122,profile_from_transects_tahiti,C:\Users\nlafn\Documents\GitHub\ReefPassages\data\data_for_transects\profile_from_transects_tahiti.geojson
"418","116",0.0018287764,35.184444597,-149.36704637,-17.527696541,-41.304721832,profile_from_transects_tahiti,C:\Users\nlafn\Documents\GitHub\ReefPassages\data\data_for_transects\profile_from_transects_tahiti.geojson
"418","117",0.0020319737,51.333610706,-149.36684637,-17.527732446,-57.453887939,profile_from_transects_tahiti,C:\Users\nlafn\Documents\GitHub\ReefPassages\data\data_for_transects\profile_from_transects_tahiti.geojson
"418","118",0.0022351711,63.96222704,-149.36664637,-17.527768351,-70.082504272,profile_from_transects_tahiti,C:\Users\nlafn\Documents\GitHub\ReefPassages\data\data_for_transects\profile_from_transects_tahiti.geojson
"418","119",0.0024383685,75.519165214,-149.36644637,-17.527804256,-81.639442444,profile_from_transects_tahiti,C:\Users\nlafn\Documents\GitHub\ReefPassages\data\data_for_transects\profile_from_transects_tahiti.geojson
"418","120",0.0026415658,85.572967706,-149.36624637,-17.527840161,-91.693244934,profile_from_transects_tahiti,C:\Users\nlafn\Documents\GitHub\ReefPassages\data\data_for_transects\profile_from_transects_tahiti.geojson
"418","121",0.0028447632,88.898399536,-149.36604637,-17.527876066,-95.018676758,profile_from_transects_tahiti,C:\Users\nlafn\Documents\GitHub\ReefPassages\data\data_for_transects\profile_from_transects_tahiti.geojson
"418","122",0.0030479606,91.582191658,-149.36584637,-17.527911971,-97.702468872,profile_from_transects_tahiti,C:\Users\nlafn\Documents\GitHub\ReefPassages\data\data_for_transects\profile_from_transects_tahiti.geojson
"418","123",0.003251158,92.690834255,-149.36564637,-17.527947876,-98.81111145,profile_from_transects_tahiti,C:\Users\nlafn\Documents\GitHub\ReefPassages\data\data_for_transects\profile_from_transects_tahiti.geojson
"418","124",0.0034543553,92.912338559,-149.36544637,-17.527983781,-98.589607239,profile_from_transects_tahiti,C:\Users\nlafn\Documents\GitHub\ReefPassages\data\data_for_transects\profile_from_transects_tahiti.geojson
"418","125",0.0036575527,93.391762125,-149.36524637,-17.528019686,-98.110183716,profile_from_transects_tahiti,C:\Users\nlafn\Documents\GitHub\ReefPassages\data\data_for_transects\profile_from_transects_tahiti.geojson
"418","126",0.0044703422,94.08719717,-149.36444637,-17.528163306,-97.414749146,profile_from_transects_tahiti,C:\Users\nlafn\Documents\GitHub\ReefPassages\data\data_for_transects\profile_from_transects_tahiti.geojson
"418","127",0.0046735396,94.291161505,-149.36424637,-17.528199212,-97.210784912,profile_from_transects_tahiti,C:\Users\nlafn\Documents\GitHub\ReefPassages\data\data_for_transects\profile_from_transects_tahiti.geojson
"418","128",0.0048767369,95.891716938,-149.36404637,-17.528235117,-95.610229492,profile_from_transects_tahiti,C:\Users\nlafn\Documents\GitHub\ReefPassages\data\data_for_transects\profile_from_transects_tahiti.geojson
"418","129",0.0050799343,106.49667452,-149.36384637,-17.528271022,-85.005271912,profile_from_transects_tahiti,C:\Users\nlafn\Documents\GitHub\ReefPassages\data\data_for_transects\profile_from_transects_tahiti.geojson
"418","130",0.0052831317,127.70444582,-149.36364637,-17.528306927,-63.79750061,profile_from_transects_tahiti,C:\Users\nlafn\Documents\GitHub\ReefPassages\data\data_for_transects\profile_from_transects_tahiti.geojson
"418","131",0.0054863291,144.86722277,-149.36344637,-17.528342832,-46.634723663,profile_from_transects_tahiti,C:\Users\nlafn\Documents\GitHub\ReefPassages\data\data_for_transects\profile_from_transects_tahiti.geojson
"418","132",0.0056895264,155.03527926,-149.36324637,-17.528378737,-36.466667175,profile_from_transects_tahiti,C:\Users\nlafn\Documents\GitHub\ReefPassages\data\data_for_transects\profile_from_transects_tahiti.geojson
"418","133",0.0058927238,158.00805759,-149.36304637,-17.528414642,-33.493888855,profile_from_transects_tahiti,C:\Users\nlafn\Documents\GitHub\ReefPassages\data\data_for_transects\profile_from_transects_tahiti.geojson
"418","134",0.0060959212,158.06611382,-149.36284637,-17.528450547,-33.435832977,profile_from_transects_tahiti,C:\Users\nlafn\Documents\GitHub\ReefPassages\data\data_for_transects\profile_from_transects_tahiti.geojson
"418","135",0.0062991186,158.29500338,-149.36264637,-17.528486452,-33.664722443,profile_from_transects_tahiti,C:\Users\nlafn\Documents\GitHub\ReefPassages\data\data_for_transects\profile_from_transects_tahiti.geojson
"418","136",0.0065023159,158.43944703,-149.36244637,-17.528522357,-33.809165955,profile_from_transects_tahiti,C:\Users\nlafn\Documents\GitHub\ReefPassages\data\data_for_transects\profile_from_transects_tahiti.geojson
"418","137",0.0067055133,159.57972491,-149.36224637,-17.528558262,-32.668888092,profile_from_transects_tahiti,C:\Users\nlafn\Documents\GitHub\ReefPassages\data\data_for_transects\profile_from_transects_tahiti.geojson
"418","138",0.0069087107,161.19389119,-149.36204637,-17.528594167,-31.054721832,profile_from_transects_tahiti,C:\Users\nlafn\Documents\GitHub\ReefPassages\data\data_for_transects\profile_from_transects_tahiti.geojson
"418","139",0.007111908,162.76000181,-149.36184637,-17.528630072,-29.488611221,profile_from_transects_tahiti,C:\Users\nlafn\Documents\GitHub\ReefPassages\data\data_for_transects\profile_from_transects_tahiti.geojson
"418","140",0.0073151054,163.75527923,-149.36164637,-17.528665977,-28.493333817,profile_from_transects_tahiti,C:\Users\nlafn\Documents\GitHub\ReefPassages\data\data_for_transects\profile_from_transects_tahiti.geojson
"418","141",0.0075183028,165.82111138,-149.36144637,-17.528701882,-30.559165955,profile_from_transects_tahiti,C:\Users\nlafn\Documents\GitHub\ReefPassages\data\data_for_transects\profile_from_transects_tahiti.geojson
"418","142",0.0077215002,170.32333345,-149.36124637,-17.528737787,-26.056943893,profile_from_transects_tahiti,C:\Users\nlafn\Documents\GitHub\ReefPassages\data\data_for_transects\profile_from_transects_tahiti.geojson
"418","143",0.0079246975,177.96888895,-149.36104637,-17.528773692,-18.411388397,profile_from_transects_tahiti,C:\Users\nlafn\Documents\GitHub\ReefPassages\data\data_for_transects\profile_from_transects_tahiti.geojson
"418","144",0.0081278949,184.20194407,-149.36084637,-17.528809597,-12.178333282,profile_from_transects_tahiti,C:\Users\nlafn\Documents\GitHub\ReefPassages\data\data_for_transects\profile_from_transects_tahiti.geojson
"418","145",0.0083310923,185.54749939,-149.36064637,-17.528845502,-10.832777977,profile_from_transects_tahiti,C:\Users\nlafn\Documents\GitHub\ReefPassages\data\data_for_transects\profile_from_transects_tahiti.geojson
"418","146",0.0085342896,185.59694496,-149.36044637,-17.528881407,-10.783332825,profile_from_transects_tahiti,C:\Users\nlafn\Documents\GitHub\ReefPassages\data\data_for_transects\profile_from_transects_tahiti.geojson
"418","147",0.008737487,186.19777793,-149.36024637,-17.528917312,-10.182499886,profile_from_transects_tahiti,C:\Users\nlafn\Documents\GitHub\ReefPassages\data\data_for_transects\profile_from_transects_tahiti.geojson
"418","148",0.0089406844,188.25916691,-149.36004637,-17.528953217,-8.1211109161,profile_from_transects_tahiti,C:\Users\nlafn\Documents\GitHub\ReefPassages\data\data_for_transects\profile_from_transects_tahiti.geojson
"419","149",0,0,-149.34125817,-17.527199843,-7.5880556107,profile_from_transects_tahiti,C:\Users\nlafn\Documents\GitHub\ReefPassages\data\data_for_transects\profile_from_transects_tahiti.geojson
"419","150",0.000205696,0.3141666132,-149.34105817,-17.527247914,-7.9022221565,profile_from_transects_tahiti,C:\Users\nlafn\Documents\GitHub\ReefPassages\data\data_for_transects\profile_from_transects_tahiti.geojson
"419","151",0.000411392,1.9711113777,-149.34085817,-17.527295985,-9.5591669083,profile_from_transects_tahiti,C:\Users\nlafn\Documents\GitHub\ReefPassages\data\data_for_transects\profile_from_transects_tahiti.geojson
"419","152",0.000617088,3.4886113154,-149.34065817,-17.527344056,-11.076666832,profile_from_transects_tahiti,C:\Users\nlafn\Documents\GitHub\ReefPassages\data\data_for_transects\profile_from_transects_tahiti.geojson
"419","153",0.000822784,5.9224997594,-149.34045817,-17.527392128,-13.510555267,profile_from_transects_tahiti,C:\Users\nlafn\Documents\GitHub\ReefPassages\data\data_for_transects\profile_from_transects_tahiti.geojson
"419","154",0.00102848,6.7811108909,-149.34025817,-17.527440199,-14.369166374,profile_from_transects_tahiti,C:\Users\nlafn\Documents\GitHub\ReefPassages\data\data_for_transects\profile_from_transects_tahiti.geojson
"419","155",0.001234176,7.9961101073,-149.34005817,-17.52748827,-13.154167175,profile_from_transects_tahiti,C:\Users\nlafn\Documents\GitHub\ReefPassages\data\data_for_transects\profile_from_transects_tahiti.geojson
"419","156",0.001439872,8.4594432828,-149.33985817,-17.527536341,-13.617500305,profile_from_transects_tahiti,C:\Users\nlafn\Documents\GitHub\ReefPassages\data\data_for_transects\profile_from_transects_tahiti.geojson
"419","157",0.001645568,10.433055125,-149.33965817,-17.527584413,-11.643888474,profile_from_transects_tahiti,C:\Users\nlafn\Documents\GitHub\ReefPassages\data\data_for_transects\profile_from_transects_tahiti.geojson
"419","158",0.0018512639,10.607499445,-149.33945817,-17.527632484,-11.469444275,profile_from_transects_tahiti,C:\Users\nlafn\Documents\GitHub\ReefPassages\data\data_for_transects\profile_from_transects_tahiti.geojson
"419","159",0.0020569599,10.983888051,-149.33925817,-17.527680555,-11.093055725,profile_from_transects_tahiti,C:\Users\nlafn\Documents\GitHub\ReefPassages\data\data_for_transects\profile_from_transects_tahiti.geojson
"419","160",0.0022626559,11.63888877,-149.33905817,-17.527728626,-10.438055038,profile_from_transects_tahiti,C:\Users\nlafn\Documents\GitHub\ReefPassages\data\data_for_transects\profile_from_transects_tahiti.geojson
"414","161",0,0,-149.31602629,-17.556076338,-7.820833683,profile_from_transects_tahiti,C:\Users\nlafn\Documents\GitHub\ReefPassages\data\data_for_transects\profile_from_transects_tahiti.geojson
"414","162",0.0002658499,1.2180552773,-149.31582629,-17.556251484,-9.0388889313,profile_from_transects_tahiti,C:\Users\nlafn\Documents\GitHub\ReefPassages\data\data_for_transects\profile_from_transects_tahiti.geojson
"414","163",0.0005316999,1.6997219156,-149.31562629,-17.556426631,-9.5205554962,profile_from_transects_tahiti,C:\Users\nlafn\Documents\GitHub\ReefPassages\data\data_for_transects\profile_from_transects_tahiti.geojson
"414","164",0.0007975498,3.2869440371,-149.31542629,-17.556601777,-11.107777596,profile_from_transects_tahiti,C:\Users\nlafn\Documents\GitHub\ReefPassages\data\data_for_transects\profile_from_transects_tahiti.geojson
"414","165",0.0010633998,4.348889032,-149.31522629,-17.556776923,-12.169722557,profile_from_transects_tahiti,C:\Users\nlafn\Documents\GitHub\ReefPassages\data\data_for_transects\profile_from_transects_tahiti.geojson
"414","166",0.0013292497,8.152499843,-149.31502629,-17.556952069,-15.973333359,profile_from_transects_tahiti,C:\Users\nlafn\Documents\GitHub\ReefPassages\data\data_for_transects\profile_from_transects_tahiti.geojson
"414","167",0.0015950996,11.832778631,-149.31482629,-17.557127215,-19.653612137,profile_from_transects_tahiti,C:\Users\nlafn\Documents\GitHub\ReefPassages\data\data_for_transects\profile_from_transects_tahiti.geojson
"414","168",0.0018609496,17.653888408,-149.31462629,-17.557302362,-25.474721909,profile_from_transects_tahiti,C:\Users\nlafn\Documents\GitHub\ReefPassages\data\data_for_transects\profile_from_transects_tahiti.geojson
"414","169",0.0021267995,18.599445086,-149.31442629,-17.557477508,-26.420278549,profile_from_transects_tahiti,C:\Users\nlafn\Documents\GitHub\ReefPassages\data\data_for_transects\profile_from_transects_tahiti.geojson
"414","170",0.0023926495,21.645000213,-149.31422629,-17.557652654,-29.465833664,profile_from_transects_tahiti,C:\Users\nlafn\Documents\GitHub\ReefPassages\data\data_for_transects\profile_from_transects_tahiti.geojson
"414","171",0.0026584994,22.305557059,-149.31402629,-17.5578278,-28.805276871,profile_from_transects_tahiti,C:\Users\nlafn\Documents\GitHub\ReefPassages\data\data_for_transects\profile_from_transects_tahiti.geojson
"414","172",0.0029243493,22.408889921,-149.31382629,-17.558002946,-28.701944351,profile_from_transects_tahiti,C:\Users\nlafn\Documents\GitHub\ReefPassages\data\data_for_transects\profile_from_transects_tahiti.geojson
"414","173",0.0031901993,33.046667253,-149.31362629,-17.558178093,-39.33972168,profile_from_transects_tahiti,C:\Users\nlafn\Documents\GitHub\ReefPassages\data\data_for_transects\profile_from_transects_tahiti.geojson
"414","174",0.0034560492,51.091947711,-149.31342629,-17.558353239,-57.385002136,profile_from_transects_tahiti,C:\Users\nlafn\Documents\GitHub\ReefPassages\data\data_for_transects\profile_from_transects_tahiti.geojson
"414","175",0.0037218992,70.170560994,-149.31322629,-17.558528385,-76.463615417,profile_from_transects_tahiti,C:\Users\nlafn\Documents\GitHub\ReefPassages\data\data_for_transects\profile_from_transects_tahiti.geojson
"414","176",0.0039877491,80.343610925,-149.31302629,-17.558703531,-86.636665344,profile_from_transects_tahiti,C:\Users\nlafn\Documents\GitHub\ReefPassages\data\data_for_transects\profile_from_transects_tahiti.geojson
"414","177",0.0042535991,82.108335676,-149.31282629,-17.558878677,-88.401390076,profile_from_transects_tahiti,C:\Users\nlafn\Documents\GitHub\ReefPassages\data\data_for_transects\profile_from_transects_tahiti.geojson
"414","178",0.004519449,86.712774466,-149.31262629,-17.559053824,-93.005828857,profile_from_transects_tahiti,C:\Users\nlafn\Documents\GitHub\ReefPassages\data\data_for_transects\profile_from_transects_tahiti.geojson
"414","179",0.0047852989,89.311575138,-149.31242629,-17.55922897,-95.604629517,profile_from_transects_tahiti,C:\Users\nlafn\Documents\GitHub\ReefPassages\data\data_for_transects\profile_from_transects_tahiti.geojson
"414","180",0.0050511489,91.604261616,-149.31222629,-17.559404116,-97.897315979,profile_from_transects_tahiti,C:\Users\nlafn\Documents\GitHub\ReefPassages\data\data_for_transects\profile_from_transects_tahiti.geojson
"414","181",0.0053169988,92.712042105,-149.31202629,-17.559579262,-96.789535522,profile_from_transects_tahiti,C:\Users\nlafn\Documents\GitHub\ReefPassages\data\data_for_transects\profile_from_transects_tahiti.geojson
"414","182",0.0055828488,93.369512861,-149.31182629,-17.559754408,-97.447006226,profile_from_transects_tahiti,C:\Users\nlafn\Documents\GitHub\ReefPassages\data\data_for_transects\profile_from_transects_tahiti.geojson
"414","183",0.0058486987,93.427657085,-149.31162629,-17.559929554,-97.505149841,profile_from_transects_tahiti,C:\Users\nlafn\Documents\GitHub\ReefPassages\data\data_for_transects\profile_from_transects_tahiti.geojson
"414","184",0.0061145486,97.558363881,-149.31142629,-17.560104701,-93.374443054,profile_from_transects_tahiti,C:\Users\nlafn\Documents\GitHub\ReefPassages\data\data_for_transects\profile_from_transects_tahiti.geojson
"414","185",0.0063803986,101.51180932,-149.31122629,-17.560279847,-89.42099762,profile_from_transects_tahiti,C:\Users\nlafn\Documents\GitHub\ReefPassages\data\data_for_transects\profile_from_transects_tahiti.geojson
"414","186",0.0066462485,102.62479306,-149.31102629,-17.560454993,-90.533981323,profile_from_transects_tahiti,C:\Users\nlafn\Documents\GitHub\ReefPassages\data\data_for_transects\profile_from_transects_tahiti.geojson
"414","187",0.0069120985,108.32803251,-149.31082629,-17.560630139,-96.237220764,profile_from_transects_tahiti,C:\Users\nlafn\Documents\GitHub\ReefPassages\data\data_for_transects\profile_from_transects_tahiti.geojson
"414","188",0.0071779484,108.55609052,-149.31062629,-17.560805285,-96.009162903,profile_from_transects_tahiti,C:\Users\nlafn\Documents\GitHub\ReefPassages\data\data_for_transects\profile_from_transects_tahiti.geojson
"414","189",0.0074437983,115.38803023,-149.31042629,-17.560980432,-89.177223206,profile_from_transects_tahiti,C:\Users\nlafn\Documents\GitHub\ReefPassages\data\data_for_transects\profile_from_transects_tahiti.geojson
"414","190",0.0077096483,123.30275649,-149.31022629,-17.561155578,-81.262496948,profile_from_transects_tahiti,C:\Users\nlafn\Documents\GitHub\ReefPassages\data\data_for_transects\profile_from_transects_tahiti.geojson
"414","191",0.0079754982,127.63081283,-149.31002629,-17.561330724,-76.934440613,profile_from_transects_tahiti,C:\Users\nlafn\Documents\GitHub\ReefPassages\data\data_for_transects\profile_from_transects_tahiti.geojson
"414","192",0.0082413482,129.56525346,-149.30982629,-17.56150587,-75,profile_from_transects_tahiti,C:\Users\nlafn\Documents\GitHub\ReefPassages\data\data_for_transects\profile_from_transects_tahiti.geojson
"414","193",0.0085071981,131.76608203,-149.30962629,-17.561681016,-72.799171448,profile_from_transects_tahiti,C:\Users\nlafn\Documents\GitHub\ReefPassages\data\data_for_transects\profile_from_transects_tahiti.geojson
"414","194",0.008773048,134.77136158,-149.30942629,-17.561856163,-69.793891907,profile_from_transects_tahiti,C:\Users\nlafn\Documents\GitHub\ReefPassages\data\data_for_transects\profile_from_transects_tahiti.geojson
"414","195",0.009038898,142.06775212,-149.30922629,-17.562031309,-62.497501373,profile_from_transects_tahiti,C:\Users\nlafn\Documents\GitHub\ReefPassages\data\data_for_transects\profile_from_transects_tahiti.geojson
"414","196",0.0093047479,142.98913888,-149.30902629,-17.562206455,-63.418888092,profile_from_transects_tahiti,C:\Users\nlafn\Documents\GitHub\ReefPassages\data\data_for_transects\profile_from_transects_tahiti.geojson
"414","197",0.0095705979,143.43636262,-149.30882629,-17.562381601,-63.866111755,profile_from_transects_tahiti,C:\Users\nlafn\Documents\GitHub\ReefPassages\data\data_for_transects\profile_from_transects_tahiti.geojson
"414","198",0.0098364478,169.14303148,-149.30862629,-17.562556747,-38.159442902,profile_from_transects_tahiti,C:\Users\nlafn\Documents\GitHub\ReefPassages\data\data_for_transects\profile_from_transects_tahiti.geojson
"414","199",0.0101022977,179.13747537,-149.30842629,-17.562731894,-28.164999008,profile_from_transects_tahiti,C:\Users\nlafn\Documents\GitHub\ReefPassages\data\data_for_transects\profile_from_transects_tahiti.geojson
"414","200",0.0103681477,180.99136295,-149.30822629,-17.56290704,-26.31111145,profile_from_transects_tahiti,C:\Users\nlafn\Documents\GitHub\ReefPassages\data\data_for_transects\profile_from_transects_tahiti.geojson
"414","201",0.0106339976,184.30747357,-149.30802629,-17.563082186,-22.995000839,profile_from_transects_tahiti,C:\Users\nlafn\Documents\GitHub\ReefPassages\data\data_for_transects\profile_from_transects_tahiti.geojson
"414","202",0.0108998476,188.81302969,-149.30782629,-17.563257332,-18.489444733,profile_from_transects_tahiti,C:\Users\nlafn\Documents\GitHub\ReefPassages\data\data_for_transects\profile_from_transects_tahiti.geojson
"414","203",0.0111656975,195.32080786,-149.30762629,-17.563432478,-11.981666565,profile_from_transects_tahiti,C:\Users\nlafn\Documents\GitHub\ReefPassages\data\data_for_transects\profile_from_transects_tahiti.geojson
"414","204",0.0114315475,198.84552997,-149.30742629,-17.563607625,-8.4569444656,profile_from_transects_tahiti,C:\Users\nlafn\Documents\GitHub\ReefPassages\data\data_for_transects\profile_from_transects_tahiti.geojson
"414","205",0.0116973974,200.02997443,-149.30722629,-17.563782771,-9.6413888931,profile_from_transects_tahiti,C:\Users\nlafn\Documents\GitHub\ReefPassages\data\data_for_transects\profile_from_transects_tahiti.geojson
"414","206",0.0119632473,200.23136391,-149.30702629,-17.563957917,-9.8427782059,profile_from_transects_tahiti,C:\Users\nlafn\Documents\GitHub\ReefPassages\data\data_for_transects\profile_from_transects_tahiti.geojson
"413","207",0,0,-149.29611445,-17.600505823,0.611944437,profile_from_transects_tahiti,C:\Users\nlafn\Documents\GitHub\ReefPassages\data\data_for_transects\profile_from_transects_tahiti.geojson
"413","208",0.0002002115,0.1069446292,-149.29612365,-17.600705823,0.5049999952,profile_from_transects_tahiti,C:\Users\nlafn\Documents\GitHub\ReefPassages\data\data_for_transects\profile_from_transects_tahiti.geojson
"413","209",0.000400423,0.340000277,-149.29613285,-17.600905823,0.2719444335,profile_from_transects_tahiti,C:\Users\nlafn\Documents\GitHub\ReefPassages\data\data_for_transects\profile_from_transects_tahiti.geojson
"413","210",0.0006006345,0.9355558545,-149.29614205,-17.601105823,-0.3236111105,profile_from_transects_tahiti,C:\Users\nlafn\Documents\GitHub\ReefPassages\data\data_for_transects\profile_from_transects_tahiti.geojson
"413","211",0.000800846,2.1572224752,-149.29615125,-17.601305823,-1.5452777147,profile_from_transects_tahiti,C:\Users\nlafn\Documents\GitHub\ReefPassages\data\data_for_transects\profile_from_transects_tahiti.geojson
"413","212",0.0010010574,3.383611542,-149.29616045,-17.601505823,-2.7716667652,profile_from_transects_tahiti,C:\Users\nlafn\Documents\GitHub\ReefPassages\data\data_for_transects\profile_from_transects_tahiti.geojson
"413","213",0.0012012689,4.0569447398,-149.29616965,-17.601705823,-3.4449999332,profile_from_transects_tahiti,C:\Users\nlafn\Documents\GitHub\ReefPassages\data\data_for_transects\profile_from_transects_tahiti.geojson
"413","214",0.0014014804,4.8155562069,-149.29617885,-17.601905823,-4.2036113739,profile_from_transects_tahiti,C:\Users\nlafn\Documents\GitHub\ReefPassages\data\data_for_transects\profile_from_transects_tahiti.geojson
"413","215",0.0016016919,5.1200005858,-149.29618805,-17.602105823,-4.508055687,profile_from_transects_tahiti,C:\Users\nlafn\Documents\GitHub\ReefPassages\data\data_for_transects\profile_from_transects_tahiti.geojson
"413","216",0.0018019034,5.4786117486,-149.29619725,-17.602305823,-4.8666667938,profile_from_transects_tahiti,C:\Users\nlafn\Documents\GitHub\ReefPassages\data\data_for_transects\profile_from_transects_tahiti.geojson
"413","217",0.0020021149,6.3752782977,-149.29620645,-17.602505823,-5.7633333206,profile_from_transects_tahiti,C:\Users\nlafn\Documents\GitHub\ReefPassages\data\data_for_transects\profile_from_transects_tahiti.geojson
"413","218",0.0022023264,10.036945173,-149.29621565,-17.602705823,-9.4250001907,profile_from_transects_tahiti,C:\Users\nlafn\Documents\GitHub\ReefPassages\data\data_for_transects\profile_from_transects_tahiti.geojson
"413","219",0.0024025379,19.161944222,-149.29622485,-17.602905823,-18.549999237,profile_from_transects_tahiti,C:\Users\nlafn\Documents\GitHub\ReefPassages\data\data_for_transects\profile_from_transects_tahiti.geojson
"413","220",0.0026027493,30.441111399,-149.29623405,-17.603105823,-29.829166412,profile_from_transects_tahiti,C:\Users\nlafn\Documents\GitHub\ReefPassages\data\data_for_transects\profile_from_transects_tahiti.geojson
"413","221",0.0028029608,39.412222699,-149.29624325,-17.603305823,-38.80027771,profile_from_transects_tahiti,C:\Users\nlafn\Documents\GitHub\ReefPassages\data\data_for_transects\profile_from_transects_tahiti.geojson
"413","222",0.0030031723,47.239722091,-149.29625245,-17.603505823,-46.6277771,profile_from_transects_tahiti,C:\Users\nlafn\Documents\GitHub\ReefPassages\data\data_for_transects\profile_from_transects_tahiti.geojson
"413","223",0.0032033838,54.970278582,-149.29626165,-17.603705823,-54.358333588,profile_from_transects_tahiti,C:\Users\nlafn\Documents\GitHub\ReefPassages\data\data_for_transects\profile_from_transects_tahiti.geojson
"413","224",0.0034035953,57.926390496,-149.29627085,-17.603905823,-57.314445496,profile_from_transects_tahiti,C:\Users\nlafn\Documents\GitHub\ReefPassages\data\data_for_transects\profile_from_transects_tahiti.geojson
"413","225",0.0036038068,58.178057599,-149.29628005,-17.604105823,-57.062778473,profile_from_transects_tahiti,C:\Users\nlafn\Documents\GitHub\ReefPassages\data\data_for_transects\profile_from_transects_tahiti.geojson
"413","226",0.0038040183,60.361948904,-149.29628925,-17.604305823,-54.878887177,profile_from_transects_tahiti,C:\Users\nlafn\Documents\GitHub\ReefPassages\data\data_for_transects\profile_from_transects_tahiti.geojson
"413","227",0.0040042298,69.547503411,-149.29629845,-17.604505823,-45.693332672,profile_from_transects_tahiti,C:\Users\nlafn\Documents\GitHub\ReefPassages\data\data_for_transects\profile_from_transects_tahiti.geojson
"413","228",0.0042044413,83.38278097,-149.29630765,-17.604705823,-31.858055115,profile_from_transects_tahiti,C:\Users\nlafn\Documents\GitHub\ReefPassages\data\data_for_transects\profile_from_transects_tahiti.geojson
"413","229",0.0044046527,91.021113339,-149.29631685,-17.604905823,-24.219722748,profile_from_transects_tahiti,C:\Users\nlafn\Documents\GitHub\ReefPassages\data\data_for_transects\profile_from_transects_tahiti.geojson
"413","230",0.0046048642,91.462223996,-149.29632605,-17.605105823,-23.778612137,profile_from_transects_tahiti,C:\Users\nlafn\Documents\GitHub\ReefPassages\data\data_for_transects\profile_from_transects_tahiti.geojson
"413","231",0.0048050757,95.753334993,-149.29633525,-17.605305823,-28.069723129,profile_from_transects_tahiti,C:\Users\nlafn\Documents\GitHub\ReefPassages\data\data_for_transects\profile_from_transects_tahiti.geojson
"413","232",0.0050052872,97.601389889,-149.29634445,-17.605505823,-29.917778015,profile_from_transects_tahiti,C:\Users\nlafn\Documents\GitHub\ReefPassages\data\data_for_transects\profile_from_transects_tahiti.geojson
"413","233",0.0052054987,101.41555692,-149.29635365,-17.605705823,-26.103610992,profile_from_transects_tahiti,C:\Users\nlafn\Documents\GitHub\ReefPassages\data\data_for_transects\profile_from_transects_tahiti.geojson
"413","234",0.0054057102,111.61777879,-149.29636285,-17.605905823,-15.901389122,profile_from_transects_tahiti,C:\Users\nlafn\Documents\GitHub\ReefPassages\data\data_for_transects\profile_from_transects_tahiti.geojson
"413","235",0.0056059217,121.61972333,-149.29637205,-17.606105823,-5.8994445801,profile_from_transects_tahiti,C:\Users\nlafn\Documents\GitHub\ReefPassages\data\data_for_transects\profile_from_transects_tahiti.geojson
"413","236",0.0058061332,125.13139011,-149.29638125,-17.606305823,-2.3877778053,profile_from_transects_tahiti,C:\Users\nlafn\Documents\GitHub\ReefPassages\data\data_for_transects\profile_from_transects_tahiti.geojson
"413","237",0.0060063446,126.27000133,-149.29639045,-17.606505823,-1.2491666079,profile_from_transects_tahiti,C:\Users\nlafn\Documents\GitHub\ReefPassages\data\data_for_transects\profile_from_transects_tahiti.geojson
"413","238",0.0062065561,127.43305684,-149.29639965,-17.606705823,-0.0861111134,profile_from_transects_tahiti,C:\Users\nlafn\Documents\GitHub\ReefPassages\data\data_for_transects\profile_from_transects_tahiti.geojson
"413","239",0.0064067676,127.88666798,-149.29640885,-17.606905823,0.3674999774,profile_from_transects_tahiti,C:\Users\nlafn\Documents\GitHub\ReefPassages\data\data_for_transects\profile_from_transects_tahiti.geojson
"413","240",0.0066069791,128.10639031,-149.29641805,-17.607105823,0.5872222185,profile_from_transects_tahiti,C:\Users\nlafn\Documents\GitHub\ReefPassages\data\data_for_transects\profile_from_transects_tahiti.geojson
"412","241",0,0,-149.30949303,-17.639464227,-3.4088888168,profile_from_transects_tahiti,C:\Users\nlafn\Documents\GitHub\ReefPassages\data\data_for_transects\profile_from_transects_tahiti.geojson
"412","242",0.0002597177,2.7994446875,-149.30932734,-17.639264227,-6.2083334923,profile_from_transects_tahiti,C:\Users\nlafn\Documents\GitHub\ReefPassages\data\data_for_transects\profile_from_transects_tahiti.geojson
"412","243",0.0005194355,6.2191667776,-149.30916165,-17.639064227,-9.6280555725,profile_from_transects_tahiti,C:\Users\nlafn\Documents\GitHub\ReefPassages\data\data_for_transects\profile_from_transects_tahiti.geojson
"412","244",0.0007791532,6.6049996516,-149.30899596,-17.638864227,-10.013888359,profile_from_transects_tahiti,C:\Users\nlafn\Documents\GitHub\ReefPassages\data\data_for_transects\profile_from_transects_tahiti.geojson
"410","245",0,0,-149.29658004,-17.707037963,0.1905555576,profile_from_transects_tahiti,C:\Users\nlafn\Documents\GitHub\ReefPassages\data\data_for_transects\profile_from_transects_tahiti.geojson
"410","246",0.0002213373,1.431666734,-149.29648522,-17.707237963,-1.2411111593,profile_from_transects_tahiti,C:\Users\nlafn\Documents\GitHub\ReefPassages\data\data_for_transects\profile_from_transects_tahiti.geojson
"410","247",0.0004426746,3.9005556228,-149.29639041,-17.707437963,-3.7100000381,profile_from_transects_tahiti,C:\Users\nlafn\Documents\GitHub\ReefPassages\data\data_for_transects\profile_from_transects_tahiti.geojson
"410","248",0.0006640119,4.4991665417,-149.29629559,-17.707637963,-4.3086109161,profile_from_transects_tahiti,C:\Users\nlafn\Documents\GitHub\ReefPassages\data\data_for_transects\profile_from_transects_tahiti.geojson
"410","249",0.0008853492,7.6316667212,-149.29620077,-17.707837963,-7.4411110878,profile_from_transects_tahiti,C:\Users\nlafn\Documents\GitHub\ReefPassages\data\data_for_transects\profile_from_transects_tahiti.geojson
"410","250",0.0011066865,17.203332964,-149.29610596,-17.708037963,-17.012777328,profile_from_transects_tahiti,C:\Users\nlafn\Documents\GitHub\ReefPassages\data\data_for_transects\profile_from_transects_tahiti.geojson
"410","251",0.0013280239,27.546945638,-149.29601114,-17.708237963,-27.356389999,profile_from_transects_tahiti,C:\Users\nlafn\Documents\GitHub\ReefPassages\data\data_for_transects\profile_from_transects_tahiti.geojson
"410","252",0.0015493612,27.777502232,-149.29591632,-17.708437963,-27.125833511,profile_from_transects_tahiti,C:\Users\nlafn\Documents\GitHub\ReefPassages\data\data_for_transects\profile_from_transects_tahiti.geojson
"410","253",0.0017706985,32.943891702,-149.29582151,-17.708637963,-21.959444046,profile_from_transects_tahiti,C:\Users\nlafn\Documents\GitHub\ReefPassages\data\data_for_transects\profile_from_transects_tahiti.geojson
"410","254",0.0019920358,34.773058128,-149.29572669,-17.708837963,-20.130277634,profile_from_transects_tahiti,C:\Users\nlafn\Documents\GitHub\ReefPassages\data\data_for_transects\profile_from_transects_tahiti.geojson
"410","255",0.0022133731,35.631391744,-149.29563187,-17.709037963,-19.271944046,profile_from_transects_tahiti,C:\Users\nlafn\Documents\GitHub\ReefPassages\data\data_for_transects\profile_from_transects_tahiti.geojson
"410","256",0.0024347104,36.389724982,-149.29553706,-17.709237963,-20.030277252,profile_from_transects_tahiti,C:\Users\nlafn\Documents\GitHub\ReefPassages\data\data_for_transects\profile_from_transects_tahiti.geojson
"410","257",0.0026560477,37.249170583,-149.29544224,-17.709437963,-20.889722824,profile_from_transects_tahiti,C:\Users\nlafn\Documents\GitHub\ReefPassages\data\data_for_transects\profile_from_transects_tahiti.geojson
"410","258",0.002877385,41.061394024,-149.29534742,-17.709637963,-17.07749939,profile_from_transects_tahiti,C:\Users\nlafn\Documents\GitHub\ReefPassages\data\data_for_transects\profile_from_transects_tahiti.geojson
"410","259",0.0030987223,46.107226663,-149.29525261,-17.709837963,-12.031666756,profile_from_transects_tahiti,C:\Users\nlafn\Documents\GitHub\ReefPassages\data\data_for_transects\profile_from_transects_tahiti.geojson
"410","260",0.0033200596,46.323337959,-149.29515779,-17.710037963,-11.815555573,profile_from_transects_tahiti,C:\Users\nlafn\Documents\GitHub\ReefPassages\data\data_for_transects\profile_from_transects_tahiti.geojson
"410","261",0.0035413969,49.92778247,-149.29506297,-17.710237963,-15.420000076,profile_from_transects_tahiti,C:\Users\nlafn\Documents\GitHub\ReefPassages\data\data_for_transects\profile_from_transects_tahiti.geojson
"410","262",0.0037627342,56.616949496,-149.29496816,-17.710437963,-22.109167099,profile_from_transects_tahiti,C:\Users\nlafn\Documents\GitHub\ReefPassages\data\data_for_transects\profile_from_transects_tahiti.geojson
"410","263",0.0039840716,57.31306121,-149.29487334,-17.710637963,-22.805278778,profile_from_transects_tahiti,C:\Users\nlafn\Documents\GitHub\ReefPassages\data\data_for_transects\profile_from_transects_tahiti.geojson
"410","264",0.0042054089,60.221394043,-149.29477852,-17.710837963,-25.713611603,profile_from_transects_tahiti,C:\Users\nlafn\Documents\GitHub\ReefPassages\data\data_for_transects\profile_from_transects_tahiti.geojson
"410","265",0.0044267462,61.91917276,-149.29468371,-17.711037963,-24.015832901,profile_from_transects_tahiti,C:\Users\nlafn\Documents\GitHub\ReefPassages\data\data_for_transects\profile_from_transects_tahiti.geojson
"410","266",0.0046480835,64.766394143,-149.29458889,-17.711237963,-21.168611526,profile_from_transects_tahiti,C:\Users\nlafn\Documents\GitHub\ReefPassages\data\data_for_transects\profile_from_transects_tahiti.geojson
"410","267",0.0048694208,76.7980609,-149.29449407,-17.711437963,-9.1369447708,profile_from_transects_tahiti,C:\Users\nlafn\Documents\GitHub\ReefPassages\data\data_for_transects\profile_from_transects_tahiti.geojson
"410","268",0.0050907581,77.973894623,-149.29439926,-17.711637963,-7.9611110687,profile_from_transects_tahiti,C:\Users\nlafn\Documents\GitHub\ReefPassages\data\data_for_transects\profile_from_transects_tahiti.geojson
"410","269",0.0053120954,78.442783435,-149.29430444,-17.711837963,-7.4922223091,profile_from_transects_tahiti,C:\Users\nlafn\Documents\GitHub\ReefPassages\data\data_for_transects\profile_from_transects_tahiti.geojson
"410","270",0.0055334327,79.553617102,-149.29420962,-17.712037963,-6.3813886642,profile_from_transects_tahiti,C:\Users\nlafn\Documents\GitHub\ReefPassages\data\data_for_transects\profile_from_transects_tahiti.geojson
"410","271",0.00575477,79.758617145,-149.29411481,-17.712237963,-6.586388588,profile_from_transects_tahiti,C:\Users\nlafn\Documents\GitHub\ReefPassages\data\data_for_transects\profile_from_transects_tahiti.geojson
"409","272",0,0,-149.25520108,-17.723625594,-8.3724994659,profile_from_transects_tahiti,C:\Users\nlafn\Documents\GitHub\ReefPassages\data\data_for_transects\profile_from_transects_tahiti.geojson
"409","273",0.0002066314,1.1447229572,-149.25500108,-17.723677522,-9.5172224045,profile_from_transects_tahiti,C:\Users\nlafn\Documents\GitHub\ReefPassages\data\data_for_transects\profile_from_transects_tahiti.geojson
"409","274",0.0004132627,4.8341675049,-149.25480108,-17.72372945,-13.206666946,profile_from_transects_tahiti,C:\Users\nlafn\Documents\GitHub\ReefPassages\data\data_for_transects\profile_from_transects_tahiti.geojson
"409","275",0.0006198941,9.6480560591,-149.25460108,-17.723781378,-18.020555496,profile_from_transects_tahiti,C:\Users\nlafn\Documents\GitHub\ReefPassages\data\data_for_transects\profile_from_transects_tahiti.geojson
"409","276",0.0008265254,15.35694507,-149.25440108,-17.723833306,-23.729444504,profile_from_transects_tahiti,C:\Users\nlafn\Documents\GitHub\ReefPassages\data\data_for_transects\profile_from_transects_tahiti.geojson
"409","277",0.0010331568,21.035835302,-149.25420108,-17.723885234,-29.408334732,profile_from_transects_tahiti,C:\Users\nlafn\Documents\GitHub\ReefPassages\data\data_for_transects\profile_from_transects_tahiti.geojson
"409","278",0.0012397882,29.588056603,-149.25400108,-17.723937162,-37.96055603,profile_from_transects_tahiti,C:\Users\nlafn\Documents\GitHub\ReefPassages\data\data_for_transects\profile_from_transects_tahiti.geojson
"409","279",0.0014464195,31.434999516,-149.25380108,-17.72398909,-39.807498932,profile_from_transects_tahiti,C:\Users\nlafn\Documents\GitHub\ReefPassages\data\data_for_transects\profile_from_transects_tahiti.geojson
"409","280",0.0016530509,34.874166545,-149.25360108,-17.724041018,-36.368331909,profile_from_transects_tahiti,C:\Users\nlafn\Documents\GitHub\ReefPassages\data\data_for_transects\profile_from_transects_tahiti.geojson
"409","281",0.0018596822,45.566944181,-149.25340108,-17.724092946,-25.675554276,profile_from_transects_tahiti,C:\Users\nlafn\Documents\GitHub\ReefPassages\data\data_for_transects\profile_from_transects_tahiti.geojson
"409","282",0.0020663136,48.889997547,-149.25320108,-17.724144874,-22.352500916,profile_from_transects_tahiti,C:\Users\nlafn\Documents\GitHub\ReefPassages\data\data_for_transects\profile_from_transects_tahiti.geojson
"409","283",0.002272945,54.265831063,-149.25300108,-17.724196802,-16.976667404,profile_from_transects_tahiti,C:\Users\nlafn\Documents\GitHub\ReefPassages\data\data_for_transects\profile_from_transects_tahiti.geojson
"409","284",0.0024795763,55.255276771,-149.25280108,-17.72424873,-15.987221718,profile_from_transects_tahiti,C:\Users\nlafn\Documents\GitHub\ReefPassages\data\data_for_transects\profile_from_transects_tahiti.geojson
"407","285",0,0,-149.2471776,-17.727063272,-9.1758337021,profile_from_transects_tahiti,C:\Users\nlafn\Documents\GitHub\ReefPassages\data\data_for_transects\profile_from_transects_tahiti.geojson
"407","286",0.0002196096,0.4061117766,-149.2469776,-17.727153982,-8.7697219849,profile_from_transects_tahiti,C:\Users\nlafn\Documents\GitHub\ReefPassages\data\data_for_transects\profile_from_transects_tahiti.geojson
"407","287",0.0004392192,1.6722231695,-149.2467776,-17.727244693,-10.035833359,profile_from_transects_tahiti,C:\Users\nlafn\Documents\GitHub\ReefPassages\data\data_for_transects\profile_from_transects_tahiti.geojson
"407","288",0.0006588288,27.523333629,-149.2465776,-17.727335403,-35.886943817,profile_from_transects_tahiti,C:\Users\nlafn\Documents\GitHub\ReefPassages\data\data_for_transects\profile_from_transects_tahiti.geojson
"407","289",0.0008784384,38.993887983,-149.2463776,-17.727426113,-47.357498169,profile_from_transects_tahiti,C:\Users\nlafn\Documents\GitHub\ReefPassages\data\data_for_transects\profile_from_transects_tahiti.geojson
"407","290",0.001098048,51.800002181,-149.2461776,-17.727516824,-60.163612366,profile_from_transects_tahiti,C:\Users\nlafn\Documents\GitHub\ReefPassages\data\data_for_transects\profile_from_transects_tahiti.geojson
"407","291",0.0013176576,52.954447851,-149.2459776,-17.727607534,-59.009166718,profile_from_transects_tahiti,C:\Users\nlafn\Documents\GitHub\ReefPassages\data\data_for_transects\profile_from_transects_tahiti.geojson
"407","292",0.0015372672,58.408614267,-149.2457776,-17.727698244,-53.555000305,profile_from_transects_tahiti,C:\Users\nlafn\Documents\GitHub\ReefPassages\data\data_for_transects\profile_from_transects_tahiti.geojson
"407","293",0.0017568767,70.114447704,-149.2455776,-17.727788955,-41.84916687,profile_from_transects_tahiti,C:\Users\nlafn\Documents\GitHub\ReefPassages\data\data_for_transects\profile_from_transects_tahiti.geojson
"407","294",0.0019764863,77.133338089,-149.2453776,-17.727879665,-34.830276489,profile_from_transects_tahiti,C:\Users\nlafn\Documents\GitHub\ReefPassages\data\data_for_transects\profile_from_transects_tahiti.geojson
"407","295",0.0021960959,92.485837098,-149.2451776,-17.727970376,-19.477777481,profile_from_transects_tahiti,C:\Users\nlafn\Documents\GitHub\ReefPassages\data\data_for_transects\profile_from_transects_tahiti.geojson
"407","296",0.0024157055,102.05000317,-149.2449776,-17.728061086,-9.913611412,profile_from_transects_tahiti,C:\Users\nlafn\Documents\GitHub\ReefPassages\data\data_for_transects\profile_from_transects_tahiti.geojson
"407","297",0.0026353151,105.5808369,-149.2447776,-17.728151796,-6.3827776909,profile_from_transects_tahiti,C:\Users\nlafn\Documents\GitHub\ReefPassages\data\data_for_transects\profile_from_transects_tahiti.geojson
"408","298",0,0,-149.24238488,-17.728198039,-8.30027771,profile_from_transects_tahiti,C:\Users\nlafn\Documents\GitHub\ReefPassages\data\data_for_transects\profile_from_transects_tahiti.geojson
"408","299",0.0002000074,1.3552780299,-149.24218488,-17.72819976,-9.6555557251,profile_from_transects_tahiti,C:\Users\nlafn\Documents\GitHub\ReefPassages\data\data_for_transects\profile_from_transects_tahiti.geojson
"408","300",0.0004000148,5.1069450579,-149.24198488,-17.728201482,-13.407222748,profile_from_transects_tahiti,C:\Users\nlafn\Documents\GitHub\ReefPassages\data\data_for_transects\profile_from_transects_tahiti.geojson
"408","301",0.0006000222,13.428333305,-149.24178488,-17.728203203,-21.728610992,profile_from_transects_tahiti,C:\Users\nlafn\Documents\GitHub\ReefPassages\data\data_for_transects\profile_from_transects_tahiti.geojson
"408","302",0.0008000296,22.55500033,-149.24158488,-17.728204924,-30.855278015,profile_from_transects_tahiti,C:\Users\nlafn\Documents\GitHub\ReefPassages\data\data_for_transects\profile_from_transects_tahiti.geojson
"408","303",0.001000037,28.066112547,-149.24138488,-17.728206645,-36.366390228,profile_from_transects_tahiti,C:\Users\nlafn\Documents\GitHub\ReefPassages\data\data_for_transects\profile_from_transects_tahiti.geojson
"408","304",0.0012000444,31.070278203,-149.24118488,-17.728208366,-39.370555878,profile_from_transects_tahiti,C:\Users\nlafn\Documents\GitHub\ReefPassages\data\data_for_transects\profile_from_transects_tahiti.geojson
"408","305",0.0014000518,33.034168289,-149.24098488,-17.728210087,-41.334445953,profile_from_transects_tahiti,C:\Users\nlafn\Documents\GitHub\ReefPassages\data\data_for_transects\profile_from_transects_tahiti.geojson
"408","306",0.0016000592,35.84000402,-149.24078488,-17.728211809,-38.528610229,profile_from_transects_tahiti,C:\Users\nlafn\Documents\GitHub\ReefPassages\data\data_for_transects\profile_from_transects_tahiti.geojson
"408","307",0.0018000667,43.421669061,-149.24058488,-17.72821353,-30.94694519,profile_from_transects_tahiti,C:\Users\nlafn\Documents\GitHub\ReefPassages\data\data_for_transects\profile_from_transects_tahiti.geojson
"408","308",0.0020000741,44.998891898,-149.24038488,-17.728215251,-29.369722366,profile_from_transects_tahiti,C:\Users\nlafn\Documents\GitHub\ReefPassages\data\data_for_transects\profile_from_transects_tahiti.geojson
"408","309",0.0022000815,47.062225419,-149.24018488,-17.728216972,-31.433055878,profile_from_transects_tahiti,C:\Users\nlafn\Documents\GitHub\ReefPassages\data\data_for_transects\profile_from_transects_tahiti.geojson
"408","310",0.0024000889,48.747779935,-149.23998488,-17.728218693,-33.118610382,profile_from_transects_tahiti,C:\Users\nlafn\Documents\GitHub\ReefPassages\data\data_for_transects\profile_from_transects_tahiti.geojson
"408","311",0.0026000963,49.153614183,-149.23978488,-17.728220414,-33.52444458,profile_from_transects_tahiti,C:\Users\nlafn\Documents\GitHub\ReefPassages\data\data_for_transects\profile_from_transects_tahiti.geojson
"408","312",0.0028001037,54.55694785,-149.23958488,-17.728222136,-28.121110916,profile_from_transects_tahiti,C:\Users\nlafn\Documents\GitHub\ReefPassages\data\data_for_transects\profile_from_transects_tahiti.geojson
"408","313",0.0030001111,64.965004111,-149.23938488,-17.728223857,-17.713054657,profile_from_transects_tahiti,C:\Users\nlafn\Documents\GitHub\ReefPassages\data\data_for_transects\profile_from_transects_tahiti.geojson
"408","314",0.0032001185,72.083892015,-149.23918488,-17.728225578,-10.594166756,profile_from_transects_tahiti,C:\Users\nlafn\Documents\GitHub\ReefPassages\data\data_for_transects\profile_from_transects_tahiti.geojson
"408","315",0.0034001259,75.276947651,-149.23898488,-17.728227299,-7.4011111259,profile_from_transects_tahiti,C:\Users\nlafn\Documents\GitHub\ReefPassages\data\data_for_transects\profile_from_transects_tahiti.geojson
"408","316",0.0036001333,79.399447599,-149.23878488,-17.72822902,-3.2786111832,profile_from_transects_tahiti,C:\Users\nlafn\Documents\GitHub\ReefPassages\data\data_for_transects\profile_from_transects_tahiti.geojson
"408","317",0.0038001407,82.290836529,-149.23858488,-17.728230741,-0.3872222602,profile_from_transects_tahiti,C:\Users\nlafn\Documents\GitHub\ReefPassages\data\data_for_transects\profile_from_transects_tahiti.geojson
"406","318",0,0,-149.23135761,-17.730027017,-0.1183333248,profile_from_transects_tahiti,C:\Users\nlafn\Documents\GitHub\ReefPassages\data\data_for_transects\profile_from_transects_tahiti.geojson
"406","319",0.0002319509,4.2033333991,-149.23115761,-17.730144496,-4.3216667175,profile_from_transects_tahiti,C:\Users\nlafn\Documents\GitHub\ReefPassages\data\data_for_transects\profile_from_transects_tahiti.geojson
"406","320",0.0004639017,5.5349998889,-149.23095761,-17.730261974,-5.6533331871,profile_from_transects_tahiti,C:\Users\nlafn\Documents\GitHub\ReefPassages\data\data_for_transects\profile_from_transects_tahiti.geojson
"406","321",0.0006958526,9.8680558682,-149.23075761,-17.730379453,-9.9863891602,profile_from_transects_tahiti,C:\Users\nlafn\Documents\GitHub\ReefPassages\data\data_for_transects\profile_from_transects_tahiti.geojson
"406","322",0.0009278034,12.431944905,-149.23055761,-17.730496931,-7.4225001335,profile_from_transects_tahiti,C:\Users\nlafn\Documents\GitHub\ReefPassages\data\data_for_transects\profile_from_transects_tahiti.geojson
"406","323",0.0011597543,13.073333364,-149.23035761,-17.73061441,-8.0638885498,profile_from_transects_tahiti,C:\Users\nlafn\Documents\GitHub\ReefPassages\data\data_for_transects\profile_from_transects_tahiti.geojson
"406","324",0.0013917051,15.151667231,-149.23015761,-17.730731889,-10.142222404,profile_from_transects_tahiti,C:\Users\nlafn\Documents\GitHub\ReefPassages\data\data_for_transects\profile_from_transects_tahiti.geojson
"406","325",0.001623656,17.947222832,-149.22995761,-17.730849367,-7.3466668129,profile_from_transects_tahiti,C:\Users\nlafn\Documents\GitHub\ReefPassages\data\data_for_transects\profile_from_transects_tahiti.geojson
"406","326",0.0018556069,18.063612338,-149.22975761,-17.730966846,-7.2302775383,profile_from_transects_tahiti,C:\Users\nlafn\Documents\GitHub\ReefPassages\data\data_for_transects\profile_from_transects_tahiti.geojson
"406","327",0.0020875577,20.045278917,-149.22955761,-17.731084324,-5.2486109734,profile_from_transects_tahiti,C:\Users\nlafn\Documents\GitHub\ReefPassages\data\data_for_transects\profile_from_transects_tahiti.geojson
"406","328",0.0023195086,22.180556677,-149.22935761,-17.731201803,-3.1133332253,profile_from_transects_tahiti,C:\Users\nlafn\Documents\GitHub\ReefPassages\data\data_for_transects\profile_from_transects_tahiti.geojson
"406","329",0.0025514594,22.704445793,-149.22915761,-17.731319281,-3.63722229,profile_from_transects_tahiti,C:\Users\nlafn\Documents\GitHub\ReefPassages\data\data_for_transects\profile_from_transects_tahiti.geojson
"405","330",0,0,-149.21336821,-17.736448466,0.3725000024,profile_from_transects_tahiti,C:\Users\nlafn\Documents\GitHub\ReefPassages\data\data_for_transects\profile_from_transects_tahiti.geojson
"405","331",0.0002038368,0.0477782068,-149.21316821,-17.736487829,0.3247222304,profile_from_transects_tahiti,C:\Users\nlafn\Documents\GitHub\ReefPassages\data\data_for_transects\profile_from_transects_tahiti.geojson
"405","332",0.0004076735,1.2880559907,-149.21296821,-17.736527192,-0.9155555368,profile_from_transects_tahiti,C:\Users\nlafn\Documents\GitHub\ReefPassages\data\data_for_transects\profile_from_transects_tahiti.geojson
"405","333",0.0006115103,4.1369448124,-149.21276821,-17.736566555,-3.7644443512,profile_from_transects_tahiti,C:\Users\nlafn\Documents\GitHub\ReefPassages\data\data_for_transects\profile_from_transects_tahiti.geojson
"405","334",0.000815347,9.8852777933,-149.21256821,-17.736605917,-9.5127773285,profile_from_transects_tahiti,C:\Users\nlafn\Documents\GitHub\ReefPassages\data\data_for_transects\profile_from_transects_tahiti.geojson
"405","335",0.0010191838,18.56027894,-149.21236821,-17.73664528,-18.187778473,profile_from_transects_tahiti,C:\Users\nlafn\Documents\GitHub\ReefPassages\data\data_for_transects\profile_from_transects_tahiti.geojson
"405","336",0.0012230205,28.961112072,-149.21216821,-17.736684643,-28.588611603,profile_from_transects_tahiti,C:\Users\nlafn\Documents\GitHub\ReefPassages\data\data_for_transects\profile_from_transects_tahiti.geojson
"405","337",0.0014268573,37.993613295,-149.21196821,-17.736724005,-37.621112823,profile_from_transects_tahiti,C:\Users\nlafn\Documents\GitHub\ReefPassages\data\data_for_transects\profile_from_transects_tahiti.geojson
"405","338",0.001630694,44.590834673,-149.21176821,-17.736763368,-44.218334198,profile_from_transects_tahiti,C:\Users\nlafn\Documents\GitHub\ReefPassages\data\data_for_transects\profile_from_transects_tahiti.geojson
"405","339",0.0018345308,53.958888111,-149.21156821,-17.736802731,-53.586387634,profile_from_transects_tahiti,C:\Users\nlafn\Documents\GitHub\ReefPassages\data\data_for_transects\profile_from_transects_tahiti.geojson
"405","340",0.0020383675,66.743334829,-149.21136821,-17.736842093,-66.370834351,profile_from_transects_tahiti,C:\Users\nlafn\Documents\GitHub\ReefPassages\data\data_for_transects\profile_from_transects_tahiti.geojson
"405","341",0.0022422043,77.82499987,-149.21116821,-17.736881456,-77.45249939,profile_from_transects_tahiti,C:\Users\nlafn\Documents\GitHub\ReefPassages\data\data_for_transects\profile_from_transects_tahiti.geojson
"405","342",0.002446041,84.31583697,-149.21096821,-17.736920819,-83.943336487,profile_from_transects_tahiti,C:\Users\nlafn\Documents\GitHub\ReefPassages\data\data_for_transects\profile_from_transects_tahiti.geojson
"405","343",0.0026498778,87.382502627,-149.21076821,-17.736960182,-87.010002136,profile_from_transects_tahiti,C:\Users\nlafn\Documents\GitHub\ReefPassages\data\data_for_transects\profile_from_transects_tahiti.geojson
"405","344",0.0028537145,88.021945103,-149.21056821,-17.736999544,-87.64944458,profile_from_transects_tahiti,C:\Users\nlafn\Documents\GitHub\ReefPassages\data\data_for_transects\profile_from_transects_tahiti.geojson
"405","345",0.0030575513,88.492777972,-149.21036821,-17.737038907,-88.120277405,profile_from_transects_tahiti,C:\Users\nlafn\Documents\GitHub\ReefPassages\data\data_for_transects\profile_from_transects_tahiti.geojson
"405","346",0.0032613881,88.850001541,-149.21016821,-17.73707827,-87.763053894,profile_from_transects_tahiti,C:\Users\nlafn\Documents\GitHub\ReefPassages\data\data_for_transects\profile_from_transects_tahiti.geojson
"405","347",0.0034652248,93.078334065,-149.20996821,-17.737117632,-83.534721375,profile_from_transects_tahiti,C:\Users\nlafn\Documents\GitHub\ReefPassages\data\data_for_transects\profile_from_transects_tahiti.geojson
"405","348",0.0036690616,96.479724147,-149.20976821,-17.737156995,-80.133331299,profile_from_transects_tahiti,C:\Users\nlafn\Documents\GitHub\ReefPassages\data\data_for_transects\profile_from_transects_tahiti.geojson
"405","349",0.0038728983,100.64472507,-149.20956821,-17.737196358,-75.968330383,profile_from_transects_tahiti,C:\Users\nlafn\Documents\GitHub\ReefPassages\data\data_for_transects\profile_from_transects_tahiti.geojson
"405","350",0.0040767351,105.55888675,-149.20936821,-17.73723572,-71.054168701,profile_from_transects_tahiti,C:\Users\nlafn\Documents\GitHub\ReefPassages\data\data_for_transects\profile_from_transects_tahiti.geojson
"405","351",0.0042805718,110.85555576,-149.20916821,-17.737275083,-65.757499695,profile_from_transects_tahiti,C:\Users\nlafn\Documents\GitHub\ReefPassages\data\data_for_transects\profile_from_transects_tahiti.geojson
"405","352",0.0044844086,118.88944554,-149.20896821,-17.737314446,-57.723609924,profile_from_transects_tahiti,C:\Users\nlafn\Documents\GitHub\ReefPassages\data\data_for_transects\profile_from_transects_tahiti.geojson
"405","353",0.0046882453,126.43055653,-149.20876821,-17.737353809,-50.182498932,profile_from_transects_tahiti,C:\Users\nlafn\Documents\GitHub\ReefPassages\data\data_for_transects\profile_from_transects_tahiti.geojson
"405","354",0.0048920821,131.68194509,-149.20856821,-17.737393171,-44.931110382,profile_from_transects_tahiti,C:\Users\nlafn\Documents\GitHub\ReefPassages\data\data_for_transects\profile_from_transects_tahiti.geojson
"405","355",0.0050959188,136.61110998,-149.20836821,-17.737432534,-40.001945496,profile_from_transects_tahiti,C:\Users\nlafn\Documents\GitHub\ReefPassages\data\data_for_transects\profile_from_transects_tahiti.geojson
"405","356",0.0052997556,138.73861243,-149.20816821,-17.737471897,-37.874443054,profile_from_transects_tahiti,C:\Users\nlafn\Documents\GitHub\ReefPassages\data\data_for_transects\profile_from_transects_tahiti.geojson
"405","357",0.0055035923,140.79778221,-149.20796821,-17.737511259,-39.933612823,profile_from_transects_tahiti,C:\Users\nlafn\Documents\GitHub\ReefPassages\data\data_for_transects\profile_from_transects_tahiti.geojson
"405","358",0.0057074291,141.43472987,-149.20776821,-17.737550622,-39.296665192,profile_from_transects_tahiti,C:\Users\nlafn\Documents\GitHub\ReefPassages\data\data_for_transects\profile_from_transects_tahiti.geojson
"405","359",0.0059112659,145.79972774,-149.20756821,-17.737589985,-34.931667328,profile_from_transects_tahiti,C:\Users\nlafn\Documents\GitHub\ReefPassages\data\data_for_transects\profile_from_transects_tahiti.geojson
"405","360",0.0061151026,152.71111805,-149.20736821,-17.737629347,-28.020277023,profile_from_transects_tahiti,C:\Users\nlafn\Documents\GitHub\ReefPassages\data\data_for_transects\profile_from_transects_tahiti.geojson
"405","361",0.0063189394,160.36945088,-149.20716821,-17.73766871,-20.361944199,profile_from_transects_tahiti,C:\Users\nlafn\Documents\GitHub\ReefPassages\data\data_for_transects\profile_from_transects_tahiti.geojson
"405","362",0.0065227761,162.89611752,-149.20696821,-17.737708073,-17.835277557,profile_from_transects_tahiti,C:\Users\nlafn\Documents\GitHub\ReefPassages\data\data_for_transects\profile_from_transects_tahiti.geojson
"405","363",0.0067266129,172.93528398,-149.20676821,-17.737747436,-7.7961111069,profile_from_transects_tahiti,C:\Users\nlafn\Documents\GitHub\ReefPassages\data\data_for_transects\profile_from_transects_tahiti.geojson
"405","364",0.0069304496,180.09917291,-149.20656821,-17.737786798,-0.6322221756,profile_from_transects_tahiti,C:\Users\nlafn\Documents\GitHub\ReefPassages\data\data_for_transects\profile_from_transects_tahiti.geojson
"405","365",0.0071342864,181.25583957,-149.20636821,-17.737826161,0.5244444609,profile_from_transects_tahiti,C:\Users\nlafn\Documents\GitHub\ReefPassages\data\data_for_transects\profile_from_transects_tahiti.geojson
"404","366",0,0,-149.17520664,-17.747649289,0.2661111057,profile_from_transects_tahiti,C:\Users\nlafn\Documents\GitHub\ReefPassages\data\data_for_transects\profile_from_transects_tahiti.geojson
"404","367",0.0002038704,1.7361111463,-149.17500664,-17.747609753,-1.4700000286,profile_from_transects_tahiti,C:\Users\nlafn\Documents\GitHub\ReefPassages\data\data_for_transects\profile_from_transects_tahiti.geojson
"404","368",0.0004077408,5.4722220775,-149.17480664,-17.747570216,-5.2061109543,profile_from_transects_tahiti,C:\Users\nlafn\Documents\GitHub\ReefPassages\data\data_for_transects\profile_from_transects_tahiti.geojson
"404","369",0.0006116113,9.7738883421,-149.17460664,-17.747530679,-9.5077772141,profile_from_transects_tahiti,C:\Users\nlafn\Documents\GitHub\ReefPassages\data\data_for_transects\profile_from_transects_tahiti.geojson
"404","370",0.0008154817,13.192777394,-149.17440664,-17.747491142,-12.92666626,profile_from_transects_tahiti,C:\Users\nlafn\Documents\GitHub\ReefPassages\data\data_for_transects\profile_from_transects_tahiti.geojson
"404","371",0.0010193521,23.83388877,-149.17420664,-17.747451606,-23.567777634,profile_from_transects_tahiti,C:\Users\nlafn\Documents\GitHub\ReefPassages\data\data_for_transects\profile_from_transects_tahiti.geojson
"404","372",0.0012232225,35.362222435,-149.17400664,-17.747412069,-35.096111298,profile_from_transects_tahiti,C:\Users\nlafn\Documents\GitHub\ReefPassages\data\data_for_transects\profile_from_transects_tahiti.geojson
"404","373",0.001427093,43.8830545,-149.17380664,-17.747372532,-43.616943359,profile_from_transects_tahiti,C:\Users\nlafn\Documents\GitHub\ReefPassages\data\data_for_transects\profile_from_transects_tahiti.geojson
"404","374",0.0016309634,48.725553283,-149.17360664,-17.747332996,-48.459442139,profile_from_transects_tahiti,C:\Users\nlafn\Documents\GitHub\ReefPassages\data\data_for_transects\profile_from_transects_tahiti.geojson
"404","375",0.0018348338,53.251390232,-149.17340664,-17.747293459,-52.985279083,profile_from_transects_tahiti,C:\Users\nlafn\Documents\GitHub\ReefPassages\data\data_for_transects\profile_from_transects_tahiti.geojson
"404","376",0.0020387042,56.767221232,-149.17320664,-17.747253922,-56.501110077,profile_from_transects_tahiti,C:\Users\nlafn\Documents\GitHub\ReefPassages\data\data_for_transects\profile_from_transects_tahiti.geojson
"404","377",0.0022425746,59.461667803,-149.17300664,-17.747214386,-59.195556641,profile_from_transects_tahiti,C:\Users\nlafn\Documents\GitHub\ReefPassages\data\data_for_transects\profile_from_transects_tahiti.geojson
"404","378",0.0024464451,61.888055599,-149.17280664,-17.747174849,-61.621944427,profile_from_transects_tahiti,C:\Users\nlafn\Documents\GitHub\ReefPassages\data\data_for_transects\profile_from_transects_tahiti.geojson
"404","379",0.0026503155,64.232499883,-149.17260664,-17.747135312,-63.966388702,profile_from_transects_tahiti,C:\Users\nlafn\Documents\GitHub\ReefPassages\data\data_for_transects\profile_from_transects_tahiti.geojson
"404","380",0.0028541859,67.935560038,-149.17240664,-17.747095776,-67.669448853,profile_from_transects_tahiti,C:\Users\nlafn\Documents\GitHub\ReefPassages\data\data_for_transects\profile_from_transects_tahiti.geojson
"404","381",0.0030580563,69.84444219,-149.17220664,-17.747056239,-69.578330994,profile_from_transects_tahiti,C:\Users\nlafn\Documents\GitHub\ReefPassages\data\data_for_transects\profile_from_transects_tahiti.geojson
"404","382",0.0032619268,72.415281127,-149.17200664,-17.747016702,-72.149169922,profile_from_transects_tahiti,C:\Users\nlafn\Documents\GitHub\ReefPassages\data\data_for_transects\profile_from_transects_tahiti.geojson
"404","383",0.0034657972,75.448613958,-149.17180664,-17.746977166,-75.182502747,profile_from_transects_tahiti,C:\Users\nlafn\Documents\GitHub\ReefPassages\data\data_for_transects\profile_from_transects_tahiti.geojson
"404","384",0.0036696676,78.402219617,-149.17160664,-17.746937629,-78.136108398,profile_from_transects_tahiti,C:\Users\nlafn\Documents\GitHub\ReefPassages\data\data_for_transects\profile_from_transects_tahiti.geojson
"404","385",0.003873538,81.943059772,-149.17140664,-17.746898092,-81.676948547,profile_from_transects_tahiti,C:\Users\nlafn\Documents\GitHub\ReefPassages\data\data_for_transects\profile_from_transects_tahiti.geojson
"404","386",0.0040774084,85.868886804,-149.17120664,-17.746858556,-85.602775574,profile_from_transects_tahiti,C:\Users\nlafn\Documents\GitHub\ReefPassages\data\data_for_transects\profile_from_transects_tahiti.geojson
"404","387",0.0042812789,91.053052762,-149.17100664,-17.746819019,-90.786941528,profile_from_transects_tahiti,C:\Users\nlafn\Documents\GitHub\ReefPassages\data\data_for_transects\profile_from_transects_tahiti.geojson
"404","388",0.0044851493,95.86588846,-149.17080664,-17.746779482,-95.599777222,profile_from_transects_tahiti,C:\Users\nlafn\Documents\GitHub\ReefPassages\data\data_for_transects\profile_from_transects_tahiti.geojson
"404","389",0.0046890197,98.085859172,-149.17060664,-17.746739946,-97.819747925,profile_from_transects_tahiti,C:\Users\nlafn\Documents\GitHub\ReefPassages\data\data_for_transects\profile_from_transects_tahiti.geojson
"404","390",0.0048928901,99.706807977,-149.17040664,-17.746700409,-99.440696716,profile_from_transects_tahiti,C:\Users\nlafn\Documents\GitHub\ReefPassages\data\data_for_transects\profile_from_transects_tahiti.geojson
"404","391",0.0050967606,100.00977893,-149.17020664,-17.746660872,-99.13772583,profile_from_transects_tahiti,C:\Users\nlafn\Documents\GitHub\ReefPassages\data\data_for_transects\profile_from_transects_tahiti.geojson
"404","392",0.005300631,101.68790242,-149.17000664,-17.746621336,-97.459602356,profile_from_transects_tahiti,C:\Users\nlafn\Documents\GitHub\ReefPassages\data\data_for_transects\profile_from_transects_tahiti.geojson
"404","393",0.0055045014,104.11722372,-149.16980664,-17.746581799,-95.030281067,profile_from_transects_tahiti,C:\Users\nlafn\Documents\GitHub\ReefPassages\data\data_for_transects\profile_from_transects_tahiti.geojson
"404","394",0.0057083718,109.48583792,-149.16960664,-17.746542262,-89.66166687,profile_from_transects_tahiti,C:\Users\nlafn\Documents\GitHub\ReefPassages\data\data_for_transects\profile_from_transects_tahiti.geojson
"404","395",0.0059122422,115.324728,-149.16940664,-17.746502725,-83.822776794,profile_from_transects_tahiti,C:\Users\nlafn\Documents\GitHub\ReefPassages\data\data_for_transects\profile_from_transects_tahiti.geojson
"404","396",0.0061161127,118.58056449,-149.16920664,-17.746463189,-80.566940308,profile_from_transects_tahiti,C:\Users\nlafn\Documents\GitHub\ReefPassages\data\data_for_transects\profile_from_transects_tahiti.geojson
"404","397",0.0063199831,121.78778648,-149.16900664,-17.746423652,-77.359718323,profile_from_transects_tahiti,C:\Users\nlafn\Documents\GitHub\ReefPassages\data\data_for_transects\profile_from_transects_tahiti.geojson
"404","398",0.0065238535,124.7811184,-149.16880664,-17.746384115,-74.366386414,profile_from_transects_tahiti,C:\Users\nlafn\Documents\GitHub\ReefPassages\data\data_for_transects\profile_from_transects_tahiti.geojson
"404","399",0.0067277239,128.65000726,-149.16860664,-17.746344579,-70.497497559,profile_from_transects_tahiti,C:\Users\nlafn\Documents\GitHub\ReefPassages\data\data_for_transects\profile_from_transects_tahiti.geojson
"404","400",0.0069315944,134.82583429,-149.16840664,-17.746305042,-64.321670532,profile_from_transects_tahiti,C:\Users\nlafn\Documents\GitHub\ReefPassages\data\data_for_transects\profile_from_transects_tahiti.geojson
"404","401",0.0071354648,136.84861567,-149.16820664,-17.746265505,-62.29888916,profile_from_transects_tahiti,C:\Users\nlafn\Documents\GitHub\ReefPassages\data\data_for_transects\profile_from_transects_tahiti.geojson
"404","402",0.0073393352,149.76472666,-149.16800664,-17.746225969,-49.382778168,profile_from_transects_tahiti,C:\Users\nlafn\Documents\GitHub\ReefPassages\data\data_for_transects\profile_from_transects_tahiti.geojson
"404","403",0.0075432056,162.42944911,-149.16780664,-17.746186432,-36.718055725,profile_from_transects_tahiti,C:\Users\nlafn\Documents\GitHub\ReefPassages\data\data_for_transects\profile_from_transects_tahiti.geojson
"404","404",0.007747076,173.41056064,-149.16760664,-17.746146895,-25.736944199,profile_from_transects_tahiti,C:\Users\nlafn\Documents\GitHub\ReefPassages\data\data_for_transects\profile_from_transects_tahiti.geojson
"404","405",0.0079509465,182.07222751,-149.16740664,-17.746107359,-17.075277328,profile_from_transects_tahiti,C:\Users\nlafn\Documents\GitHub\ReefPassages\data\data_for_transects\profile_from_transects_tahiti.geojson
"404","406",0.0081548169,186.79306034,-149.16720664,-17.746067822,-12.354444504,profile_from_transects_tahiti,C:\Users\nlafn\Documents\GitHub\ReefPassages\data\data_for_transects\profile_from_transects_tahiti.geojson
"404","407",0.0083586873,192.05750469,-149.16700664,-17.746028285,-7.0900001526,profile_from_transects_tahiti,C:\Users\nlafn\Documents\GitHub\ReefPassages\data\data_for_transects\profile_from_transects_tahiti.geojson
"404","408",0.0085625577,196.44139366,-149.16680664,-17.745988749,-2.7061111927,profile_from_transects_tahiti,C:\Users\nlafn\Documents\GitHub\ReefPassages\data\data_for_transects\profile_from_transects_tahiti.geojson
"404","409",0.0087664282,198.94028263,-149.16660664,-17.745949212,-0.2072222233,profile_from_transects_tahiti,C:\Users\nlafn\Documents\GitHub\ReefPassages\data\data_for_transects\profile_from_transects_tahiti.geojson
"403","410",0,0,-149.1460765,-17.753082823,0.6022222042,profile_from_transects_tahiti,C:\Users\nlafn\Documents\GitHub\ReefPassages\data\data_for_transects\profile_from_transects_tahiti.geojson
"403","411",0.0002686332,0.6216667074,-149.1458765,-17.753262166,-0.0194444451,profile_from_transects_tahiti,C:\Users\nlafn\Documents\GitHub\ReefPassages\data\data_for_transects\profile_from_transects_tahiti.geojson
"403","412",0.0005372665,3.0163889662,-149.1456765,-17.753441508,-2.4141666889,profile_from_transects_tahiti,C:\Users\nlafn\Documents\GitHub\ReefPassages\data\data_for_transects\profile_from_transects_tahiti.geojson
"403","413",0.0008058997,5.5563891807,-149.1454765,-17.753620851,-4.9541668892,profile_from_transects_tahiti,C:\Users\nlafn\Documents\GitHub\ReefPassages\data\data_for_transects\profile_from_transects_tahiti.geojson
"403","414",0.0010745329,5.8805560668,-149.1452765,-17.753800194,-5.2783336639,profile_from_transects_tahiti,C:\Users\nlafn\Documents\GitHub\ReefPassages\data\data_for_transects\profile_from_transects_tahiti.geojson
"403","415",0.0013431662,5.9033352082,-149.1450765,-17.753979537,-5.3011112213,profile_from_transects_tahiti,C:\Users\nlafn\Documents\GitHub\ReefPassages\data\data_for_transects\profile_from_transects_tahiti.geojson
"403","416",0.0016117994,6.3069464807,-149.1448765,-17.754158879,-5.7047224045,profile_from_transects_tahiti,C:\Users\nlafn\Documents\GitHub\ReefPassages\data\data_for_transects\profile_from_transects_tahiti.geojson
"403","417",0.0018804326,7.4136135551,-149.1446765,-17.754338222,-4.5980553627,profile_from_transects_tahiti,C:\Users\nlafn\Documents\GitHub\ReefPassages\data\data_for_transects\profile_from_transects_tahiti.geojson
"403","418",0.0021490658,8.2008359864,-149.1444765,-17.754517565,-5.3852777481,profile_from_transects_tahiti,C:\Users\nlafn\Documents\GitHub\ReefPassages\data\data_for_transects\profile_from_transects_tahiti.geojson
"403","419",0.0024176991,8.8825024135,-149.1442765,-17.754696907,-4.7036113739,profile_from_transects_tahiti,C:\Users\nlafn\Documents\GitHub\ReefPassages\data\data_for_transects\profile_from_transects_tahiti.geojson
"403","420",0.0026863323,9.4300021361,-149.1440765,-17.75487625,-5.2511110306,profile_from_transects_tahiti,C:\Users\nlafn\Documents\GitHub\ReefPassages\data\data_for_transects\profile_from_transects_tahiti.geojson
"403","421",0.0029549655,9.8875021959,-149.1438765,-17.755055593,-4.7936110497,profile_from_transects_tahiti,C:\Users\nlafn\Documents\GitHub\ReefPassages\data\data_for_transects\profile_from_transects_tahiti.geojson
"403","422",0.0032235988,10.804168743,-149.1436765,-17.755234936,-3.8769445419,profile_from_transects_tahiti,C:\Users\nlafn\Documents\GitHub\ReefPassages\data\data_for_transects\profile_from_transects_tahiti.geojson
"403","423",0.003492232,11.727779946,-149.1434765,-17.755414278,-2.9533333778,profile_from_transects_tahiti,C:\Users\nlafn\Documents\GitHub\ReefPassages\data\data_for_transects\profile_from_transects_tahiti.geojson
"403","424",0.0037608652,14.202779985,-149.1432765,-17.755593621,-0.478333354,profile_from_transects_tahiti,C:\Users\nlafn\Documents\GitHub\ReefPassages\data\data_for_transects\profile_from_transects_tahiti.geojson
"402","425",0,0,-149.12431733,-17.773530332,-4.9633331299,profile_from_transects_tahiti,C:\Users\nlafn\Documents\GitHub\ReefPassages\data\data_for_transects\profile_from_transects_tahiti.geojson
"402","426",0.0002418197,5.5563888602,-149.1241814,-17.773730332,-10.519721985,profile_from_transects_tahiti,C:\Users\nlafn\Documents\GitHub\ReefPassages\data\data_for_transects\profile_from_transects_tahiti.geojson
"402","427",0.0004836393,18.189443596,-149.12404547,-17.773930332,-23.152776718,profile_from_transects_tahiti,C:\Users\nlafn\Documents\GitHub\ReefPassages\data\data_for_transects\profile_from_transects_tahiti.geojson
"402","428",0.000725459,29.405277262,-149.12390954,-17.774130332,-34.368610382,profile_from_transects_tahiti,C:\Users\nlafn\Documents\GitHub\ReefPassages\data\data_for_transects\profile_from_transects_tahiti.geojson
"402","429",0.0009672786,51.717498791,-149.12377361,-17.774330332,-56.680831909,profile_from_transects_tahiti,C:\Users\nlafn\Documents\GitHub\ReefPassages\data\data_for_transects\profile_from_transects_tahiti.geojson
"402","430",0.0012090983,53.720275905,-149.12363768,-17.774530332,-58.683609009,profile_from_transects_tahiti,C:\Users\nlafn\Documents\GitHub\ReefPassages\data\data_for_transects\profile_from_transects_tahiti.geojson
"402","431",0.001450918,63.234439879,-149.12350175,-17.774730332,-49.169445038,profile_from_transects_tahiti,C:\Users\nlafn\Documents\GitHub\ReefPassages\data\data_for_transects\profile_from_transects_tahiti.geojson
"402","432",0.0016927376,78.15443805,-149.12336582,-17.774930332,-34.249446869,profile_from_transects_tahiti,C:\Users\nlafn\Documents\GitHub\ReefPassages\data\data_for_transects\profile_from_transects_tahiti.geojson
"402","433",0.0019345573,92.803329501,-149.1232299,-17.775130332,-19.60055542,profile_from_transects_tahiti,C:\Users\nlafn\Documents\GitHub\ReefPassages\data\data_for_transects\profile_from_transects_tahiti.geojson
"402","434",0.0021763769,109.46360711,-149.12309397,-17.775330332,-2.9402778149,profile_from_transects_tahiti,C:\Users\nlafn\Documents\GitHub\ReefPassages\data\data_for_transects\profile_from_transects_tahiti.geojson
"401","435",0,0,-149.12026888,-17.821988242,-10.224444389,profile_from_transects_tahiti,C:\Users\nlafn\Documents\GitHub\ReefPassages\data\data_for_transects\profile_from_transects_tahiti.geojson
"401","436",0.0002001189,6.4636106522,-149.12027578,-17.822188242,-16.688055038,profile_from_transects_tahiti,C:\Users\nlafn\Documents\GitHub\ReefPassages\data\data_for_transects\profile_from_transects_tahiti.geojson
"401","437",0.0004002377,17.512778287,-149.12028267,-17.822388242,-27.737222672,profile_from_transects_tahiti,C:\Users\nlafn\Documents\GitHub\ReefPassages\data\data_for_transects\profile_from_transects_tahiti.geojson
"401","438",0.0006003566,31.661946303,-149.12028957,-17.822588242,-41.886390686,profile_from_transects_tahiti,C:\Users\nlafn\Documents\GitHub\ReefPassages\data\data_for_transects\profile_from_transects_tahiti.geojson
"401","439",0.0008004755,38.995835313,-149.12029647,-17.822788242,-49.220279694,profile_from_transects_tahiti,C:\Users\nlafn\Documents\GitHub\ReefPassages\data\data_for_transects\profile_from_transects_tahiti.geojson
"401","440",0.0010005944,53.433335315,-149.12030336,-17.822988242,-34.782779694,profile_from_transects_tahiti,C:\Users\nlafn\Documents\GitHub\ReefPassages\data\data_for_transects\profile_from_transects_tahiti.geojson
"401","441",0.0012007132,70.945837986,-149.12031026,-17.823188242,-17.270277023,profile_from_transects_tahiti,C:\Users\nlafn\Documents\GitHub\ReefPassages\data\data_for_transects\profile_from_transects_tahiti.geojson
"401","442",0.0014008321,78.248892798,-149.12031715,-17.823388242,-9.9672222137,profile_from_transects_tahiti,C:\Users\nlafn\Documents\GitHub\ReefPassages\data\data_for_transects\profile_from_transects_tahiti.geojson
"401","443",0.001600951,80.429448628,-149.12032405,-17.823588242,-7.7866663933,profile_from_transects_tahiti,C:\Users\nlafn\Documents\GitHub\ReefPassages\data\data_for_transects\profile_from_transects_tahiti.geojson
"400","444",0,0,-149.11787919,-17.843411985,-9.5708332062,profile_from_transects_tahiti,C:\Users\nlafn\Documents\GitHub\ReefPassages\data\data_for_transects\profile_from_transects_tahiti.geojson
"400","445",0.000200339,5.8463888203,-149.11789084,-17.843611985,-15.417222023,profile_from_transects_tahiti,C:\Users\nlafn\Documents\GitHub\ReefPassages\data\data_for_transects\profile_from_transects_tahiti.geojson
"400","446",0.0004006781,13.311944968,-149.11790249,-17.843811985,-22.882778168,profile_from_transects_tahiti,C:\Users\nlafn\Documents\GitHub\ReefPassages\data\data_for_transects\profile_from_transects_tahiti.geojson
"400","447",0.0006010171,20.247499475,-149.11791414,-17.844011985,-29.818332672,profile_from_transects_tahiti,C:\Users\nlafn\Documents\GitHub\ReefPassages\data\data_for_transects\profile_from_transects_tahiti.geojson
"400","448",0.0008013562,24.565553679,-149.11792579,-17.844211985,-34.136386871,profile_from_transects_tahiti,C:\Users\nlafn\Documents\GitHub\ReefPassages\data\data_for_transects\profile_from_transects_tahiti.geojson
"400","449",0.0010016952,25.497495686,-149.11793744,-17.844411985,-33.204444885,profile_from_transects_tahiti,C:\Users\nlafn\Documents\GitHub\ReefPassages\data\data_for_transects\profile_from_transects_tahiti.geojson
"400","450",0.0012020343,29.705274622,-149.1179491,-17.844611985,-28.996665955,profile_from_transects_tahiti,C:\Users\nlafn\Documents\GitHub\ReefPassages\data\data_for_transects\profile_from_transects_tahiti.geojson
"400","451",0.0014023733,35.1802731,-149.11796075,-17.844811985,-23.52166748,profile_from_transects_tahiti,C:\Users\nlafn\Documents\GitHub\ReefPassages\data\data_for_transects\profile_from_transects_tahiti.geojson
"400","452",0.0016027124,40.167495775,-149.1179724,-17.845011985,-18.534444809,profile_from_transects_tahiti,C:\Users\nlafn\Documents\GitHub\ReefPassages\data\data_for_transects\profile_from_transects_tahiti.geojson
"386","453",0,0,-149.47363206,-17.78387691,0.5705555677,profile_from_transects_tahiti,C:\Users\nlafn\Documents\GitHub\ReefPassages\data\data_for_transects\profile_from_transects_tahiti.geojson
"386","454",0.0002518524,0.0330565033,-149.47343206,-17.784029977,0.5375000238,profile_from_transects_tahiti,C:\Users\nlafn\Documents\GitHub\ReefPassages\data\data_for_transects\profile_from_transects_tahiti.geojson
"386","455",0.0005037049,0.3080566544,-149.47323206,-17.784183044,0.2624999881,profile_from_transects_tahiti,C:\Users\nlafn\Documents\GitHub\ReefPassages\data\data_for_transects\profile_from_transects_tahiti.geojson
"386","456",0.0007555573,0.8322233585,-149.47303206,-17.784336112,-0.2616666555,profile_from_transects_tahiti,C:\Users\nlafn\Documents\GitHub\ReefPassages\data\data_for_transects\profile_from_transects_tahiti.geojson
"386","457",0.0010074098,1.4744456336,-149.47283206,-17.784489179,-0.9038888812,profile_from_transects_tahiti,C:\Users\nlafn\Documents\GitHub\ReefPassages\data\data_for_transects\profile_from_transects_tahiti.geojson
"386","458",0.0012592622,2.7463900026,-149.47263206,-17.784642247,-2.1758332253,profile_from_transects_tahiti,C:\Users\nlafn\Documents\GitHub\ReefPassages\data\data_for_transects\profile_from_transects_tahiti.geojson
"386","459",0.0015111147,3.4516679673,-149.47243206,-17.784795314,-2.881111145,profile_from_transects_tahiti,C:\Users\nlafn\Documents\GitHub\ReefPassages\data\data_for_transects\profile_from_transects_tahiti.geojson
"386","460",0.0017629671,4.436390137,-149.47223206,-17.784948382,-3.8658332825,profile_from_transects_tahiti,C:\Users\nlafn\Documents\GitHub\ReefPassages\data\data_for_transects\profile_from_transects_tahiti.geojson
"386","461",0.0020148196,4.8952792136,-149.47203206,-17.785101449,-4.32472229,profile_from_transects_tahiti,C:\Users\nlafn\Documents\GitHub\ReefPassages\data\data_for_transects\profile_from_transects_tahiti.geojson
"386","462",0.002266672,5.971390083,-149.47183206,-17.785254517,-5.4008331299,profile_from_transects_tahiti,C:\Users\nlafn\Documents\GitHub\ReefPassages\data\data_for_transects\profile_from_transects_tahiti.geojson
"386","463",0.0025185245,8.3769455828,-149.47163206,-17.785407584,-2.9952776432,profile_from_transects_tahiti,C:\Users\nlafn\Documents\GitHub\ReefPassages\data\data_for_transects\profile_from_transects_tahiti.geojson
"386","464",0.0027703769,10.225001082,-149.47143206,-17.785560652,-1.1472221613,profile_from_transects_tahiti,C:\Users\nlafn\Documents\GitHub\ReefPassages\data\data_for_transects\profile_from_transects_tahiti.geojson
"386","465",0.0030222294,11.156945501,-149.47123206,-17.785713719,-0.2152777761,profile_from_transects_tahiti,C:\Users\nlafn\Documents\GitHub\ReefPassages\data\data_for_transects\profile_from_transects_tahiti.geojson
"386","466",0.0032740818,11.217223802,-149.47103206,-17.785866787,-0.1550000012,profile_from_transects_tahiti,C:\Users\nlafn\Documents\GitHub\ReefPassages\data\data_for_transects\profile_from_transects_tahiti.geojson
"386","467",0.0035259343,11.404723975,-149.47083206,-17.786019854,0.0325000025,profile_from_transects_tahiti,C:\Users\nlafn\Documents\GitHub\ReefPassages\data\data_for_transects\profile_from_transects_tahiti.geojson
"378","468",0,0,-149.61931863,-17.60111884,-0.5055555105,profile_from_transects_tahiti,C:\Users\nlafn\Documents\GitHub\ReefPassages\data\data_for_transects\profile_from_transects_tahiti.geojson
"378","469",0.0002032224,5.962500218,-149.61935467,-17.60131884,-6.4680557251,profile_from_transects_tahiti,C:\Users\nlafn\Documents\GitHub\ReefPassages\data\data_for_transects\profile_from_transects_tahiti.geojson
"378","470",0.0004064448,14.466110831,-149.61939072,-17.60151884,-14.971666336,profile_from_transects_tahiti,C:\Users\nlafn\Documents\GitHub\ReefPassages\data\data_for_transects\profile_from_transects_tahiti.geojson
"378","471",0.0006096673,18.925554882,-149.61942677,-17.60171884,-19.431110382,profile_from_transects_tahiti,C:\Users\nlafn\Documents\GitHub\ReefPassages\data\data_for_transects\profile_from_transects_tahiti.geojson
"378","472",0.0008128897,20.332501079,-149.61946281,-17.60191884,-20.838056564,profile_from_transects_tahiti,C:\Users\nlafn\Documents\GitHub\ReefPassages\data\data_for_transects\profile_from_transects_tahiti.geojson
"378","473",0.0010161121,21.356390641,-149.61949886,-17.60211884,-19.814167023,profile_from_transects_tahiti,C:\Users\nlafn\Documents\GitHub\ReefPassages\data\data_for_transects\profile_from_transects_tahiti.geojson
"378","474",0.0012193345,30.622779536,-149.6195349,-17.60231884,-10.54777813,profile_from_transects_tahiti,C:\Users\nlafn\Documents\GitHub\ReefPassages\data\data_for_transects\profile_from_transects_tahiti.geojson
"378","475",0.0014225569,37.898613146,-149.61957095,-17.60251884,-3.2719445229,profile_from_transects_tahiti,C:\Users\nlafn\Documents\GitHub\ReefPassages\data\data_for_transects\profile_from_transects_tahiti.geojson
"379","476",0,0,-149.61805722,-17.619314024,-5.4319443703,profile_from_transects_tahiti,C:\Users\nlafn\Documents\GitHub\ReefPassages\data\data_for_transects\profile_from_transects_tahiti.geojson
"379","477",2.80955e-05,4.5566665531,-149.61807366,-17.619291248,-0.8752778173,profile_from_transects_tahiti,C:\Users\nlafn\Documents\GitHub\ReefPassages\data\data_for_transects\profile_from_transects_tahiti.geojson
"379","478",0.0002660128,9.1133331123,-149.61794481,-17.619491248,-5.4319443703,profile_from_transects_tahiti,C:\Users\nlafn\Documents\GitHub\ReefPassages\data\data_for_transects\profile_from_transects_tahiti.geojson
"379","479",0.0005039302,11.624721902,-149.61781595,-17.619691248,-7.943333149,profile_from_transects_tahiti,C:\Users\nlafn\Documents\GitHub\ReefPassages\data\data_for_transects\profile_from_transects_tahiti.geojson
"382","480",0,0,-149.5895607,-17.689615365,0.1649999917,profile_from_transects_tahiti,C:\Users\nlafn\Documents\GitHub\ReefPassages\data\data_for_transects\profile_from_transects_tahiti.geojson
"382","481",0.0002348094,0.4008334073,-149.58943768,-17.689815365,0.5658333302,profile_from_transects_tahiti,C:\Users\nlafn\Documents\GitHub\ReefPassages\data\data_for_transects\profile_from_transects_tahiti.geojson
"382","482",0.0004696189,0.7177779146,-149.58931465,-17.690015365,0.8827777505,profile_from_transects_tahiti,C:\Users\nlafn\Documents\GitHub\ReefPassages\data\data_for_transects\profile_from_transects_tahiti.geojson
"382","483",0.0007044283,6.4925000783,-149.58919163,-17.690215365,-4.8919444084,profile_from_transects_tahiti,C:\Users\nlafn\Documents\GitHub\ReefPassages\data\data_for_transects\profile_from_transects_tahiti.geojson
"382","484",0.0009392378,33.432222617,-149.5890686,-17.690415365,-31.831666946,profile_from_transects_tahiti,C:\Users\nlafn\Documents\GitHub\ReefPassages\data\data_for_transects\profile_from_transects_tahiti.geojson
"382","485",0.0011740472,45.459999338,-149.58894557,-17.690615365,-43.859443665,profile_from_transects_tahiti,C:\Users\nlafn\Documents\GitHub\ReefPassages\data\data_for_transects\profile_from_transects_tahiti.geojson
"382","486",0.0014088567,50.234722396,-149.58882255,-17.690815365,-48.634166718,profile_from_transects_tahiti,C:\Users\nlafn\Documents\GitHub\ReefPassages\data\data_for_transects\profile_from_transects_tahiti.geojson
"382","487",0.0016436661,53.706112175,-149.58869952,-17.691015365,-45.162776947,profile_from_transects_tahiti,C:\Users\nlafn\Documents\GitHub\ReefPassages\data\data_for_transects\profile_from_transects_tahiti.geojson
"382","488",0.0018784755,54.4394458,-149.58857649,-17.691215365,-45.896110535,profile_from_transects_tahiti,C:\Users\nlafn\Documents\GitHub\ReefPassages\data\data_for_transects\profile_from_transects_tahiti.geojson
"382","489",0.002113285,64.076946566,-149.58845347,-17.691415365,-36.258609772,profile_from_transects_tahiti,C:\Users\nlafn\Documents\GitHub\ReefPassages\data\data_for_transects\profile_from_transects_tahiti.geojson
"382","490",0.0023480944,65.278057429,-149.58833044,-17.691615365,-37.459720612,profile_from_transects_tahiti,C:\Users\nlafn\Documents\GitHub\ReefPassages\data\data_for_transects\profile_from_transects_tahiti.geojson
"382","491",0.0025829039,70.522220947,-149.58820741,-17.691815365,-32.215557098,profile_from_transects_tahiti,C:\Users\nlafn\Documents\GitHub\ReefPassages\data\data_for_transects\profile_from_transects_tahiti.geojson
"382","492",0.0028177133,72.698610654,-149.58808439,-17.692015365,-30.039167404,profile_from_transects_tahiti,C:\Users\nlafn\Documents\GitHub\ReefPassages\data\data_for_transects\profile_from_transects_tahiti.geojson
"382","493",0.0030525228,78.149999972,-149.58796136,-17.692215365,-24.587778091,profile_from_transects_tahiti,C:\Users\nlafn\Documents\GitHub\ReefPassages\data\data_for_transects\profile_from_transects_tahiti.geojson
"382","494",0.0032873322,98.690555927,-149.58783834,-17.692415365,-4.0472221375,profile_from_transects_tahiti,C:\Users\nlafn\Documents\GitHub\ReefPassages\data\data_for_transects\profile_from_transects_tahiti.geojson
"382","495",0.0035221416,103.49666697,-149.58771531,-17.692615365,0.7588889003,profile_from_transects_tahiti,C:\Users\nlafn\Documents\GitHub\ReefPassages\data\data_for_transects\profile_from_transects_tahiti.geojson
"381","496",0,0,-149.59641121,-17.674210031,-2.5908334255,profile_from_transects_tahiti,C:\Users\nlafn\Documents\GitHub\ReefPassages\data\data_for_transects\profile_from_transects_tahiti.geojson
"381","497",0.0002043129,6.15972257,-149.59636945,-17.674410031,-8.7505559921,profile_from_transects_tahiti,C:\Users\nlafn\Documents\GitHub\ReefPassages\data\data_for_transects\profile_from_transects_tahiti.geojson
"381","498",0.0004086257,6.3908341868,-149.59632769,-17.674610031,-8.5194444656,profile_from_transects_tahiti,C:\Users\nlafn\Documents\GitHub\ReefPassages\data\data_for_transects\profile_from_transects_tahiti.geojson
"383","499",0,0,-149.58147828,-17.748476296,-0.1583333314,profile_from_transects_tahiti,C:\Users\nlafn\Documents\GitHub\ReefPassages\data\data_for_transects\profile_from_transects_tahiti.geojson
"383","500",0.0002304918,0.8350000402,-149.58127828,-17.748590867,-0.9933333397,profile_from_transects_tahiti,C:\Users\nlafn\Documents\GitHub\ReefPassages\data\data_for_transects\profile_from_transects_tahiti.geojson
"383","501",0.0004609837,6.753055579,-149.58107828,-17.748705438,-6.9113888741,profile_from_transects_tahiti,C:\Users\nlafn\Documents\GitHub\ReefPassages\data\data_for_transects\profile_from_transects_tahiti.geojson
"383","502",0.0006914755,18.434722432,-149.58087828,-17.748820009,-18.593055725,profile_from_transects_tahiti,C:\Users\nlafn\Documents\GitHub\ReefPassages\data\data_for_transects\profile_from_transects_tahiti.geojson
"383","503",0.0009219673,35.194167624,-149.58067828,-17.748934579,-35.352500916,profile_from_transects_tahiti,C:\Users\nlafn\Documents\GitHub\ReefPassages\data\data_for_transects\profile_from_transects_tahiti.geojson
"383","504",0.0011524591,36.823054817,-149.58047828,-17.74904915,-36.981388092,profile_from_transects_tahiti,C:\Users\nlafn\Documents\GitHub\ReefPassages\data\data_for_transects\profile_from_transects_tahiti.geojson
"383","505",0.001382951,52.336108713,-149.58027828,-17.749163721,-21.468334198,profile_from_transects_tahiti,C:\Users\nlafn\Documents\GitHub\ReefPassages\data\data_for_transects\profile_from_transects_tahiti.geojson
"383","506",0.0016134428,64.614720852,-149.58007828,-17.749278292,-9.1897220612,profile_from_transects_tahiti,C:\Users\nlafn\Documents\GitHub\ReefPassages\data\data_for_transects\profile_from_transects_tahiti.geojson
"383","507",0.0018439346,68.985276259,-149.57987828,-17.749392863,-4.8191666603,profile_from_transects_tahiti,C:\Users\nlafn\Documents\GitHub\ReefPassages\data\data_for_transects\profile_from_transects_tahiti.geojson
"383","508",0.0020744264,70.024442973,-149.57967828,-17.749507434,-3.7799999714,profile_from_transects_tahiti,C:\Users\nlafn\Documents\GitHub\ReefPassages\data\data_for_transects\profile_from_transects_tahiti.geojson
"383","509",0.0023049183,71.593331893,-149.57947828,-17.749622005,-2.2111110687,profile_from_transects_tahiti,C:\Users\nlafn\Documents\GitHub\ReefPassages\data\data_for_transects\profile_from_transects_tahiti.geojson
"383","510",0.0025354101,73.294998502,-149.57927828,-17.749736575,-0.5094444752,profile_from_transects_tahiti,C:\Users\nlafn\Documents\GitHub\ReefPassages\data\data_for_transects\profile_from_transects_tahiti.geojson
"383","511",0.0027659019,73.944998564,-149.57907828,-17.749851146,0.1405555457,profile_from_transects_tahiti,C:\Users\nlafn\Documents\GitHub\ReefPassages\data\data_for_transects\profile_from_transects_tahiti.geojson
"384","512",0,0,-149.56110003,-17.759179434,-4.3555555344,profile_from_transects_tahiti,C:\Users\nlafn\Documents\GitHub\ReefPassages\data\data_for_transects\profile_from_transects_tahiti.geojson
"384","513",0.0002003408,1.0477776719,-149.56090003,-17.759191116,-5.4033331871,profile_from_transects_tahiti,C:\Users\nlafn\Documents\GitHub\ReefPassages\data\data_for_transects\profile_from_transects_tahiti.geojson
"384","514",0.0004006817,2.7630558322,-149.56070003,-17.759202797,-7.1186113358,profile_from_transects_tahiti,C:\Users\nlafn\Documents\GitHub\ReefPassages\data\data_for_transects\profile_from_transects_tahiti.geojson
"384","515",0.0006010225,5.0611105361,-149.56050003,-17.759214479,-9.4166660309,profile_from_transects_tahiti,C:\Users\nlafn\Documents\GitHub\ReefPassages\data\data_for_transects\profile_from_transects_tahiti.geojson
"384","516",0.0008013634,5.1072220782,-149.56030003,-17.75922616,-9.370554924,profile_from_transects_tahiti,C:\Users\nlafn\Documents\GitHub\ReefPassages\data\data_for_transects\profile_from_transects_tahiti.geojson
"384","517",0.0010017042,11.578610421,-149.56010003,-17.759237841,-2.899166584,profile_from_transects_tahiti,C:\Users\nlafn\Documents\GitHub\ReefPassages\data\data_for_transects\profile_from_transects_tahiti.geojson
"384","518",0.0012020451,14.238610351,-149.55990003,-17.759249523,-0.2391666621,profile_from_transects_tahiti,C:\Users\nlafn\Documents\GitHub\ReefPassages\data\data_for_transects\profile_from_transects_tahiti.geojson
"384","519",0.0014023859,14.844443691,-149.55970003,-17.759261204,-0.844999969,profile_from_transects_tahiti,C:\Users\nlafn\Documents\GitHub\ReefPassages\data\data_for_transects\profile_from_transects_tahiti.geojson
"385","520",0,0,-149.52503929,-17.765695764,0.2477777749,profile_from_transects_tahiti,C:\Users\nlafn\Documents\GitHub\ReefPassages\data\data_for_transects\profile_from_transects_tahiti.geojson
"385","521",0.0002000237,0.441111163,-149.52483929,-17.765692683,-0.1933333427,profile_from_transects_tahiti,C:\Users\nlafn\Documents\GitHub\ReefPassages\data\data_for_transects\profile_from_transects_tahiti.geojson
"385","522",0.0004000475,2.9233335344,-149.52463929,-17.765689601,-2.675555706,profile_from_transects_tahiti,C:\Users\nlafn\Documents\GitHub\ReefPassages\data\data_for_transects\profile_from_transects_tahiti.geojson
"385","523",0.0006000712,8.8233336331,-149.52443929,-17.765686519,-8.5755558014,profile_from_transects_tahiti,C:\Users\nlafn\Documents\GitHub\ReefPassages\data\data_for_transects\profile_from_transects_tahiti.geojson
"385","524",0.000800095,13.737500088,-149.52423929,-17.765683438,-13.489722252,profile_from_transects_tahiti,C:\Users\nlafn\Documents\GitHub\ReefPassages\data\data_for_transects\profile_from_transects_tahiti.geojson
"385","525",0.0010001187,13.926667216,-149.52403929,-17.765680356,-13.678889275,profile_from_transects_tahiti,C:\Users\nlafn\Documents\GitHub\ReefPassages\data\data_for_transects\profile_from_transects_tahiti.geojson
"385","526",0.0012001424,18.883334167,-149.52383929,-17.765677274,-8.7222223282,profile_from_transects_tahiti,C:\Users\nlafn\Documents\GitHub\ReefPassages\data\data_for_transects\profile_from_transects_tahiti.geojson
"385","527",0.0014001662,25.432223091,-149.52363929,-17.765674193,-2.1733334064,profile_from_transects_tahiti,C:\Users\nlafn\Documents\GitHub\ReefPassages\data\data_for_transects\profile_from_transects_tahiti.geojson
"385","528",0.0016001899,27.869445402,-149.52343929,-17.765671111,0.2638888955,profile_from_transects_tahiti,C:\Users\nlafn\Documents\GitHub\ReefPassages\data\data_for_transects\profile_from_transects_tahiti.geojson
"387","529",0,0,-149.50306582,-17.765246319,-0.6230555773,profile_from_transects_tahiti,C:\Users\nlafn\Documents\GitHub\ReefPassages\data\data_for_transects\profile_from_transects_tahiti.geojson
"387","530",0.0002008547,2.8158332181,-149.50286582,-17.765227808,-3.4388887882,profile_from_transects_tahiti,C:\Users\nlafn\Documents\GitHub\ReefPassages\data\data_for_transects\profile_from_transects_tahiti.geojson
"387","531",0.0004017095,5.2697223579,-149.50266582,-17.765209298,-5.8927779198,profile_from_transects_tahiti,C:\Users\nlafn\Documents\GitHub\ReefPassages\data\data_for_transects\profile_from_transects_tahiti.geojson
"387","532",0.0006025642,6.5719446253,-149.50246582,-17.765190788,-4.5905556679,profile_from_transects_tahiti,C:\Users\nlafn\Documents\GitHub\ReefPassages\data\data_for_transects\profile_from_transects_tahiti.geojson
"387","533",0.000803419,8.4819447216,-149.50226582,-17.765172278,-2.680555582,profile_from_transects_tahiti,C:\Users\nlafn\Documents\GitHub\ReefPassages\data\data_for_transects\profile_from_transects_tahiti.geojson
"387","534",0.0010042737,10.15194481,-149.50206582,-17.765153768,-1.0105555058,profile_from_transects_tahiti,C:\Users\nlafn\Documents\GitHub\ReefPassages\data\data_for_transects\profile_from_transects_tahiti.geojson
"388","535",0,0,-149.42704622,-17.785622386,-0.8383333087,profile_from_transects_tahiti,C:\Users\nlafn\Documents\GitHub\ReefPassages\data\data_for_transects\profile_from_transects_tahiti.geojson
"388","536",0.0002043133,2.0913890104,-149.42684622,-17.785580625,-2.9297223091,profile_from_transects_tahiti,C:\Users\nlafn\Documents\GitHub\ReefPassages\data\data_for_transects\profile_from_transects_tahiti.geojson
"388","537",0.0004086266,3.0319443667,-149.42664622,-17.785538865,-3.8702776432,profile_from_transects_tahiti,C:\Users\nlafn\Documents\GitHub\ReefPassages\data\data_for_transects\profile_from_transects_tahiti.geojson
"388","538",0.0006129399,7.7238892087,-149.42644622,-17.785497105,-8.5622224808,profile_from_transects_tahiti,C:\Users\nlafn\Documents\GitHub\ReefPassages\data\data_for_transects\profile_from_transects_tahiti.geojson
"388","539",0.0008172532,10.619444712,-149.42624622,-17.785455344,-11.457777977,profile_from_transects_tahiti,C:\Users\nlafn\Documents\GitHub\ReefPassages\data\data_for_transects\profile_from_transects_tahiti.geojson
"388","540",0.0010215665,10.631947145,-149.42604622,-17.785413584,-11.445277214,profile_from_transects_tahiti,C:\Users\nlafn\Documents\GitHub\ReefPassages\data\data_for_transects\profile_from_transects_tahiti.geojson
"388","541",0.0012258798,12.054724335,-149.42584622,-17.785371824,-10.022500038,profile_from_transects_tahiti,C:\Users\nlafn\Documents\GitHub\ReefPassages\data\data_for_transects\profile_from_transects_tahiti.geojson
"388","542",0.0014301931,13.656946791,-149.42564622,-17.785330063,-8.4202775955,profile_from_transects_tahiti,C:\Users\nlafn\Documents\GitHub\ReefPassages\data\data_for_transects\profile_from_transects_tahiti.geojson
"388","543",0.0016345064,13.73916903,-149.42544622,-17.785288303,-8.3380556107,profile_from_transects_tahiti,C:\Users\nlafn\Documents\GitHub\ReefPassages\data\data_for_transects\profile_from_transects_tahiti.geojson
"388","544",0.0018388197,15.966113962,-149.42524622,-17.785246543,-10.565000534,profile_from_transects_tahiti,C:\Users\nlafn\Documents\GitHub\ReefPassages\data\data_for_transects\profile_from_transects_tahiti.geojson
"388","545",0.002043133,18.009724545,-149.42504622,-17.785204783,-12.608611107,profile_from_transects_tahiti,C:\Users\nlafn\Documents\GitHub\ReefPassages\data\data_for_transects\profile_from_transects_tahiti.geojson
"388","546",0.0022474462,19.315002386,-149.42484622,-17.785163022,-13.913888931,profile_from_transects_tahiti,C:\Users\nlafn\Documents\GitHub\ReefPassages\data\data_for_transects\profile_from_transects_tahiti.geojson
"388","547",0.0024517595,20.981113391,-149.42464622,-17.785121262,-15.579999924,profile_from_transects_tahiti,C:\Users\nlafn\Documents\GitHub\ReefPassages\data\data_for_transects\profile_from_transects_tahiti.geojson
"388","548",0.0026560728,31.780836064,-149.42444622,-17.785079502,-26.379722595,profile_from_transects_tahiti,C:\Users\nlafn\Documents\GitHub\ReefPassages\data\data_for_transects\profile_from_transects_tahiti.geojson
"388","549",0.0028603861,35.74777981,-149.42424622,-17.785037741,-30.346666336,profile_from_transects_tahiti,C:\Users\nlafn\Documents\GitHub\ReefPassages\data\data_for_transects\profile_from_transects_tahiti.geojson
"388","550",0.0030646994,40.495279281,-149.42404622,-17.784995981,-35.094165802,profile_from_transects_tahiti,C:\Users\nlafn\Documents\GitHub\ReefPassages\data\data_for_transects\profile_from_transects_tahiti.geojson
"388","551",0.0032690127,45.120836231,-149.42384622,-17.784954221,-39.719722748,profile_from_transects_tahiti,C:\Users\nlafn\Documents\GitHub\ReefPassages\data\data_for_transects\profile_from_transects_tahiti.geojson
"388","552",0.003473326,47.370279294,-149.42364622,-17.78491246,-41.969165802,profile_from_transects_tahiti,C:\Users\nlafn\Documents\GitHub\ReefPassages\data\data_for_transects\profile_from_transects_tahiti.geojson
"388","553",0.0036776393,49.907777777,-149.42344622,-17.7848707,-39.431667328,profile_from_transects_tahiti,C:\Users\nlafn\Documents\GitHub\ReefPassages\data\data_for_transects\profile_from_transects_tahiti.geojson
"388","554",0.0038819526,58.373889916,-149.42324622,-17.78482894,-30.965555191,profile_from_transects_tahiti,C:\Users\nlafn\Documents\GitHub\ReefPassages\data\data_for_transects\profile_from_transects_tahiti.geojson
"388","555",0.0040862659,69.693889613,-149.42304622,-17.78478718,-19.645555496,profile_from_transects_tahiti,C:\Users\nlafn\Documents\GitHub\ReefPassages\data\data_for_transects\profile_from_transects_tahiti.geojson
"388","556",0.0042905792,78.028889653,-149.42284622,-17.784745419,-11.310555458,profile_from_transects_tahiti,C:\Users\nlafn\Documents\GitHub\ReefPassages\data\data_for_transects\profile_from_transects_tahiti.geojson
"388","557",0.0044948925,85.40916729,-149.42264622,-17.784703659,-3.9302778244,profile_from_transects_tahiti,C:\Users\nlafn\Documents\GitHub\ReefPassages\data\data_for_transects\profile_from_transects_tahiti.geojson
"388","558",0.0046992058,89.214167332,-149.42244622,-17.784661899,-0.1252777875,profile_from_transects_tahiti,C:\Users\nlafn\Documents\GitHub\ReefPassages\data\data_for_transects\profile_from_transects_tahiti.geojson
"388","559",0.0049035191,89.527500746,-149.42224622,-17.784620138,0.18805556,profile_from_transects_tahiti,C:\Users\nlafn\Documents\GitHub\ReefPassages\data\data_for_transects\profile_from_transects_tahiti.geojson
"389","560",0,0,-149.40474547,-17.778231673,0.4330555499,profile_from_transects_tahiti,C:\Users\nlafn\Documents\GitHub\ReefPassages\data\data_for_transects\profile_from_transects_tahiti.geojson
"389","561",0.000201384,0.0708336415,-149.40454547,-17.778208104,0.503888905,profile_from_transects_tahiti,C:\Users\nlafn\Documents\GitHub\ReefPassages\data\data_for_transects\profile_from_transects_tahiti.geojson
"389","562",0.0004027679,0.140833924,-149.40434547,-17.778184535,0.5738888979,profile_from_transects_tahiti,C:\Users\nlafn\Documents\GitHub\ReefPassages\data\data_for_transects\profile_from_transects_tahiti.geojson
"389","563",0.0006041519,0.4063895609,-149.40414547,-17.778160966,0.8394444585,profile_from_transects_tahiti,C:\Users\nlafn\Documents\GitHub\ReefPassages\data\data_for_transects\profile_from_transects_tahiti.geojson
"389","564",0.0008055358,0.5883341023,-149.40394547,-17.778137397,1.0213888884,profile_from_transects_tahiti,C:\Users\nlafn\Documents\GitHub\ReefPassages\data\data_for_transects\profile_from_transects_tahiti.geojson
"389","565",0.0010069198,2.0219452114,-149.40374547,-17.778113827,-0.4122222066,profile_from_transects_tahiti,C:\Users\nlafn\Documents\GitHub\ReefPassages\data\data_for_transects\profile_from_transects_tahiti.geojson
"389","566",0.0012083038,7.8744453555,-149.40354547,-17.778090258,-6.2647223473,profile_from_transects_tahiti,C:\Users\nlafn\Documents\GitHub\ReefPassages\data\data_for_transects\profile_from_transects_tahiti.geojson
"389","567",0.0014096877,16.643056789,-149.40334547,-17.778066689,-15.033333778,profile_from_transects_tahiti,C:\Users\nlafn\Documents\GitHub\ReefPassages\data\data_for_transects\profile_from_transects_tahiti.geojson
"389","568",0.0016110717,25.312779348,-149.40314547,-17.77804312,-23.703056335,profile_from_transects_tahiti,C:\Users\nlafn\Documents\GitHub\ReefPassages\data\data_for_transects\profile_from_transects_tahiti.geojson
"389","569",0.0018124556,33.493056222,-149.40294547,-17.778019551,-31.883333206,profile_from_transects_tahiti,C:\Users\nlafn\Documents\GitHub\ReefPassages\data\data_for_transects\profile_from_transects_tahiti.geojson
"389","570",0.0020138396,40.866665767,-149.40274547,-17.777995982,-39.256942749,profile_from_transects_tahiti,C:\Users\nlafn\Documents\GitHub\ReefPassages\data\data_for_transects\profile_from_transects_tahiti.geojson
"389","571",0.0022152235,44.430279664,-149.40254547,-17.777972413,-42.820556641,profile_from_transects_tahiti,C:\Users\nlafn\Documents\GitHub\ReefPassages\data\data_for_transects\profile_from_transects_tahiti.geojson
"389","572",0.0024166075,46.622223796,-149.40234547,-17.777948844,-45.012500763,profile_from_transects_tahiti,C:\Users\nlafn\Documents\GitHub\ReefPassages\data\data_for_transects\profile_from_transects_tahiti.geojson
"389","573",0.0026179915,47.823609311,-149.40214547,-17.777925275,-46.213886261,profile_from_transects_tahiti,C:\Users\nlafn\Documents\GitHub\ReefPassages\data\data_for_transects\profile_from_transects_tahiti.geojson
"389","574",0.0028193754,47.962224112,-149.40194547,-17.777901706,-46.352500916,profile_from_transects_tahiti,C:\Users\nlafn\Documents\GitHub\ReefPassages\data\data_for_transects\profile_from_transects_tahiti.geojson
"389","575",0.0030207594,48.660836354,-149.40174547,-17.777878137,-45.653888702,profile_from_transects_tahiti,C:\Users\nlafn\Documents\GitHub\ReefPassages\data\data_for_transects\profile_from_transects_tahiti.geojson
"389","576",0.0032221433,48.939725129,-149.40154547,-17.777854568,-45.932777405,profile_from_transects_tahiti,C:\Users\nlafn\Documents\GitHub\ReefPassages\data\data_for_transects\profile_from_transects_tahiti.geojson
"389","577",0.0034235273,49.214726729,-149.40134547,-17.777830999,-46.207778931,profile_from_transects_tahiti,C:\Users\nlafn\Documents\GitHub\ReefPassages\data\data_for_transects\profile_from_transects_tahiti.geojson
"389","578",0.0036249113,50.157784764,-149.40114547,-17.77780743,-45.264720917,profile_from_transects_tahiti,C:\Users\nlafn\Documents\GitHub\ReefPassages\data\data_for_transects\profile_from_transects_tahiti.geojson
"389","579",0.0038262952,52.48361714,-149.40094547,-17.777783861,-42.93888855,profile_from_transects_tahiti,C:\Users\nlafn\Documents\GitHub\ReefPassages\data\data_for_transects\profile_from_transects_tahiti.geojson
"389","580",0.0040276792,54.263062799,-149.40074547,-17.777760292,-41.159442902,profile_from_transects_tahiti,C:\Users\nlafn\Documents\GitHub\ReefPassages\data\data_for_transects\profile_from_transects_tahiti.geojson
"389","581",0.0042290631,58.633340209,-149.40054547,-17.777736723,-36.789165497,profile_from_transects_tahiti,C:\Users\nlafn\Documents\GitHub\ReefPassages\data\data_for_transects\profile_from_transects_tahiti.geojson
"389","582",0.0044304471,72.487506241,-149.40034547,-17.777713154,-22.934999466,profile_from_transects_tahiti,C:\Users\nlafn\Documents\GitHub\ReefPassages\data\data_for_transects\profile_from_transects_tahiti.geojson
"389","583",0.0046318311,87.173061701,-149.40014547,-17.777689585,-8.2494440079,profile_from_transects_tahiti,C:\Users\nlafn\Documents\GitHub\ReefPassages\data\data_for_transects\profile_from_transects_tahiti.geojson
"389","584",0.004833215,94.134172415,-149.39994547,-17.777666016,-1.2883332968,profile_from_transects_tahiti,C:\Users\nlafn\Documents\GitHub\ReefPassages\data\data_for_transects\profile_from_transects_tahiti.geojson
"389","585",0.005034599,95.880005704,-149.39974547,-17.777642447,0.4574999809,profile_from_transects_tahiti,C:\Users\nlafn\Documents\GitHub\ReefPassages\data\data_for_transects\profile_from_transects_tahiti.geojson
"389","586",0.0052359829,95.916117412,-149.39954547,-17.777618878,0.4936111271,profile_from_transects_tahiti,C:\Users\nlafn\Documents\GitHub\ReefPassages\data\data_for_transects\profile_from_transects_tahiti.geojson
"389","587",0.0054373669,95.966951155,-149.39934547,-17.777595309,0.4427777827,profile_from_transects_tahiti,C:\Users\nlafn\Documents\GitHub\ReefPassages\data\data_for_transects\profile_from_transects_tahiti.geojson
"390","588",0,0,-149.36044712,-17.769026583,0.2377777696,profile_from_transects_tahiti,C:\Users\nlafn\Documents\GitHub\ReefPassages\data\data_for_transects\profile_from_transects_tahiti.geojson
"390","589",0.0002511155,0.6352778275,-149.36024712,-17.768874731,-0.3975000083,profile_from_transects_tahiti,C:\Users\nlafn\Documents\GitHub\ReefPassages\data\data_for_transects\profile_from_transects_tahiti.geojson
"390","590",0.000502231,0.9925001451,-149.36004712,-17.76872288,-0.7547222376,profile_from_transects_tahiti,C:\Users\nlafn\Documents\GitHub\ReefPassages\data\data_for_transects\profile_from_transects_tahiti.geojson
"390","591",0.0007533464,10.961944781,-149.35984712,-17.768571028,-10.72416687,profile_from_transects_tahiti,C:\Users\nlafn\Documents\GitHub\ReefPassages\data\data_for_transects\profile_from_transects_tahiti.geojson
"390","592",0.0010044619,32.936390125,-149.35964712,-17.768419176,-32.698612213,profile_from_transects_tahiti,C:\Users\nlafn\Documents\GitHub\ReefPassages\data\data_for_transects\profile_from_transects_tahiti.geojson
"390","593",0.0012555774,49.102779592,-149.35944712,-17.768267324,-48.865001678,profile_from_transects_tahiti,C:\Users\nlafn\Documents\GitHub\ReefPassages\data\data_for_transects\profile_from_transects_tahiti.geojson
"390","594",0.0015066929,51.911667085,-149.35924712,-17.768115472,-51.67388916,profile_from_transects_tahiti,C:\Users\nlafn\Documents\GitHub\ReefPassages\data\data_for_transects\profile_from_transects_tahiti.geojson
"390","595",0.0017578084,58.212223273,-149.35904712,-17.76796362,-45.373332977,profile_from_transects_tahiti,C:\Users\nlafn\Documents\GitHub\ReefPassages\data\data_for_transects\profile_from_transects_tahiti.geojson
"390","596",0.0020089238,72.243612512,-149.35884712,-17.767811768,-31.341943741,profile_from_transects_tahiti,C:\Users\nlafn\Documents\GitHub\ReefPassages\data\data_for_transects\profile_from_transects_tahiti.geojson
"390","597",0.0022600393,90.870833621,-149.35864712,-17.767659917,-12.714722633,profile_from_transects_tahiti,C:\Users\nlafn\Documents\GitHub\ReefPassages\data\data_for_transects\profile_from_transects_tahiti.geojson
"390","598",0.0025111548,97.132778397,-149.35844712,-17.767508065,-6.4527778625,profile_from_transects_tahiti,C:\Users\nlafn\Documents\GitHub\ReefPassages\data\data_for_transects\profile_from_transects_tahiti.geojson
"390","599",0.0027622703,103.21750071,-149.35824712,-17.767356213,-0.3680555522,profile_from_transects_tahiti,C:\Users\nlafn\Documents\GitHub\ReefPassages\data\data_for_transects\profile_from_transects_tahiti.geojson
"390","600",0.0030133858,103.97111187,-149.35804712,-17.767204361,0.3855555654,profile_from_transects_tahiti,C:\Users\nlafn\Documents\GitHub\ReefPassages\data\data_for_transects\profile_from_transects_tahiti.geojson
"391","601",0,0,-149.34908316,-17.760602365,0.3725000024,profile_from_transects_tahiti,C:\Users\nlafn\Documents\GitHub\ReefPassages\data\data_for_transects\profile_from_transects_tahiti.geojson
"391","602",0.0002204466,0.9994444494,-149.34888316,-17.760509646,-0.6269444227,profile_from_transects_tahiti,C:\Users\nlafn\Documents\GitHub\ReefPassages\data\data_for_transects\profile_from_transects_tahiti.geojson
"391","603",0.0004408932,10.309444991,-149.34868316,-17.760416928,-9.9369449615,profile_from_transects_tahiti,C:\Users\nlafn\Documents\GitHub\ReefPassages\data\data_for_transects\profile_from_transects_tahiti.geojson
"391","604",0.0006613398,20.271666139,-149.34848316,-17.760324209,-19.899166107,profile_from_transects_tahiti,C:\Users\nlafn\Documents\GitHub\ReefPassages\data\data_for_transects\profile_from_transects_tahiti.geojson
"391","605",0.0008817865,33.354166599,-149.34828316,-17.760231491,-32.981666565,profile_from_transects_tahiti,C:\Users\nlafn\Documents\GitHub\ReefPassages\data\data_for_transects\profile_from_transects_tahiti.geojson
"391","606",0.0011022331,41.280554388,-149.34808316,-17.760138773,-40.908054352,profile_from_transects_tahiti,C:\Users\nlafn\Documents\GitHub\ReefPassages\data\data_for_transects\profile_from_transects_tahiti.geojson
"391","607",0.0013226797,43.630552873,-149.34788316,-17.760046054,-38.558055878,profile_from_transects_tahiti,C:\Users\nlafn\Documents\GitHub\ReefPassages\data\data_for_transects\profile_from_transects_tahiti.geojson
"391","608",0.0015431263,47.710550895,-149.34768316,-17.759953336,-42.638053894,profile_from_transects_tahiti,C:\Users\nlafn\Documents\GitHub\ReefPassages\data\data_for_transects\profile_from_transects_tahiti.geojson
"391","609",0.0017635729,48.609160084,-149.34748316,-17.759860617,-41.739444733,profile_from_transects_tahiti,C:\Users\nlafn\Documents\GitHub\ReefPassages\data\data_for_transects\profile_from_transects_tahiti.geojson
"391","610",0.0019840195,52.836939478,-149.34728316,-17.759767899,-45.967224121,profile_from_transects_tahiti,C:\Users\nlafn\Documents\GitHub\ReefPassages\data\data_for_transects\profile_from_transects_tahiti.geojson
"391","611",0.0022044662,54.31027476,-149.34708316,-17.75967518,-44.493888855,profile_from_transects_tahiti,C:\Users\nlafn\Documents\GitHub\ReefPassages\data\data_for_transects\profile_from_transects_tahiti.geojson
"391","612",0.0024249128,55.055273725,-149.34688316,-17.759582462,-43.748889923,profile_from_transects_tahiti,C:\Users\nlafn\Documents\GitHub\ReefPassages\data\data_for_transects\profile_from_transects_tahiti.geojson
"391","613",0.0026453594,58.962496479,-149.34668316,-17.759489743,-39.841667175,profile_from_transects_tahiti,C:\Users\nlafn\Documents\GitHub\ReefPassages\data\data_for_transects\profile_from_transects_tahiti.geojson
"391","614",0.002865806,59.525274995,-149.34648316,-17.759397025,-39.278888702,profile_from_transects_tahiti,C:\Users\nlafn\Documents\GitHub\ReefPassages\data\data_for_transects\profile_from_transects_tahiti.geojson
"391","615",0.0030862526,60.459719449,-149.34628316,-17.759304307,-38.344444275,profile_from_transects_tahiti,C:\Users\nlafn\Documents\GitHub\ReefPassages\data\data_for_transects\profile_from_transects_tahiti.geojson
"391","616",0.0033066992,72.769163878,-149.34608316,-17.759211588,-26.034999847,profile_from_transects_tahiti,C:\Users\nlafn\Documents\GitHub\ReefPassages\data\data_for_transects\profile_from_transects_tahiti.geojson
"391","617",0.0035271459,83.10360888,-149.34588316,-17.75911887,-15.700554848,profile_from_transects_tahiti,C:\Users\nlafn\Documents\GitHub\ReefPassages\data\data_for_transects\profile_from_transects_tahiti.geojson
"391","618",0.0037475925,97.431108152,-149.34568316,-17.759026151,-1.3730555773,profile_from_transects_tahiti,C:\Users\nlafn\Documents\GitHub\ReefPassages\data\data_for_transects\profile_from_transects_tahiti.geojson
"391","619",0.0039680391,99.695552633,-149.34548316,-17.758933433,0.8913888931,profile_from_transects_tahiti,C:\Users\nlafn\Documents\GitHub\ReefPassages\data\data_for_transects\profile_from_transects_tahiti.geojson
"392","620",0,0,-149.3360851,-17.76103414,0.3902777731,profile_from_transects_tahiti,C:\Users\nlafn\Documents\GitHub\ReefPassages\data\data_for_transects\profile_from_transects_tahiti.geojson
"392","621",0.0002285001,0.2608334529,-149.3358851,-17.76114465,0.651111126,profile_from_transects_tahiti,C:\Users\nlafn\Documents\GitHub\ReefPassages\data\data_for_transects\profile_from_transects_tahiti.geojson
"392","622",0.0004570003,0.4925002497,-149.3356851,-17.761255159,0.4194444418,profile_from_transects_tahiti,C:\Users\nlafn\Documents\GitHub\ReefPassages\data\data_for_transects\profile_from_transects_tahiti.geojson
"392","623",0.0006855004,6.7691667759,-149.3354851,-17.761365668,-5.8572220802,profile_from_transects_tahiti,C:\Users\nlafn\Documents\GitHub\ReefPassages\data\data_for_transects\profile_from_transects_tahiti.geojson
"392","624",0.0009140005,21.486943553,-149.3352851,-17.761476178,-20.574998856,profile_from_transects_tahiti,C:\Users\nlafn\Documents\GitHub\ReefPassages\data\data_for_transects\profile_from_transects_tahiti.geojson
"392","625",0.0011425006,40.190554928,-149.3350851,-17.761586687,-39.278610229,profile_from_transects_tahiti,C:\Users\nlafn\Documents\GitHub\ReefPassages\data\data_for_transects\profile_from_transects_tahiti.geojson
"392","626",0.0013710008,46.696112946,-149.3348851,-17.761697196,-45.784168243,profile_from_transects_tahiti,C:\Users\nlafn\Documents\GitHub\ReefPassages\data\data_for_transects\profile_from_transects_tahiti.geojson
"392","627",0.0015995009,59.677779513,-149.3346851,-17.761807706,-58.765834808,profile_from_transects_tahiti,C:\Users\nlafn\Documents\GitHub\ReefPassages\data\data_for_transects\profile_from_transects_tahiti.geojson
"392","628",0.001828001,70.017222723,-149.3344851,-17.761918215,-69.105278015,profile_from_transects_tahiti,C:\Users\nlafn\Documents\GitHub\ReefPassages\data\data_for_transects\profile_from_transects_tahiti.geojson
"392","629",0.0020565012,71.550837852,-149.3342851,-17.762028724,-67.571662903,profile_from_transects_tahiti,C:\Users\nlafn\Documents\GitHub\ReefPassages\data\data_for_transects\profile_from_transects_tahiti.geojson
"392","630",0.0022850013,74.984164581,-149.3340851,-17.762139234,-64.138336182,profile_from_transects_tahiti,C:\Users\nlafn\Documents\GitHub\ReefPassages\data\data_for_transects\profile_from_transects_tahiti.geojson
"392","631",0.0025135014,76.538607957,-149.3338851,-17.762249743,-65.692779541,profile_from_transects_tahiti,C:\Users\nlafn\Documents\GitHub\ReefPassages\data\data_for_transects\profile_from_transects_tahiti.geojson
"392","632",0.0027420016,84.248332386,-149.3336851,-17.762360252,-73.402503967,profile_from_transects_tahiti,C:\Users\nlafn\Documents\GitHub\ReefPassages\data\data_for_transects\profile_from_transects_tahiti.geojson
"392","633",0.0029705017,86.373332399,-149.3334851,-17.762470762,-75.527503967,profile_from_transects_tahiti,C:\Users\nlafn\Documents\GitHub\ReefPassages\data\data_for_transects\profile_from_transects_tahiti.geojson
"392","634",0.0031990018,89.296107676,-149.3332851,-17.762581271,-78.450279236,profile_from_transects_tahiti,C:\Users\nlafn\Documents\GitHub\ReefPassages\data\data_for_transects\profile_from_transects_tahiti.geojson
"392","635",0.0034275019,91.106112879,-149.3330851,-17.76269178,-76.640274048,profile_from_transects_tahiti,C:\Users\nlafn\Documents\GitHub\ReefPassages\data\data_for_transects\profile_from_transects_tahiti.geojson
"392","636",0.0036560021,98.00999777,-149.3328851,-17.762802289,-69.73638916,profile_from_transects_tahiti,C:\Users\nlafn\Documents\GitHub\ReefPassages\data\data_for_transects\profile_from_transects_tahiti.geojson
"392","637",0.0038845022,112.25388663,-149.3326851,-17.762912799,-55.492500305,profile_from_transects_tahiti,C:\Users\nlafn\Documents\GitHub\ReefPassages\data\data_for_transects\profile_from_transects_tahiti.geojson
"392","638",0.0041130023,125.73305457,-149.3324851,-17.763023308,-42.013332367,profile_from_transects_tahiti,C:\Users\nlafn\Documents\GitHub\ReefPassages\data\data_for_transects\profile_from_transects_tahiti.geojson
"392","639",0.0043415025,148.89638655,-149.3322851,-17.763133817,-18.850000381,profile_from_transects_tahiti,C:\Users\nlafn\Documents\GitHub\ReefPassages\data\data_for_transects\profile_from_transects_tahiti.geojson
"392","640",0.0045700026,164.51777571,-149.3320851,-17.763244327,-3.2286112309,profile_from_transects_tahiti,C:\Users\nlafn\Documents\GitHub\ReefPassages\data\data_for_transects\profile_from_transects_tahiti.geojson
"392","641",0.0047985027,169.26360911,-149.3318851,-17.763354836,1.5172221661,profile_from_transects_tahiti,C:\Users\nlafn\Documents\GitHub\ReefPassages\data\data_for_transects\profile_from_transects_tahiti.geojson
"392","642",0.0050270028,170.12610909,-149.3316851,-17.763465345,0.6547222137,profile_from_transects_tahiti,C:\Users\nlafn\Documents\GitHub\ReefPassages\data\data_for_transects\profile_from_transects_tahiti.geojson
"392","643",0.005255503,170.50444249,-149.3314851,-17.763575855,0.2763888836,profile_from_transects_tahiti,C:\Users\nlafn\Documents\GitHub\ReefPassages\data\data_for_transects\profile_from_transects_tahiti.geojson
"393","644",0,0,-149.31477996,-17.794946902,0.4813888967,profile_from_transects_tahiti,C:\Users\nlafn\Documents\GitHub\ReefPassages\data\data_for_transects\profile_from_transects_tahiti.geojson
"393","645",0.0002474712,0.1219447084,-149.31463421,-17.795146902,0.3594444394,profile_from_transects_tahiti,C:\Users\nlafn\Documents\GitHub\ReefPassages\data\data_for_transects\profile_from_transects_tahiti.geojson
"393","646",0.0004949425,0.292778222,-149.31448847,-17.795346902,0.1886111051,profile_from_transects_tahiti,C:\Users\nlafn\Documents\GitHub\ReefPassages\data\data_for_transects\profile_from_transects_tahiti.geojson
"393","647",0.0007424137,2.0500004895,-149.31434272,-17.795546902,-1.568611145,profile_from_transects_tahiti,C:\Users\nlafn\Documents\GitHub\ReefPassages\data\data_for_transects\profile_from_transects_tahiti.geojson
"393","648",0.0009898849,5.8366673677,-149.31419697,-17.795746902,-5.3552780151,profile_from_transects_tahiti,C:\Users\nlafn\Documents\GitHub\ReefPassages\data\data_for_transects\profile_from_transects_tahiti.geojson
"393","649",0.0012373562,13.082778288,-149.31405123,-17.795946902,-12.601388931,profile_from_transects_tahiti,C:\Users\nlafn\Documents\GitHub\ReefPassages\data\data_for_transects\profile_from_transects_tahiti.geojson
"393","650",0.0014848274,16.296944939,-149.31390548,-17.796146902,-15.815555573,profile_from_transects_tahiti,C:\Users\nlafn\Documents\GitHub\ReefPassages\data\data_for_transects\profile_from_transects_tahiti.geojson
"393","651",0.0017322986,27.485555018,-149.31375973,-17.796346902,-27.004165649,profile_from_transects_tahiti,C:\Users\nlafn\Documents\GitHub\ReefPassages\data\data_for_transects\profile_from_transects_tahiti.geojson
"393","652",0.0019797698,31.961945864,-149.31361399,-17.796546902,-31.480556488,profile_from_transects_tahiti,C:\Users\nlafn\Documents\GitHub\ReefPassages\data\data_for_transects\profile_from_transects_tahiti.geojson
"393","653",0.0022272411,32.053058337,-149.31346824,-17.796746902,-31.389444351,profile_from_transects_tahiti,C:\Users\nlafn\Documents\GitHub\ReefPassages\data\data_for_transects\profile_from_transects_tahiti.geojson
"393","654",0.0024747123,32.281669463,-149.3133225,-17.796946902,-31.160833359,profile_from_transects_tahiti,C:\Users\nlafn\Documents\GitHub\ReefPassages\data\data_for_transects\profile_from_transects_tahiti.geojson
"393","655",0.0027221835,37.015558096,-149.31317675,-17.797146902,-35.894721985,profile_from_transects_tahiti,C:\Users\nlafn\Documents\GitHub\ReefPassages\data\data_for_transects\profile_from_transects_tahiti.geojson
"393","656",0.0029696548,38.555837504,-149.313031,-17.797346902,-37.435001373,profile_from_transects_tahiti,C:\Users\nlafn\Documents\GitHub\ReefPassages\data\data_for_transects\profile_from_transects_tahiti.geojson
"393","657",0.003217126,38.793062212,-149.31288526,-17.797546902,-37.197776794,profile_from_transects_tahiti,C:\Users\nlafn\Documents\GitHub\ReefPassages\data\data_for_transects\profile_from_transects_tahiti.geojson
"393","658",0.0034645972,42.287504207,-149.31273951,-17.797746902,-33.703334808,profile_from_transects_tahiti,C:\Users\nlafn\Documents\GitHub\ReefPassages\data\data_for_transects\profile_from_transects_tahiti.geojson
"393","659",0.0037120685,43.269170803,-149.31259376,-17.797946902,-32.721668243,profile_from_transects_tahiti,C:\Users\nlafn\Documents\GitHub\ReefPassages\data\data_for_transects\profile_from_transects_tahiti.geojson
"393","660",0.0039595397,44.558889455,-149.31244802,-17.798146902,-34.011386871,profile_from_transects_tahiti,C:\Users\nlafn\Documents\GitHub\ReefPassages\data\data_for_transects\profile_from_transects_tahiti.geojson
"393","661",0.0042070109,45.605001545,-149.31230227,-17.798346902,-35.057498932,profile_from_transects_tahiti,C:\Users\nlafn\Documents\GitHub\ReefPassages\data\data_for_transects\profile_from_transects_tahiti.geojson
"393","662",0.0044544821,47.720560183,-149.31215652,-17.798546902,-37.173057556,profile_from_transects_tahiti,C:\Users\nlafn\Documents\GitHub\ReefPassages\data\data_for_transects\profile_from_transects_tahiti.geojson
"393","663",0.0047019534,48.836118835,-149.31201078,-17.798746902,-36.057498932,profile_from_transects_tahiti,C:\Users\nlafn\Documents\GitHub\ReefPassages\data\data_for_transects\profile_from_transects_tahiti.geojson
"393","664",0.0049494246,50.480009234,-149.31186503,-17.798946902,-37.701389313,profile_from_transects_tahiti,C:\Users\nlafn\Documents\GitHub\ReefPassages\data\data_for_transects\profile_from_transects_tahiti.geojson
"393","665",0.0051968958,50.943063958,-149.31171929,-17.799146902,-38.16444397,profile_from_transects_tahiti,C:\Users\nlafn\Documents\GitHub\ReefPassages\data\data_for_transects\profile_from_transects_tahiti.geojson
"393","666",0.0054443671,51.972505821,-149.31157354,-17.799346902,-37.135002136,profile_from_transects_tahiti,C:\Users\nlafn\Documents\GitHub\ReefPassages\data\data_for_transects\profile_from_transects_tahiti.geojson
"393","667",0.0056918383,59.356119411,-149.31142779,-17.799546902,-29.75138855,profile_from_transects_tahiti,C:\Users\nlafn\Documents\GitHub\ReefPassages\data\data_for_transects\profile_from_transects_tahiti.geojson
"393","668",0.0059393095,76.721674223,-149.31128205,-17.799746902,-12.38583374,profile_from_transects_tahiti,C:\Users\nlafn\Documents\GitHub\ReefPassages\data\data_for_transects\profile_from_transects_tahiti.geojson
"393","669",0.0061867808,83.540563845,-149.3111363,-17.799946902,-5.5669441223,profile_from_transects_tahiti,C:\Users\nlafn\Documents\GitHub\ReefPassages\data\data_for_transects\profile_from_transects_tahiti.geojson
"393","670",0.006434252,88.863619088,-149.31099055,-17.800146902,-0.2438888848,profile_from_transects_tahiti,C:\Users\nlafn\Documents\GitHub\ReefPassages\data\data_for_transects\profile_from_transects_tahiti.geojson
"393","671",0.0066817232,89.402785804,-149.31084481,-17.800346902,0.2952777743,profile_from_transects_tahiti,C:\Users\nlafn\Documents\GitHub\ReefPassages\data\data_for_transects\profile_from_transects_tahiti.geojson
"393","672",0.0069291944,89.626397043,-149.31069906,-17.800546902,0.0716666728,profile_from_transects_tahiti,C:\Users\nlafn\Documents\GitHub\ReefPassages\data\data_for_transects\profile_from_transects_tahiti.geojson
"394","673",0,0,-149.29609418,-17.841819823,-0.3138888776,profile_from_transects_tahiti,C:\Users\nlafn\Documents\GitHub\ReefPassages\data\data_for_transects\profile_from_transects_tahiti.geojson
"394","674",0.0002785902,3.2908333956,-149.29590024,-17.842019823,-3.6047222614,profile_from_transects_tahiti,C:\Users\nlafn\Documents\GitHub\ReefPassages\data\data_for_transects\profile_from_transects_tahiti.geojson
"394","675",0.0005571804,10.270000147,-149.2957063,-17.842219823,-10.583889008,profile_from_transects_tahiti,C:\Users\nlafn\Documents\GitHub\ReefPassages\data\data_for_transects\profile_from_transects_tahiti.geojson
"394","676",0.0008357705,10.365555859,-149.29551236,-17.842419823,-10.679444313,profile_from_transects_tahiti,C:\Users\nlafn\Documents\GitHub\ReefPassages\data\data_for_transects\profile_from_transects_tahiti.geojson
"394","677",0.0011143607,13.595833409,-149.29531842,-17.842619823,-7.4491667747,profile_from_transects_tahiti,C:\Users\nlafn\Documents\GitHub\ReefPassages\data\data_for_transects\profile_from_transects_tahiti.geojson
"395","678",0,0,-149.2748143,-17.857374082,-8.9724998474,profile_from_transects_tahiti,C:\Users\nlafn\Documents\GitHub\ReefPassages\data\data_for_transects\profile_from_transects_tahiti.geojson
"395","679",0.0002108185,0.0222235189,-149.2746143,-17.857440748,-8.9947223663,profile_from_transects_tahiti,C:\Users\nlafn\Documents\GitHub\ReefPassages\data\data_for_transects\profile_from_transects_tahiti.geojson
"395","680",0.000421637,0.0525024587,-149.2744143,-17.857507415,-9.0250005722,profile_from_transects_tahiti,C:\Users\nlafn\Documents\GitHub\ReefPassages\data\data_for_transects\profile_from_transects_tahiti.geojson
"395","681",0.0006324555,0.1561136656,-149.2742143,-17.857574082,-9.1286115646,profile_from_transects_tahiti,C:\Users\nlafn\Documents\GitHub\ReefPassages\data\data_for_transects\profile_from_transects_tahiti.geojson
"395","682",0.000843274,1.8072243282,-149.2740143,-17.857640748,-10.779722214,profile_from_transects_tahiti,C:\Users\nlafn\Documents\GitHub\ReefPassages\data\data_for_transects\profile_from_transects_tahiti.geojson
"395","683",0.0010540926,3.7111130422,-149.2738143,-17.857707415,-8.8758335114,profile_from_transects_tahiti,C:\Users\nlafn\Documents\GitHub\ReefPassages\data\data_for_transects\profile_from_transects_tahiti.geojson
"395","684",0.0012649111,7.3241687544,-149.2736143,-17.857774082,-5.2627778053,profile_from_transects_tahiti,C:\Users\nlafn\Documents\GitHub\ReefPassages\data\data_for_transects\profile_from_transects_tahiti.geojson
"395","685",0.0014757296,10.336391052,-149.2734143,-17.857840748,-2.2505555153,profile_from_transects_tahiti,C:\Users\nlafn\Documents\GitHub\ReefPassages\data\data_for_transects\profile_from_transects_tahiti.geojson
"395","686",0.0016865481,12.493613251,-149.2732143,-17.857907415,-0.0933333263,profile_from_transects_tahiti,C:\Users\nlafn\Documents\GitHub\ReefPassages\data\data_for_transects\profile_from_transects_tahiti.geojson
"396","687",0,0,-149.25466324,-17.860465412,0.5661111474,profile_from_transects_tahiti,C:\Users\nlafn\Documents\GitHub\ReefPassages\data\data_for_transects\profile_from_transects_tahiti.geojson
"396","688",0.0002364906,6.4061113044,-149.25446324,-17.860591617,-5.8400001526,profile_from_transects_tahiti,C:\Users\nlafn\Documents\GitHub\ReefPassages\data\data_for_transects\profile_from_transects_tahiti.geojson
"396","689",0.0004729813,24.057777947,-149.25426324,-17.860717823,-23.491666794,profile_from_transects_tahiti,C:\Users\nlafn\Documents\GitHub\ReefPassages\data\data_for_transects\profile_from_transects_tahiti.geojson
"396","690",0.0007094719,31.177221845,-149.25406324,-17.860844028,-30.611110687,profile_from_transects_tahiti,C:\Users\nlafn\Documents\GitHub\ReefPassages\data\data_for_transects\profile_from_transects_tahiti.geojson
"396","691",0.0009459625,31.955555544,-149.25386324,-17.860970234,-31.389444351,profile_from_transects_tahiti,C:\Users\nlafn\Documents\GitHub\ReefPassages\data\data_for_transects\profile_from_transects_tahiti.geojson
"396","692",0.0011824531,33.722777011,-149.25366324,-17.861096439,-29.6222229,profile_from_transects_tahiti,C:\Users\nlafn\Documents\GitHub\ReefPassages\data\data_for_transects\profile_from_transects_tahiti.geojson
"396","693",0.0014189438,34.748331695,-149.25346324,-17.861222644,-30.647777557,profile_from_transects_tahiti,C:\Users\nlafn\Documents\GitHub\ReefPassages\data\data_for_transects\profile_from_transects_tahiti.geojson
"396","694",0.0016554344,36.614721939,-149.25326324,-17.86134885,-32.514167786,profile_from_transects_tahiti,C:\Users\nlafn\Documents\GitHub\ReefPassages\data\data_for_transects\profile_from_transects_tahiti.geojson
"396","695",0.001891925,37.983889287,-149.25306324,-17.861475055,-31.145000458,profile_from_transects_tahiti,C:\Users\nlafn\Documents\GitHub\ReefPassages\data\data_for_transects\profile_from_transects_tahiti.geojson
"396","696",0.0021284156,49.971945472,-149.25286324,-17.861601261,-19.156944275,profile_from_transects_tahiti,C:\Users\nlafn\Documents\GitHub\ReefPassages\data\data_for_transects\profile_from_transects_tahiti.geojson
"396","697",0.0023649063,61.395834158,-149.25266324,-17.861727466,-7.7330555916,profile_from_transects_tahiti,C:\Users\nlafn\Documents\GitHub\ReefPassages\data\data_for_transects\profile_from_transects_tahiti.geojson
"397","698",0,0,-149.23329494,-17.873303847,-0.5355555415,profile_from_transects_tahiti,C:\Users\nlafn\Documents\GitHub\ReefPassages\data\data_for_transects\profile_from_transects_tahiti.geojson
"397","699",0.0002046868,2.3630555361,-149.23309494,-17.873347398,-2.8986110687,profile_from_transects_tahiti,C:\Users\nlafn\Documents\GitHub\ReefPassages\data\data_for_transects\profile_from_transects_tahiti.geojson
"397","700",0.0004093737,5.8841665535,-149.23289494,-17.873390949,-6.4197220802,profile_from_transects_tahiti,C:\Users\nlafn\Documents\GitHub\ReefPassages\data\data_for_transects\profile_from_transects_tahiti.geojson
"397","701",0.0006140605,9.822500547,-149.23269494,-17.8734345,-10.358056068,profile_from_transects_tahiti,C:\Users\nlafn\Documents\GitHub\ReefPassages\data\data_for_transects\profile_from_transects_tahiti.geojson
"397","702",0.0008187473,10.381666539,-149.23249494,-17.873478052,-10.917222023,profile_from_transects_tahiti,C:\Users\nlafn\Documents\GitHub\ReefPassages\data\data_for_transects\profile_from_transects_tahiti.geojson
"397","703",0.0010234341,12.648332961,-149.23229494,-17.873521603,-8.6505556107,profile_from_transects_tahiti,C:\Users\nlafn\Documents\GitHub\ReefPassages\data\data_for_transects\profile_from_transects_tahiti.geojson
"397","704",0.001228121,13.194444106,-149.23209494,-17.873565154,-8.1044445038,profile_from_transects_tahiti,C:\Users\nlafn\Documents\GitHub\ReefPassages\data\data_for_transects\profile_from_transects_tahiti.geojson
"397","705",0.0014328078,13.659166308,-149.23189494,-17.873608705,-7.6397223473,profile_from_transects_tahiti,C:\Users\nlafn\Documents\GitHub\ReefPassages\data\data_for_transects\profile_from_transects_tahiti.geojson
"397","706",0.0016374946,14.217499742,-149.23169494,-17.873652256,-7.0813889503,profile_from_transects_tahiti,C:\Users\nlafn\Documents\GitHub\ReefPassages\data\data_for_transects\profile_from_transects_tahiti.geojson
"397","707",0.0018421814,14.929166355,-149.23149494,-17.873695807,-7.7930555344,profile_from_transects_tahiti,C:\Users\nlafn\Documents\GitHub\ReefPassages\data\data_for_transects\profile_from_transects_tahiti.geojson
"397","708",0.0020468683,18.16499953,-149.23129494,-17.873739358,-11.028888702,profile_from_transects_tahiti,C:\Users\nlafn\Documents\GitHub\ReefPassages\data\data_for_transects\profile_from_transects_tahiti.geojson
"397","709",0.0022515551,18.4616667,-149.23109494,-17.873782909,-11.325555801,profile_from_transects_tahiti,C:\Users\nlafn\Documents\GitHub\ReefPassages\data\data_for_transects\profile_from_transects_tahiti.geojson
"397","710",0.0024562419,21.495833042,-149.23089494,-17.87382646,-8.2913894653,profile_from_transects_tahiti,C:\Users\nlafn\Documents\GitHub\ReefPassages\data\data_for_transects\profile_from_transects_tahiti.geojson
"397","711",0.0026609288,23.09888901,-149.23069494,-17.873870011,-6.6883335114,profile_from_transects_tahiti,C:\Users\nlafn\Documents\GitHub\ReefPassages\data\data_for_transects\profile_from_transects_tahiti.geojson
"398","712",0,0,-149.19170208,-17.883271434,0.5372222066,profile_from_transects_tahiti,C:\Users\nlafn\Documents\GitHub\ReefPassages\data\data_for_transects\profile_from_transects_tahiti.geojson
"398","713",0.0002023957,1.5172222392,-149.19150208,-17.883302483,-0.9800000191,profile_from_transects_tahiti,C:\Users\nlafn\Documents\GitHub\ReefPassages\data\data_for_transects\profile_from_transects_tahiti.geojson
"398","714",0.0004047914,13.034445122,-149.19130208,-17.883333531,-12.4972229,profile_from_transects_tahiti,C:\Users\nlafn\Documents\GitHub\ReefPassages\data\data_for_transects\profile_from_transects_tahiti.geojson
"398","715",0.0006071871,29.703333216,-149.19110208,-17.88336458,-29.166110992,profile_from_transects_tahiti,C:\Users\nlafn\Documents\GitHub\ReefPassages\data\data_for_transects\profile_from_transects_tahiti.geojson
"398","716",0.0008095828,37.368055661,-149.19090208,-17.883395629,-36.830833435,profile_from_transects_tahiti,C:\Users\nlafn\Documents\GitHub\ReefPassages\data\data_for_transects\profile_from_transects_tahiti.geojson
"398","717",0.0010119785,38.878610942,-149.19070208,-17.883426678,-35.320278168,profile_from_transects_tahiti,C:\Users\nlafn\Documents\GitHub\ReefPassages\data\data_for_transects\profile_from_transects_tahiti.geojson
"398","718",0.0012143743,50.378055905,-149.19050208,-17.883457726,-23.820833206,profile_from_transects_tahiti,C:\Users\nlafn\Documents\GitHub\ReefPassages\data\data_for_transects\profile_from_transects_tahiti.geojson
"399","719",0,0,-149.12822073,-17.864778575,-11.080555916,profile_from_transects_tahiti,C:\Users\nlafn\Documents\GitHub\ReefPassages\data\data_for_transects\profile_from_transects_tahiti.geojson
"399","720",0.0002097928,2.3933334443,-149.12815738,-17.864578575,-13.473889351,profile_from_transects_tahiti,C:\Users\nlafn\Documents\GitHub\ReefPassages\data\data_for_transects\profile_from_transects_tahiti.geojson
"399","721",0.0004195856,5.6569452445,-149.12809403,-17.864378575,-16.737501144,profile_from_transects_tahiti,C:\Users\nlafn\Documents\GitHub\ReefPassages\data\data_for_transects\profile_from_transects_tahiti.geojson
"399","722",0.0006293784,7.8047228121,-149.12803068,-17.864178575,-18.885278702,profile_from_transects_tahiti,C:\Users\nlafn\Documents\GitHub\ReefPassages\data\data_for_transects\profile_from_transects_tahiti.geojson
"399","723",0.0008391712,10.557223354,-149.12796733,-17.863978575,-16.132778168,profile_from_transects_tahiti,C:\Users\nlafn\Documents\GitHub\ReefPassages\data\data_for_transects\profile_from_transects_tahiti.geojson
"399","724",0.001048964,14.859168092,-149.12790398,-17.863778575,-11.830833435,profile_from_transects_tahiti,C:\Users\nlafn\Documents\GitHub\ReefPassages\data\data_for_transects\profile_from_transects_tahiti.geojson
"411","1",0,0,-149.29716377,-17.683745249,-3.2313888073,temp2,C:\Users\nlafn\Documents\GitHub\ReefPassages\data\data_for_transects\temp2.geojson
"411","2",0.0002008465,2.4466669642,-149.29714535,-17.683945249,-5.6780557632,temp2,C:\Users\nlafn\Documents\GitHub\ReefPassages\data\data_for_transects\temp2.geojson
"411","3",0.0004016931,3.9794447636,-149.29712693,-17.684145249,-7.2108335495,temp2,C:\Users\nlafn\Documents\GitHub\ReefPassages\data\data_for_transects\temp2.geojson
"411","4",0.0006025396,5.8866665683,-149.29710851,-17.684345249,-9.1180553436,temp2,C:\Users\nlafn\Documents\GitHub\ReefPassages\data\data_for_transects\temp2.geojson
"411","5",0.0008033862,6.4641669466,-149.29709008,-17.684545249,-9.695555687,temp2,C:\Users\nlafn\Documents\GitHub\ReefPassages\data\data_for_transects\temp2.geojson
"411","6",0.0010042327,13.412221263,-149.29707166,-17.684745249,-16.643610001,temp2,C:\Users\nlafn\Documents\GitHub\ReefPassages\data\data_for_transects\temp2.geojson
"411","7",0.0012050793,25.177222562,-149.29705324,-17.684945249,-28.408611298,temp2,C:\Users\nlafn\Documents\GitHub\ReefPassages\data\data_for_transects\temp2.geojson
"411","8",0.0014059258,34.286387756,-149.29703482,-17.685145249,-37.517776489,temp2,C:\Users\nlafn\Documents\GitHub\ReefPassages\data\data_for_transects\temp2.geojson
"411","9",0.0016067724,39.674445468,-149.2970164,-17.685345249,-42.905834198,temp2,C:\Users\nlafn\Documents\GitHub\ReefPassages\data\data_for_transects\temp2.geojson
"411","10",0.0018076189,41.795001355,-149.29699798,-17.685545249,-40.78527832,temp2,C:\Users\nlafn\Documents\GitHub\ReefPassages\data\data_for_transects\temp2.geojson
"411","11",0.0020084655,53.566113799,-149.29697956,-17.685745249,-29.014165878,temp2,C:\Users\nlafn\Documents\GitHub\ReefPassages\data\data_for_transects\temp2.geojson
"411","12",0.002209312,66.602224679,-149.29696114,-17.685945249,-15.978055,temp2,C:\Users\nlafn\Documents\GitHub\ReefPassages\data\data_for_transects\temp2.geojson
"411","13",0.0024101586,72.653890942,-149.29694272,-17.686145249,-9.9263887405,temp2,C:\Users\nlafn\Documents\GitHub\ReefPassages\data\data_for_transects\temp2.geojson
"411","14",0.0026110051,74.182779657,-149.29692429,-17.686345249,-8.3975000381,temp2,C:\Users\nlafn\Documents\GitHub\ReefPassages\data\data_for_transects\temp2.geojson
"411","15",0.0028118516,77.238613004,-149.29690587,-17.686545249,-5.3416666985,temp2,C:\Users\nlafn\Documents\GitHub\ReefPassages\data\data_for_transects\temp2.geojson
"411","16",0.0030126982,81.940279721,-149.29688745,-17.686745249,-0.6399999857,temp2,C:\Users\nlafn\Documents\GitHub\ReefPassages\data\data_for_transects\temp2.geojson
"380","17",0,0,-149.61786531,-17.634378522,-6.693611145,temp2,C:\Users\nlafn\Documents\GitHub\ReefPassages\data\data_for_transects\temp2.geojson
"380","18",0.0002149594,3.6747217241,-149.61766531,-17.63445731,-10.368332863,temp2,C:\Users\nlafn\Documents\GitHub\ReefPassages\data\data_for_transects\temp2.geojson
