{
"type": "FeatureCollection",
"name": "profile_from_transects_tahiti",
"crs": { "type": "name", "properties": { "name": "urn:ogc:def:crs:OGC:1.3:CRS84" } },
"features": [
{ "type": "Feature", "properties": { "LINE_ID": 415, "ID": 1, "DIST": 0.0, "DIST_SURF": 0.0, "X": -149.5892783, "Y": -17.536868728999998, "Z": 0.4469444454, "layer": "profile_from_transects_tahiti", "path": "C:\\Users\\nlafn\\Documents\\GitHub\\ReefPassages\\data\\data_for_transects\\profile_from_transects_tahiti.geojson" }, "geometry": { "type": "Point", "coordinates": [ -149.589278298942077, -17.536868729424683 ] } },
{ "type": "Feature", "properties": { "LINE_ID": 415, "ID": 2, "DIST": 0.0002204569, "DIST_SURF": 0.2611112035, "X": -149.5890783, "Y": -17.536775986, "Z": 0.1858333349, "layer": "profile_from_transects_tahiti", "path": "C:\\Users\\nlafn\\Documents\\GitHub\\ReefPassages\\data\\data_for_transects\\profile_from_transects_tahiti.geojson" }, "geometry": { "type": "Point", "coordinates": [ -149.58907829894207, -17.536775986497254 ] } },
{ "type": "Feature", "properties": { "LINE_ID": 415, "ID": 3, "DIST": 0.0004409138, "DIST_SURF": 1.1594445416000001, "X": -149.5888783, "Y": -17.536683244, "Z": -0.7124999762000001, "layer": "profile_from_transects_tahiti", "path": "C:\\Users\\nlafn\\Documents\\GitHub\\ReefPassages\\data\\data_for_transects\\profile_from_transects_tahiti.geojson" }, "geometry": { "type": "Point", "coordinates": [ -149.588878298942063, -17.536683243569826 ] } },
{ "type": "Feature", "properties": { "LINE_ID": 415, "ID": 4, "DIST": 0.0006613707, "DIST_SURF": 2.3033335132000001, "X": -149.5886783, "Y": -17.536590501, "Z": -1.8563889265, "layer": "profile_from_transects_tahiti", "path": "C:\\Users\\nlafn\\Documents\\GitHub\\ReefPassages\\data\\data_for_transects\\profile_from_transects_tahiti.geojson" }, "geometry": { "type": "Point", "coordinates": [ -149.588678298942057, -17.536590500642397 ] } },
{ "type": "Feature", "properties": { "LINE_ID": 415, "ID": 5, "DIST": 0.0008818277, "DIST_SURF": 3.7563890309, "X": -149.5884783, "Y": -17.536497758, "Z": -3.3094444275, "layer": "profile_from_transects_tahiti", "path": "C:\\Users\\nlafn\\Documents\\GitHub\\ReefPassages\\data\\data_for_transects\\profile_from_transects_tahiti.geojson" }, "geometry": { "type": "Point", "coordinates": [ -149.58847829894205, -17.536497757714969 ] } },
{ "type": "Feature", "properties": { "LINE_ID": 415, "ID": 6, "DIST": 0.0011022846, "DIST_SURF": 4.125833467, "X": -149.5882783, "Y": -17.536405015, "Z": -3.6788887978, "layer": "profile_from_transects_tahiti", "path": "C:\\Users\\nlafn\\Documents\\GitHub\\ReefPassages\\data\\data_for_transects\\profile_from_transects_tahiti.geojson" }, "geometry": { "type": "Point", "coordinates": [ -149.588278298942043, -17.53640501478754 ] } },
{ "type": "Feature", "properties": { "LINE_ID": 415, "ID": 7, "DIST": 0.0013227415, "DIST_SURF": 4.1580564921000001, "X": -149.5880783, "Y": -17.536312272, "Z": -3.7111110687000002, "layer": "profile_from_transects_tahiti", "path": "C:\\Users\\nlafn\\Documents\\GitHub\\ReefPassages\\data\\data_for_transects\\profile_from_transects_tahiti.geojson" }, "geometry": { "type": "Point", "coordinates": [ -149.588078298942037, -17.536312271860112 ] } },
{ "type": "Feature", "properties": { "LINE_ID": 415, "ID": 8, "DIST": 0.0015431984, "DIST_SURF": 4.3930564906000003, "X": -149.5878783, "Y": -17.536219529, "Z": -3.4761111736000001, "layer": "profile_from_transects_tahiti", "path": "C:\\Users\\nlafn\\Documents\\GitHub\\ReefPassages\\data\\data_for_transects\\profile_from_transects_tahiti.geojson" }, "geometry": { "type": "Point", "coordinates": [ -149.58787829894203, -17.536219528932683 ] } },
{ "type": "Feature", "properties": { "LINE_ID": 415, "ID": 9, "DIST": 0.0017636553, "DIST_SURF": 4.4163908431000003, "X": -149.5876783, "Y": -17.536126786000001, "Z": -3.4994444847000001, "layer": "profile_from_transects_tahiti", "path": "C:\\Users\\nlafn\\Documents\\GitHub\\ReefPassages\\data\\data_for_transects\\profile_from_transects_tahiti.geojson" }, "geometry": { "type": "Point", "coordinates": [ -149.587678298942024, -17.536126786005255 ] } },
{ "type": "Feature", "properties": { "LINE_ID": 415, "ID": 10, "DIST": 0.0019841122, "DIST_SURF": 4.7227797774000004, "X": -149.5874783, "Y": -17.536034043000001, "Z": -3.1930556297, "layer": "profile_from_transects_tahiti", "path": "C:\\Users\\nlafn\\Documents\\GitHub\\ReefPassages\\data\\data_for_transects\\profile_from_transects_tahiti.geojson" }, "geometry": { "type": "Point", "coordinates": [ -149.587478298942017, -17.536034043077827 ] } },
{ "type": "Feature", "properties": { "LINE_ID": 415, "ID": 11, "DIST": 0.0022045691, "DIST_SURF": 5.0966685733999997, "X": -149.5872783, "Y": -17.5359413, "Z": -3.5669443607, "layer": "profile_from_transects_tahiti", "path": "C:\\Users\\nlafn\\Documents\\GitHub\\ReefPassages\\data\\data_for_transects\\profile_from_transects_tahiti.geojson" }, "geometry": { "type": "Point", "coordinates": [ -149.58727829894201, -17.535941300150398 ] } },
{ "type": "Feature", "properties": { "LINE_ID": 415, "ID": 12, "DIST": 0.002425026, "DIST_SURF": 5.1425024527999996, "X": -149.5870783, "Y": -17.535848557000001, "Z": -3.61277771, "layer": "profile_from_transects_tahiti", "path": "C:\\Users\\nlafn\\Documents\\GitHub\\ReefPassages\\data\\data_for_transects\\profile_from_transects_tahiti.geojson" }, "geometry": { "type": "Point", "coordinates": [ -149.587078298942004, -17.53584855722297 ] } },
{ "type": "Feature", "properties": { "LINE_ID": 415, "ID": 13, "DIST": 0.002645483, "DIST_SURF": 5.404447078, "X": -149.5868783, "Y": -17.535755814000002, "Z": -3.8747222423999998, "layer": "profile_from_transects_tahiti", "path": "C:\\Users\\nlafn\\Documents\\GitHub\\ReefPassages\\data\\data_for_transects\\profile_from_transects_tahiti.geojson" }, "geometry": { "type": "Point", "coordinates": [ -149.586878298941997, -17.535755814295541 ] } },
{ "type": "Feature", "properties": { "LINE_ID": 415, "ID": 14, "DIST": 0.0028659399, "DIST_SURF": 5.6391695573999998, "X": -149.5866783, "Y": -17.535663070999998, "Z": -4.1094446182000004, "layer": "profile_from_transects_tahiti", "path": "C:\\Users\\nlafn\\Documents\\GitHub\\ReefPassages\\data\\data_for_transects\\profile_from_transects_tahiti.geojson" }, "geometry": { "type": "Point", "coordinates": [ -149.58667829894199, -17.535663071368113 ] } },
{ "type": "Feature", "properties": { "LINE_ID": 415, "ID": 15, "DIST": 0.0030863968, "DIST_SURF": 6.9877804534000001, "X": -149.5864783, "Y": -17.535570328, "Z": -5.4580554962000001, "layer": "profile_from_transects_tahiti", "path": "C:\\Users\\nlafn\\Documents\\GitHub\\ReefPassages\\data\\data_for_transects\\profile_from_transects_tahiti.geojson" }, "geometry": { "type": "Point", "coordinates": [ -149.586478298941984, -17.535570328440684 ] } },
{ "type": "Feature", "properties": { "LINE_ID": 415, "ID": 16, "DIST": 0.0033068537, "DIST_SURF": 10.311669239, "X": -149.5862783, "Y": -17.535477586, "Z": -8.7819442749000007, "layer": "profile_from_transects_tahiti", "path": "C:\\Users\\nlafn\\Documents\\GitHub\\ReefPassages\\data\\data_for_transects\\profile_from_transects_tahiti.geojson" }, "geometry": { "type": "Point", "coordinates": [ -149.586278298941977, -17.535477585513256 ] } },
{ "type": "Feature", "properties": { "LINE_ID": 415, "ID": 17, "DIST": 0.0035273106, "DIST_SURF": 13.866113559, "X": -149.5860783, "Y": -17.535384843, "Z": -12.336388588, "layer": "profile_from_transects_tahiti", "path": "C:\\Users\\nlafn\\Documents\\GitHub\\ReefPassages\\data\\data_for_transects\\profile_from_transects_tahiti.geojson" }, "geometry": { "type": "Point", "coordinates": [ -149.58607829894197, -17.535384842585827 ] } },
{ "type": "Feature", "properties": { "LINE_ID": 415, "ID": 18, "DIST": 0.0037477675, "DIST_SURF": 16.790280246999998, "X": -149.5858783, "Y": -17.5352921, "Z": -15.260555267000001, "layer": "profile_from_transects_tahiti", "path": "C:\\Users\\nlafn\\Documents\\GitHub\\ReefPassages\\data\\data_for_transects\\profile_from_transects_tahiti.geojson" }, "geometry": { "type": "Point", "coordinates": [ -149.585878298941964, -17.535292099658399 ] } },
{ "type": "Feature", "properties": { "LINE_ID": 415, "ID": 19, "DIST": 0.0039682244, "DIST_SURF": 21.06028071, "X": -149.5856783, "Y": -17.535199357, "Z": -19.530555725, "layer": "profile_from_transects_tahiti", "path": "C:\\Users\\nlafn\\Documents\\GitHub\\ReefPassages\\data\\data_for_transects\\profile_from_transects_tahiti.geojson" }, "geometry": { "type": "Point", "coordinates": [ -149.585678298941957, -17.535199356730971 ] } },
{ "type": "Feature", "properties": { "LINE_ID": 415, "ID": 20, "DIST": 0.0041886814, "DIST_SURF": 23.89805881, "X": -149.5854783, "Y": -17.535106614, "Z": -22.368333817, "layer": "profile_from_transects_tahiti", "path": "C:\\Users\\nlafn\\Documents\\GitHub\\ReefPassages\\data\\data_for_transects\\profile_from_transects_tahiti.geojson" }, "geometry": { "type": "Point", "coordinates": [ -149.58547829894195, -17.535106613803542 ] } },
{ "type": "Feature", "properties": { "LINE_ID": 415, "ID": 21, "DIST": 0.0044091383, "DIST_SURF": 31.663615149000002, "X": -149.5852783, "Y": -17.535013871, "Z": -14.602777481, "layer": "profile_from_transects_tahiti", "path": "C:\\Users\\nlafn\\Documents\\GitHub\\ReefPassages\\data\\data_for_transects\\profile_from_transects_tahiti.geojson" }, "geometry": { "type": "Point", "coordinates": [ -149.585278298941944, -17.535013870876114 ] } },
{ "type": "Feature", "properties": { "LINE_ID": 415, "ID": 22, "DIST": 0.0046295952, "DIST_SURF": 34.817781378, "X": -149.5850783, "Y": -17.534921128000001, "Z": -11.448611259, "layer": "profile_from_transects_tahiti", "path": "C:\\Users\\nlafn\\Documents\\GitHub\\ReefPassages\\data\\data_for_transects\\profile_from_transects_tahiti.geojson" }, "geometry": { "type": "Point", "coordinates": [ -149.585078298941937, -17.534921127948685 ] } },
{ "type": "Feature", "properties": { "LINE_ID": 415, "ID": 23, "DIST": 0.0048500521, "DIST_SURF": 40.859170370999998, "X": -149.5848783, "Y": -17.534828385000001, "Z": -5.407222271, "layer": "profile_from_transects_tahiti", "path": "C:\\Users\\nlafn\\Documents\\GitHub\\ReefPassages\\data\\data_for_transects\\profile_from_transects_tahiti.geojson" }, "geometry": { "type": "Point", "coordinates": [ -149.584878298941931, -17.534828385021257 ] } },
{ "type": "Feature", "properties": { "LINE_ID": 415, "ID": 24, "DIST": 0.005070509, "DIST_SURF": 43.776670398, "X": -149.5846783, "Y": -17.534735642000001, "Z": -2.4897222519, "layer": "profile_from_transects_tahiti", "path": "C:\\Users\\nlafn\\Documents\\GitHub\\ReefPassages\\data\\data_for_transects\\profile_from_transects_tahiti.geojson" }, "geometry": { "type": "Point", "coordinates": [ -149.584678298941924, -17.534735642093828 ] } },
{ "type": "Feature", "properties": { "LINE_ID": 415, "ID": 25, "DIST": 0.0052909659, "DIST_SURF": 45.998892648000002, "X": -149.5844783, "Y": -17.534642899000001, "Z": -0.2675000131, "layer": "profile_from_transects_tahiti", "path": "C:\\Users\\nlafn\\Documents\\GitHub\\ReefPassages\\data\\data_for_transects\\profile_from_transects_tahiti.geojson" }, "geometry": { "type": "Point", "coordinates": [ -149.584478298941917, -17.5346428991664 ] } },
{ "type": "Feature", "properties": { "LINE_ID": 415, "ID": 26, "DIST": 0.0055114228, "DIST_SURF": 46.544726042000001, "X": -149.5842783, "Y": -17.534550156000002, "Z": 0.2783333361, "layer": "profile_from_transects_tahiti", "path": "C:\\Users\\nlafn\\Documents\\GitHub\\ReefPassages\\data\\data_for_transects\\profile_from_transects_tahiti.geojson" }, "geometry": { "type": "Point", "coordinates": [ -149.584278298941911, -17.534550156238971 ] } },
{ "type": "Feature", "properties": { "LINE_ID": 415, "ID": 27, "DIST": 0.0057318797, "DIST_SURF": 47.33305934, "X": -149.5840783, "Y": -17.534457412999998, "Z": 1.0666666031000001, "layer": "profile_from_transects_tahiti", "path": "C:\\Users\\nlafn\\Documents\\GitHub\\ReefPassages\\data\\data_for_transects\\profile_from_transects_tahiti.geojson" }, "geometry": { "type": "Point", "coordinates": [ -149.584078298941904, -17.534457413311543 ] } },
{ "type": "Feature", "properties": { "LINE_ID": 415, "ID": 28, "DIST": 0.0059523367, "DIST_SURF": 48.23111492, "X": -149.5838783, "Y": -17.53436467, "Z": 1.9647221565, "layer": "profile_from_transects_tahiti", "path": "C:\\Users\\nlafn\\Documents\\GitHub\\ReefPassages\\data\\data_for_transects\\profile_from_transects_tahiti.geojson" }, "geometry": { "type": "Point", "coordinates": [ -149.583878298941897, -17.534364670384115 ] } },
{ "type": "Feature", "properties": { "LINE_ID": 416, "ID": 29, "DIST": 0.0, "DIST_SURF": 0.0, "X": -149.5537534, "Y": -17.519917306, "Z": 0.31999999289999997, "layer": "profile_from_transects_tahiti", "path": "C:\\Users\\nlafn\\Documents\\GitHub\\ReefPassages\\data\\data_for_transects\\profile_from_transects_tahiti.geojson" }, "geometry": { "type": "Point", "coordinates": [ -149.553753401122293, -17.519917305521393 ] } },
{ "type": "Feature", "properties": { "LINE_ID": 416, "ID": 30, "DIST": 0.0002158818, "DIST_SURF": 0.0263897666, "X": -149.5535534, "Y": -17.519836035000001, "Z": 0.2936111093, "layer": "profile_from_transects_tahiti", "path": "C:\\Users\\nlafn\\Documents\\GitHub\\ReefPassages\\data\\data_for_transects\\profile_from_transects_tahiti.geojson" }, "geometry": { "type": "Point", "coordinates": [ -149.553553401122286, -17.519836034618383 ] } },
{ "type": "Feature", "properties": { "LINE_ID": 416, "ID": 31, "DIST": 0.0004317636, "DIST_SURF": 1.0236120347, "X": -149.5533534, "Y": -17.519754764000002, "Z": -0.7036111355, "layer": "profile_from_transects_tahiti", "path": "C:\\Users\\nlafn\\Documents\\GitHub\\ReefPassages\\data\\data_for_transects\\profile_from_transects_tahiti.geojson" }, "geometry": { "type": "Point", "coordinates": [ -149.55335340112228, -17.519754763715373 ] } },
{ "type": "Feature", "properties": { "LINE_ID": 416, "ID": 32, "DIST": 0.0006476455, "DIST_SURF": 8.4758341467000005, "X": -149.5531534, "Y": -17.519673493, "Z": -8.1558332443000001, "layer": "profile_from_transects_tahiti", "path": "C:\\Users\\nlafn\\Documents\\GitHub\\ReefPassages\\data\\data_for_transects\\profile_from_transects_tahiti.geojson" }, "geometry": { "type": "Point", "coordinates": [ -149.553153401122273, -17.519673492812363 ] } },
{ "type": "Feature", "properties": { "LINE_ID": 416, "ID": 33, "DIST": 0.0008635273, "DIST_SURF": 26.282500522, "X": -149.5529534, "Y": -17.519592222, "Z": -25.962499619, "layer": "profile_from_transects_tahiti", "path": "C:\\Users\\nlafn\\Documents\\GitHub\\ReefPassages\\data\\data_for_transects\\profile_from_transects_tahiti.geojson" }, "geometry": { "type": "Point", "coordinates": [ -149.552953401122267, -17.519592221909353 ] } },
{ "type": "Feature", "properties": { "LINE_ID": 416, "ID": 34, "DIST": 0.0010794091, "DIST_SURF": 39.264722127, "X": -149.5527534, "Y": -17.519510951000001, "Z": -38.944721221999998, "layer": "profile_from_transects_tahiti", "path": "C:\\Users\\nlafn\\Documents\\GitHub\\ReefPassages\\data\\data_for_transects\\profile_from_transects_tahiti.geojson" }, "geometry": { "type": "Point", "coordinates": [ -149.55275340112226, -17.519510951006342 ] } },
{ "type": "Feature", "properties": { "LINE_ID": 416, "ID": 35, "DIST": 0.0012952909, "DIST_SURF": 48.397500297999997, "X": -149.5525534, "Y": -17.51942968, "Z": -48.07749939, "layer": "profile_from_transects_tahiti", "path": "C:\\Users\\nlafn\\Documents\\GitHub\\ReefPassages\\data\\data_for_transects\\profile_from_transects_tahiti.geojson" }, "geometry": { "type": "Point", "coordinates": [ -149.552553401122253, -17.519429680103332 ] } },
{ "type": "Feature", "properties": { "LINE_ID": 416, "ID": 36, "DIST": 0.0015111727, "DIST_SURF": 50.514447482999998, "X": -149.5523534, "Y": -17.519348409, "Z": -50.194446564000003, "layer": "profile_from_transects_tahiti", "path": "C:\\Users\\nlafn\\Documents\\GitHub\\ReefPassages\\data\\data_for_transects\\profile_from_transects_tahiti.geojson" }, "geometry": { "type": "Point", "coordinates": [ -149.552353401122247, -17.519348409200322 ] } },
{ "type": "Feature", "properties": { "LINE_ID": 416, "ID": 37, "DIST": 0.0017270546, "DIST_SURF": 53.920834819, "X": -149.5521534, "Y": -17.519267138, "Z": -53.600833893000001, "layer": "profile_from_transects_tahiti", "path": "C:\\Users\\nlafn\\Documents\\GitHub\\ReefPassages\\data\\data_for_transects\\profile_from_transects_tahiti.geojson" }, "geometry": { "type": "Point", "coordinates": [ -149.55215340112224, -17.519267138297312 ] } },
{ "type": "Feature", "properties": { "LINE_ID": 416, "ID": 38, "DIST": 0.0019429364, "DIST_SURF": 53.953889875000002, "X": -149.5519534, "Y": -17.519185867000001, "Z": -53.633888245000001, "layer": "profile_from_transects_tahiti", "path": "C:\\Users\\nlafn\\Documents\\GitHub\\ReefPassages\\data\\data_for_transects\\profile_from_transects_tahiti.geojson" }, "geometry": { "type": "Point", "coordinates": [ -149.551953401122233, -17.519185867394302 ] } },
{ "type": "Feature", "properties": { "LINE_ID": 416, "ID": 39, "DIST": 0.0021588182, "DIST_SURF": 54.477777554, "X": -149.5517534, "Y": -17.519104595999998, "Z": -53.11000061, "layer": "profile_from_transects_tahiti", "path": "C:\\Users\\nlafn\\Documents\\GitHub\\ReefPassages\\data\\data_for_transects\\profile_from_transects_tahiti.geojson" }, "geometry": { "type": "Point", "coordinates": [ -149.551753401122227, -17.519104596491292 ] } },
{ "type": "Feature", "properties": { "LINE_ID": 416, "ID": 40, "DIST": 0.0023747, "DIST_SURF": 55.208055600999998, "X": -149.5515534, "Y": -17.519023326, "Z": -53.840278625000003, "layer": "profile_from_transects_tahiti", "path": "C:\\Users\\nlafn\\Documents\\GitHub\\ReefPassages\\data\\data_for_transects\\profile_from_transects_tahiti.geojson" }, "geometry": { "type": "Point", "coordinates": [ -149.55155340112222, -17.519023325588282 ] } },
{ "type": "Feature", "properties": { "LINE_ID": 416, "ID": 41, "DIST": 0.0025905818, "DIST_SURF": 56.567777755999998, "X": -149.5513534, "Y": -17.518942055, "Z": -52.480556487999998, "layer": "profile_from_transects_tahiti", "path": "C:\\Users\\nlafn\\Documents\\GitHub\\ReefPassages\\data\\data_for_transects\\profile_from_transects_tahiti.geojson" }, "geometry": { "type": "Point", "coordinates": [ -149.551353401122213, -17.518942054685272 ] } },
{ "type": "Feature", "properties": { "LINE_ID": 416, "ID": 42, "DIST": 0.0028064636, "DIST_SURF": 57.536943582, "X": -149.5511534, "Y": -17.518860784000001, "Z": -51.511390686, "layer": "profile_from_transects_tahiti", "path": "C:\\Users\\nlafn\\Documents\\GitHub\\ReefPassages\\data\\data_for_transects\\profile_from_transects_tahiti.geojson" }, "geometry": { "type": "Point", "coordinates": [ -149.551153401122207, -17.518860783782262 ] } },
{ "type": "Feature", "properties": { "LINE_ID": 416, "ID": 43, "DIST": 0.0030223455, "DIST_SURF": 59.621389546000003, "X": -149.5509534, "Y": -17.518779512999998, "Z": -49.426944733, "layer": "profile_from_transects_tahiti", "path": "C:\\Users\\nlafn\\Documents\\GitHub\\ReefPassages\\data\\data_for_transects\\profile_from_transects_tahiti.geojson" }, "geometry": { "type": "Point", "coordinates": [ -149.5509534011222, -17.518779512879252 ] } },
{ "type": "Feature", "properties": { "LINE_ID": 416, "ID": 44, "DIST": 0.0032382273, "DIST_SURF": 64.162222071000002, "X": -149.5507534, "Y": -17.518698242, "Z": -44.886112212999997, "layer": "profile_from_transects_tahiti", "path": "C:\\Users\\nlafn\\Documents\\GitHub\\ReefPassages\\data\\data_for_transects\\profile_from_transects_tahiti.geojson" }, "geometry": { "type": "Point", "coordinates": [ -149.550753401122194, -17.518698241976242 ] } },
{ "type": "Feature", "properties": { "LINE_ID": 416, "ID": 45, "DIST": 0.0034541091, "DIST_SURF": 70.09083383, "X": -149.5505534, "Y": -17.518616971, "Z": -38.957500457999998, "layer": "profile_from_transects_tahiti", "path": "C:\\Users\\nlafn\\Documents\\GitHub\\ReefPassages\\data\\data_for_transects\\profile_from_transects_tahiti.geojson" }, "geometry": { "type": "Point", "coordinates": [ -149.550553401122187, -17.518616971073232 ] } },
{ "type": "Feature", "properties": { "LINE_ID": 416, "ID": 46, "DIST": 0.0036699909, "DIST_SURF": 77.053890397999993, "X": -149.5503534, "Y": -17.5185357, "Z": -31.994443893, "layer": "profile_from_transects_tahiti", "path": "C:\\Users\\nlafn\\Documents\\GitHub\\ReefPassages\\data\\data_for_transects\\profile_from_transects_tahiti.geojson" }, "geometry": { "type": "Point", "coordinates": [ -149.55035340112218, -17.518535700170222 ] } },
{ "type": "Feature", "properties": { "LINE_ID": 416, "ID": 47, "DIST": 0.0038858727, "DIST_SURF": 91.751945667000001, "X": -149.5501534, "Y": -17.518454428999998, "Z": -17.296388626, "layer": "profile_from_transects_tahiti", "path": "C:\\Users\\nlafn\\Documents\\GitHub\\ReefPassages\\data\\data_for_transects\\profile_from_transects_tahiti.geojson" }, "geometry": { "type": "Point", "coordinates": [ -149.550153401122174, -17.518454429267212 ] } },
{ "type": "Feature", "properties": { "LINE_ID": 416, "ID": 48, "DIST": 0.0041017546, "DIST_SURF": 103.8069455, "X": -149.5499534, "Y": -17.518373158, "Z": -5.2413887978, "layer": "profile_from_transects_tahiti", "path": "C:\\Users\\nlafn\\Documents\\GitHub\\ReefPassages\\data\\data_for_transects\\profile_from_transects_tahiti.geojson" }, "geometry": { "type": "Point", "coordinates": [ -149.549953401122167, -17.518373158364202 ] } },
{ "type": "Feature", "properties": { "LINE_ID": 420, "ID": 49, "DIST": 0.0, "DIST_SURF": 0.0, "X": -149.48751635, "Y": -17.491721671000001, "Z": 0.3736110926, "layer": "profile_from_transects_tahiti", "path": "C:\\Users\\nlafn\\Documents\\GitHub\\ReefPassages\\data\\data_for_transects\\profile_from_transects_tahiti.geojson" }, "geometry": { "type": "Point", "coordinates": [ -149.48751635469884, -17.491721670724203 ] } },
{ "type": "Feature", "properties": { "LINE_ID": 420, "ID": 50, "DIST": 0.0002158399, "DIST_SURF": 0.0911113792, "X": -149.48731635, "Y": -17.49180283, "Z": 0.4647222161, "layer": "profile_from_transects_tahiti", "path": "C:\\Users\\nlafn\\Documents\\GitHub\\ReefPassages\\data\\data_for_transects\\profile_from_transects_tahiti.geojson" }, "geometry": { "type": "Point", "coordinates": [ -149.487316354698834, -17.491802830144493 ] } },
{ "type": "Feature", "properties": { "LINE_ID": 420, "ID": 51, "DIST": 0.0004316797, "DIST_SURF": 0.3327781353, "X": -149.48711635000001, "Y": -17.49188399, "Z": 0.2230555564, "layer": "profile_from_transects_tahiti", "path": "C:\\Users\\nlafn\\Documents\\GitHub\\ReefPassages\\data\\data_for_transects\\profile_from_transects_tahiti.geojson" }, "geometry": { "type": "Point", "coordinates": [ -149.487116354698827, -17.491883989564784 ] } },
{ "type": "Feature", "properties": { "LINE_ID": 420, "ID": 52, "DIST": 0.0006475196, "DIST_SURF": 1.3677781393, "X": -149.48691635, "Y": -17.491965149, "Z": -0.8119444251, "layer": "profile_from_transects_tahiti", "path": "C:\\Users\\nlafn\\Documents\\GitHub\\ReefPassages\\data\\data_for_transects\\profile_from_transects_tahiti.geojson" }, "geometry": { "type": "Point", "coordinates": [ -149.48691635469882, -17.491965148985074 ] } },
{ "type": "Feature", "properties": { "LINE_ID": 420, "ID": 53, "DIST": 0.0008633595, "DIST_SURF": 2.4522226241, "X": -149.48671635, "Y": -17.492046308, "Z": -1.8963888884, "layer": "profile_from_transects_tahiti", "path": "C:\\Users\\nlafn\\Documents\\GitHub\\ReefPassages\\data\\data_for_transects\\profile_from_transects_tahiti.geojson" }, "geometry": { "type": "Point", "coordinates": [ -149.486716354698814, -17.492046308405364 ] } },
{ "type": "Feature", "properties": { "LINE_ID": 420, "ID": 54, "DIST": 0.0010791994, "DIST_SURF": 3.8891672441999998, "X": -149.48651635, "Y": -17.492127468, "Z": -3.3333334923, "layer": "profile_from_transects_tahiti", "path": "C:\\Users\\nlafn\\Documents\\GitHub\\ReefPassages\\data\\data_for_transects\\profile_from_transects_tahiti.geojson" }, "geometry": { "type": "Point", "coordinates": [ -149.486516354698807, -17.492127467825654 ] } },
{ "type": "Feature", "properties": { "LINE_ID": 420, "ID": 55, "DIST": 0.0012950392, "DIST_SURF": 6.7038893136000004, "X": -149.48631635000001, "Y": -17.492208627, "Z": -6.1480555534, "layer": "profile_from_transects_tahiti", "path": "C:\\Users\\nlafn\\Documents\\GitHub\\ReefPassages\\data\\data_for_transects\\profile_from_transects_tahiti.geojson" }, "geometry": { "type": "Point", "coordinates": [ -149.486316354698801, -17.492208627245944 ] } },
{ "type": "Feature", "properties": { "LINE_ID": 420, "ID": 56, "DIST": 0.0015108791, "DIST_SURF": 14.356944985, "X": -149.48611635, "Y": -17.492289787000001, "Z": -13.801111221, "layer": "profile_from_transects_tahiti", "path": "C:\\Users\\nlafn\\Documents\\GitHub\\ReefPassages\\data\\data_for_transects\\profile_from_transects_tahiti.geojson" }, "geometry": { "type": "Point", "coordinates": [ -149.486116354698794, -17.492289786666234 ] } },
{ "type": "Feature", "properties": { "LINE_ID": 420, "ID": 57, "DIST": 0.001726719, "DIST_SURF": 29.559444375999998, "X": -149.48591635, "Y": -17.492370946000001, "Z": -29.003610611, "layer": "profile_from_transects_tahiti", "path": "C:\\Users\\nlafn\\Documents\\GitHub\\ReefPassages\\data\\data_for_transects\\profile_from_transects_tahiti.geojson" }, "geometry": { "type": "Point", "coordinates": [ -149.485916354698787, -17.492370946086524 ] } },
{ "type": "Feature", "properties": { "LINE_ID": 420, "ID": 58, "DIST": 0.0019425589, "DIST_SURF": 38.275278041999997, "X": -149.48571635, "Y": -17.492452105999998, "Z": -37.719444275000001, "layer": "profile_from_transects_tahiti", "path": "C:\\Users\\nlafn\\Documents\\GitHub\\ReefPassages\\data\\data_for_transects\\profile_from_transects_tahiti.geojson" }, "geometry": { "type": "Point", "coordinates": [ -149.485716354698781, -17.492452105506814 ] } },
{ "type": "Feature", "properties": { "LINE_ID": 420, "ID": 59, "DIST": 0.0021583987, "DIST_SURF": 44.644445374, "X": -149.48551635000001, "Y": -17.492533265, "Z": -44.088611602999997, "layer": "profile_from_transects_tahiti", "path": "C:\\Users\\nlafn\\Documents\\GitHub\\ReefPassages\\data\\data_for_transects\\profile_from_transects_tahiti.geojson" }, "geometry": { "type": "Point", "coordinates": [ -149.485516354698774, -17.492533264927104 ] } },
{ "type": "Feature", "properties": { "LINE_ID": 420, "ID": 60, "DIST": 0.0023742386, "DIST_SURF": 49.558889348000001, "X": -149.48531635000001, "Y": -17.492614424, "Z": -49.003055572999997, "layer": "profile_from_transects_tahiti", "path": "C:\\Users\\nlafn\\Documents\\GitHub\\ReefPassages\\data\\data_for_transects\\profile_from_transects_tahiti.geojson" }, "geometry": { "type": "Point", "coordinates": [ -149.485316354698767, -17.492614424347394 ] } },
{ "type": "Feature", "properties": { "LINE_ID": 420, "ID": 61, "DIST": 0.0025900785, "DIST_SURF": 52.7580547, "X": -149.48511635, "Y": -17.492695584, "Z": -52.202220916999998, "layer": "profile_from_transects_tahiti", "path": "C:\\Users\\nlafn\\Documents\\GitHub\\ReefPassages\\data\\data_for_transects\\profile_from_transects_tahiti.geojson" }, "geometry": { "type": "Point", "coordinates": [ -149.485116354698761, -17.492695583767684 ] } },
{ "type": "Feature", "properties": { "LINE_ID": 420, "ID": 62, "DIST": 0.0028059184, "DIST_SURF": 53.736665715999997, "X": -149.48491635, "Y": -17.492776743, "Z": -53.180831908999998, "layer": "profile_from_transects_tahiti", "path": "C:\\Users\\nlafn\\Documents\\GitHub\\ReefPassages\\data\\data_for_transects\\profile_from_transects_tahiti.geojson" }, "geometry": { "type": "Point", "coordinates": [ -149.484916354698754, -17.492776743187974 ] } },
{ "type": "Feature", "properties": { "LINE_ID": 420, "ID": 63, "DIST": 0.0030217582, "DIST_SURF": 57.97527885, "X": -149.48471635000001, "Y": -17.492857903000001, "Z": -57.419445038, "layer": "profile_from_transects_tahiti", "path": "C:\\Users\\nlafn\\Documents\\GitHub\\ReefPassages\\data\\data_for_transects\\profile_from_transects_tahiti.geojson" }, "geometry": { "type": "Point", "coordinates": [ -149.484716354698747, -17.492857902608264 ] } },
{ "type": "Feature", "properties": { "LINE_ID": 420, "ID": 64, "DIST": 0.0032375981, "DIST_SURF": 58.989168186000001, "X": -149.48451635000001, "Y": -17.492939062000001, "Z": -58.433334351, "layer": "profile_from_transects_tahiti", "path": "C:\\Users\\nlafn\\Documents\\GitHub\\ReefPassages\\data\\data_for_transects\\profile_from_transects_tahiti.geojson" }, "geometry": { "type": "Point", "coordinates": [ -149.484516354698741, -17.492939062028555 ] } },
{ "type": "Feature", "properties": { "LINE_ID": 420, "ID": 65, "DIST": 0.003453438, "DIST_SURF": 64.266111397000003, "X": -149.48431635, "Y": -17.493020220999998, "Z": -63.710277556999998, "layer": "profile_from_transects_tahiti", "path": "C:\\Users\\nlafn\\Documents\\GitHub\\ReefPassages\\data\\data_for_transects\\profile_from_transects_tahiti.geojson" }, "geometry": { "type": "Point", "coordinates": [ -149.484316354698734, -17.493020221448845 ] } },
{ "type": "Feature", "properties": { "LINE_ID": 420, "ID": 66, "DIST": 0.0036692779, "DIST_SURF": 64.985834177000001, "X": -149.48411635, "Y": -17.493101381, "Z": -64.430000304999993, "layer": "profile_from_transects_tahiti", "path": "C:\\Users\\nlafn\\Documents\\GitHub\\ReefPassages\\data\\data_for_transects\\profile_from_transects_tahiti.geojson" }, "geometry": { "type": "Point", "coordinates": [ -149.484116354698727, -17.493101380869135 ] } },
{ "type": "Feature", "properties": { "LINE_ID": 420, "ID": 67, "DIST": 0.0038851177, "DIST_SURF": 66.186945037000001, "X": -149.48391635, "Y": -17.49318254, "Z": -63.228889465000002, "layer": "profile_from_transects_tahiti", "path": "C:\\Users\\nlafn\\Documents\\GitHub\\ReefPassages\\data\\data_for_transects\\profile_from_transects_tahiti.geojson" }, "geometry": { "type": "Point", "coordinates": [ -149.483916354698721, -17.493182540289425 ] } },
{ "type": "Feature", "properties": { "LINE_ID": 420, "ID": 68, "DIST": 0.0041009576, "DIST_SURF": 70.868059238000001, "X": -149.48371635000001, "Y": -17.4932637, "Z": -58.547775269, "layer": "profile_from_transects_tahiti", "path": "C:\\Users\\nlafn\\Documents\\GitHub\\ReefPassages\\data\\data_for_transects\\profile_from_transects_tahiti.geojson" }, "geometry": { "type": "Point", "coordinates": [ -149.483716354698714, -17.493263699709715 ] } },
{ "type": "Feature", "properties": { "LINE_ID": 420, "ID": 69, "DIST": 0.0043167975, "DIST_SURF": 77.936945045000002, "X": -149.48351635, "Y": -17.493344859, "Z": -51.478889465000002, "layer": "profile_from_transects_tahiti", "path": "C:\\Users\\nlafn\\Documents\\GitHub\\ReefPassages\\data\\data_for_transects\\profile_from_transects_tahiti.geojson" }, "geometry": { "type": "Point", "coordinates": [ -149.483516354698708, -17.493344859130005 ] } },
{ "type": "Feature", "properties": { "LINE_ID": 420, "ID": 70, "DIST": 0.0045326374, "DIST_SURF": 83.791112987000005, "X": -149.48331635, "Y": -17.493426019000001, "Z": -45.624721526999998, "layer": "profile_from_transects_tahiti", "path": "C:\\Users\\nlafn\\Documents\\GitHub\\ReefPassages\\data\\data_for_transects\\profile_from_transects_tahiti.geojson" }, "geometry": { "type": "Point", "coordinates": [ -149.483316354698701, -17.493426018550295 ] } },
{ "type": "Feature", "properties": { "LINE_ID": 420, "ID": 71, "DIST": 0.0047484772, "DIST_SURF": 89.756391616000002, "X": -149.48311635, "Y": -17.493507178000002, "Z": -39.659442902000002, "layer": "profile_from_transects_tahiti", "path": "C:\\Users\\nlafn\\Documents\\GitHub\\ReefPassages\\data\\data_for_transects\\profile_from_transects_tahiti.geojson" }, "geometry": { "type": "Point", "coordinates": [ -149.483116354698694, -17.493507177970585 ] } },
{ "type": "Feature", "properties": { "LINE_ID": 420, "ID": 72, "DIST": 0.0049643171, "DIST_SURF": 92.695833304999994, "X": -149.48291635000001, "Y": -17.493588336999998, "Z": -36.720001220999997, "layer": "profile_from_transects_tahiti", "path": "C:\\Users\\nlafn\\Documents\\GitHub\\ReefPassages\\data\\data_for_transects\\profile_from_transects_tahiti.geojson" }, "geometry": { "type": "Point", "coordinates": [ -149.482916354698688, -17.493588337390875 ] } },
{ "type": "Feature", "properties": { "LINE_ID": 420, "ID": 73, "DIST": 0.005180157, "DIST_SURF": 96.46027957, "X": -149.48271635, "Y": -17.493669497, "Z": -32.955554962000001, "layer": "profile_from_transects_tahiti", "path": "C:\\Users\\nlafn\\Documents\\GitHub\\ReefPassages\\data\\data_for_transects\\profile_from_transects_tahiti.geojson" }, "geometry": { "type": "Point", "coordinates": [ -149.482716354698681, -17.493669496811165 ] } },
{ "type": "Feature", "properties": { "LINE_ID": 420, "ID": 74, "DIST": 0.0053959969, "DIST_SURF": 104.35722362, "X": -149.48251635, "Y": -17.493750656, "Z": -25.058610916, "layer": "profile_from_transects_tahiti", "path": "C:\\Users\\nlafn\\Documents\\GitHub\\ReefPassages\\data\\data_for_transects\\profile_from_transects_tahiti.geojson" }, "geometry": { "type": "Point", "coordinates": [ -149.482516354698674, -17.493750656231455 ] } },
{ "type": "Feature", "properties": { "LINE_ID": 420, "ID": 75, "DIST": 0.0056118367, "DIST_SURF": 113.48555671, "X": -149.48231635, "Y": -17.493831816, "Z": -15.930277824, "layer": "profile_from_transects_tahiti", "path": "C:\\Users\\nlafn\\Documents\\GitHub\\ReefPassages\\data\\data_for_transects\\profile_from_transects_tahiti.geojson" }, "geometry": { "type": "Point", "coordinates": [ -149.482316354698668, -17.493831815651745 ] } },
{ "type": "Feature", "properties": { "LINE_ID": 420, "ID": 76, "DIST": 0.0058276766, "DIST_SURF": 122.98305666, "X": -149.48211635000001, "Y": -17.493912975000001, "Z": -6.4327778816, "layer": "profile_from_transects_tahiti", "path": "C:\\Users\\nlafn\\Documents\\GitHub\\ReefPassages\\data\\data_for_transects\\profile_from_transects_tahiti.geojson" }, "geometry": { "type": "Point", "coordinates": [ -149.482116354698661, -17.493912975072035 ] } },
{ "type": "Feature", "properties": { "LINE_ID": 420, "ID": 77, "DIST": 0.0060435165, "DIST_SURF": 128.46666789, "X": -149.48191635000001, "Y": -17.493994134000001, "Z": -0.9491666555, "layer": "profile_from_transects_tahiti", "path": "C:\\Users\\nlafn\\Documents\\GitHub\\ReefPassages\\data\\data_for_transects\\profile_from_transects_tahiti.geojson" }, "geometry": { "type": "Point", "coordinates": [ -149.481916354698654, -17.493994134492326 ] } },
{ "type": "Feature", "properties": { "LINE_ID": 420, "ID": 78, "DIST": 0.0062593564, "DIST_SURF": 129.78389011, "X": -149.48171635, "Y": -17.494075294000002, "Z": 0.3680555522, "layer": "profile_from_transects_tahiti", "path": "C:\\Users\\nlafn\\Documents\\GitHub\\ReefPassages\\data\\data_for_transects\\profile_from_transects_tahiti.geojson" }, "geometry": { "type": "Point", "coordinates": [ -149.481716354698648, -17.494075293912616 ] } },
{ "type": "Feature", "properties": { "LINE_ID": 417, "ID": 79, "DIST": 0.0, "DIST_SURF": 0.0, "X": -149.37876558, "Y": -17.521873111000001, "Z": -8.1694440842000002, "layer": "profile_from_transects_tahiti", "path": "C:\\Users\\nlafn\\Documents\\GitHub\\ReefPassages\\data\\data_for_transects\\profile_from_transects_tahiti.geojson" }, "geometry": { "type": "Point", "coordinates": [ -149.378765577682742, -17.521873110681334 ] } },
{ "type": "Feature", "properties": { "LINE_ID": 417, "ID": 80, "DIST": 0.0002491289, "DIST_SURF": 0.9908333138, "X": -149.37896558, "Y": -17.521724567, "Z": -9.1602773666000008, "layer": "profile_from_transects_tahiti", "path": "C:\\Users\\nlafn\\Documents\\GitHub\\ReefPassages\\data\\data_for_transects\\profile_from_transects_tahiti.geojson" }, "geometry": { "type": "Point", "coordinates": [ -149.378965577682749, -17.521724566992013 ] } },
{ "type": "Feature", "properties": { "LINE_ID": 417, "ID": 81, "DIST": 0.0004982579, "DIST_SURF": 2.0452776563000001, "X": -149.37916558000001, "Y": -17.521576023000001, "Z": -8.1058330535999996, "layer": "profile_from_transects_tahiti", "path": "C:\\Users\\nlafn\\Documents\\GitHub\\ReefPassages\\data\\data_for_transects\\profile_from_transects_tahiti.geojson" }, "geometry": { "type": "Point", "coordinates": [ -149.379165577682755, -17.521576023302693 ] } },
{ "type": "Feature", "properties": { "LINE_ID": 417, "ID": 82, "DIST": 0.0007473868, "DIST_SURF": 2.5563889764000001, "X": -149.37936558000001, "Y": -17.52142748, "Z": -8.616944313, "layer": "profile_from_transects_tahiti", "path": "C:\\Users\\nlafn\\Documents\\GitHub\\ReefPassages\\data\\data_for_transects\\profile_from_transects_tahiti.geojson" }, "geometry": { "type": "Point", "coordinates": [ -149.379365577682762, -17.521427479613372 ] } },
{ "type": "Feature", "properties": { "LINE_ID": 417, "ID": 83, "DIST": 0.0009965158, "DIST_SURF": 4.8925000584999996, "X": -149.37956558, "Y": -17.521278936000002, "Z": -10.953055382000001, "layer": "profile_from_transects_tahiti", "path": "C:\\Users\\nlafn\\Documents\\GitHub\\ReefPassages\\data\\data_for_transects\\profile_from_transects_tahiti.geojson" }, "geometry": { "type": "Point", "coordinates": [ -149.379565577682769, -17.521278935924052 ] } },
{ "type": "Feature", "properties": { "LINE_ID": 417, "ID": 84, "DIST": 0.0012456447, "DIST_SURF": 6.895000608, "X": -149.37976558, "Y": -17.521130392, "Z": -12.955555916, "layer": "profile_from_transects_tahiti", "path": "C:\\Users\\nlafn\\Documents\\GitHub\\ReefPassages\\data\\data_for_transects\\profile_from_transects_tahiti.geojson" }, "geometry": { "type": "Point", "coordinates": [ -149.379765577682775, -17.521130392234731 ] } },
{ "type": "Feature", "properties": { "LINE_ID": 417, "ID": 85, "DIST": 0.0014947736, "DIST_SURF": 8.7872220752000008, "X": -149.37996558, "Y": -17.520981849000002, "Z": -14.847777367000001, "layer": "profile_from_transects_tahiti", "path": "C:\\Users\\nlafn\\Documents\\GitHub\\ReefPassages\\data\\data_for_transects\\profile_from_transects_tahiti.geojson" }, "geometry": { "type": "Point", "coordinates": [ -149.379965577682782, -17.520981848545411 ] } },
{ "type": "Feature", "properties": { "LINE_ID": 417, "ID": 86, "DIST": 0.0017439026, "DIST_SURF": 10.793889228, "X": -149.38016558000001, "Y": -17.520833305, "Z": -16.854444504, "layer": "profile_from_transects_tahiti", "path": "C:\\Users\\nlafn\\Documents\\GitHub\\ReefPassages\\data\\data_for_transects\\profile_from_transects_tahiti.geojson" }, "geometry": { "type": "Point", "coordinates": [ -149.380165577682789, -17.52083330485609 ] } },
{ "type": "Feature", "properties": { "LINE_ID": 417, "ID": 87, "DIST": 0.0019930315, "DIST_SURF": 13.05944367, "X": -149.38036558, "Y": -17.520684760999998, "Z": -19.119998932000001, "layer": "profile_from_transects_tahiti", "path": "C:\\Users\\nlafn\\Documents\\GitHub\\ReefPassages\\data\\data_for_transects\\profile_from_transects_tahiti.geojson" }, "geometry": { "type": "Point", "coordinates": [ -149.380365577682795, -17.52068476116677 ] } },
{ "type": "Feature", "properties": { "LINE_ID": 417, "ID": 88, "DIST": 0.0022421604, "DIST_SURF": 14.046666373000001, "X": -149.38056558, "Y": -17.520536217, "Z": -20.107221603, "layer": "profile_from_transects_tahiti", "path": "C:\\Users\\nlafn\\Documents\\GitHub\\ReefPassages\\data\\data_for_transects\\profile_from_transects_tahiti.geojson" }, "geometry": { "type": "Point", "coordinates": [ -149.380565577682802, -17.520536217477449 ] } },
{ "type": "Feature", "properties": { "LINE_ID": 417, "ID": 89, "DIST": 0.0024912894, "DIST_SURF": 17.721667525000001, "X": -149.38076558, "Y": -17.520387673999998, "Z": -23.782222748, "layer": "profile_from_transects_tahiti", "path": "C:\\Users\\nlafn\\Documents\\GitHub\\ReefPassages\\data\\data_for_transects\\profile_from_transects_tahiti.geojson" }, "geometry": { "type": "Point", "coordinates": [ -149.380765577682808, -17.520387673788129 ] } },
{ "type": "Feature", "properties": { "LINE_ID": 417, "ID": 90, "DIST": 0.0027404183, "DIST_SURF": 22.096110586999998, "X": -149.38096558000001, "Y": -17.52023913, "Z": -28.156665802, "layer": "profile_from_transects_tahiti", "path": "C:\\Users\\nlafn\\Documents\\GitHub\\ReefPassages\\data\\data_for_transects\\profile_from_transects_tahiti.geojson" }, "geometry": { "type": "Point", "coordinates": [ -149.380965577682815, -17.520239130098808 ] } },
{ "type": "Feature", "properties": { "LINE_ID": 417, "ID": 91, "DIST": 0.0029895473, "DIST_SURF": 26.97694708, "X": -149.38116558, "Y": -17.520090585999998, "Z": -33.037502289000003, "layer": "profile_from_transects_tahiti", "path": "C:\\Users\\nlafn\\Documents\\GitHub\\ReefPassages\\data\\data_for_transects\\profile_from_transects_tahiti.geojson" }, "geometry": { "type": "Point", "coordinates": [ -149.381165577682822, -17.520090586409488 ] } },
{ "type": "Feature", "properties": { "LINE_ID": 417, "ID": 92, "DIST": 0.0032386762, "DIST_SURF": 29.254164959000001, "X": -149.38136558, "Y": -17.519942043, "Z": -35.314720154, "layer": "profile_from_transects_tahiti", "path": "C:\\Users\\nlafn\\Documents\\GitHub\\ReefPassages\\data\\data_for_transects\\profile_from_transects_tahiti.geojson" }, "geometry": { "type": "Point", "coordinates": [ -149.381365577682828, -17.519942042720167 ] } },
{ "type": "Feature", "properties": { "LINE_ID": 417, "ID": 93, "DIST": 0.0034878051, "DIST_SURF": 35.687499314, "X": -149.38156558, "Y": -17.519793499, "Z": -41.748054504000002, "layer": "profile_from_transects_tahiti", "path": "C:\\Users\\nlafn\\Documents\\GitHub\\ReefPassages\\data\\data_for_transects\\profile_from_transects_tahiti.geojson" }, "geometry": { "type": "Point", "coordinates": [ -149.381565577682835, -17.519793499030847 ] } },
{ "type": "Feature", "properties": { "LINE_ID": 417, "ID": 94, "DIST": 0.0037369341, "DIST_SURF": 42.102778707, "X": -149.38176558000001, "Y": -17.519644955, "Z": -48.163333893000001, "layer": "profile_from_transects_tahiti", "path": "C:\\Users\\nlafn\\Documents\\GitHub\\ReefPassages\\data\\data_for_transects\\profile_from_transects_tahiti.geojson" }, "geometry": { "type": "Point", "coordinates": [ -149.381765577682842, -17.519644955341526 ] } },
{ "type": "Feature", "properties": { "LINE_ID": 417, "ID": 95, "DIST": 0.003986063, "DIST_SURF": 47.026110928000001, "X": -149.38196558000001, "Y": -17.519496412, "Z": -53.086666107, "layer": "profile_from_transects_tahiti", "path": "C:\\Users\\nlafn\\Documents\\GitHub\\ReefPassages\\data\\data_for_transects\\profile_from_transects_tahiti.geojson" }, "geometry": { "type": "Point", "coordinates": [ -149.381965577682848, -17.519496411652206 ] } },
{ "type": "Feature", "properties": { "LINE_ID": 417, "ID": 96, "DIST": 0.0042351919, "DIST_SURF": 50.734999944000002, "X": -149.38216558, "Y": -17.519347868000001, "Z": -56.795555115, "layer": "profile_from_transects_tahiti", "path": "C:\\Users\\nlafn\\Documents\\GitHub\\ReefPassages\\data\\data_for_transects\\profile_from_transects_tahiti.geojson" }, "geometry": { "type": "Point", "coordinates": [ -149.382165577682855, -17.519347867962885 ] } },
{ "type": "Feature", "properties": { "LINE_ID": 417, "ID": 97, "DIST": 0.0044843209, "DIST_SURF": 51.497775406000002, "X": -149.38236558, "Y": -17.519199324, "Z": -56.032779693999998, "layer": "profile_from_transects_tahiti", "path": "C:\\Users\\nlafn\\Documents\\GitHub\\ReefPassages\\data\\data_for_transects\\profile_from_transects_tahiti.geojson" }, "geometry": { "type": "Point", "coordinates": [ -149.382365577682862, -17.519199324273565 ] } },
{ "type": "Feature", "properties": { "LINE_ID": 417, "ID": 98, "DIST": 0.0047334498, "DIST_SURF": 52.220553769, "X": -149.38256558, "Y": -17.519050781000001, "Z": -55.310001373, "layer": "profile_from_transects_tahiti", "path": "C:\\Users\\nlafn\\Documents\\GitHub\\ReefPassages\\data\\data_for_transects\\profile_from_transects_tahiti.geojson" }, "geometry": { "type": "Point", "coordinates": [ -149.382565577682868, -17.519050780584244 ] } },
{ "type": "Feature", "properties": { "LINE_ID": 417, "ID": 99, "DIST": 0.0049825788, "DIST_SURF": 53.43444387, "X": -149.38276558000001, "Y": -17.518902237, "Z": -56.523891448999997, "layer": "profile_from_transects_tahiti", "path": "C:\\Users\\nlafn\\Documents\\GitHub\\ReefPassages\\data\\data_for_transects\\profile_from_transects_tahiti.geojson" }, "geometry": { "type": "Point", "coordinates": [ -149.382765577682875, -17.518902236894924 ] } },
{ "type": "Feature", "properties": { "LINE_ID": 417, "ID": 100, "DIST": 0.0052317077, "DIST_SURF": 54.662223284, "X": -149.38296558, "Y": -17.518753693000001, "Z": -55.296112061000002, "layer": "profile_from_transects_tahiti", "path": "C:\\Users\\nlafn\\Documents\\GitHub\\ReefPassages\\data\\data_for_transects\\profile_from_transects_tahiti.geojson" }, "geometry": { "type": "Point", "coordinates": [ -149.382965577682882, -17.518753693205603 ] } },
{ "type": "Feature", "properties": { "LINE_ID": 417, "ID": 101, "DIST": 0.0054808366, "DIST_SURF": 66.786944813000005, "X": -149.38316558, "Y": -17.51860515, "Z": -43.171390533, "layer": "profile_from_transects_tahiti", "path": "C:\\Users\\nlafn\\Documents\\GitHub\\ReefPassages\\data\\data_for_transects\\profile_from_transects_tahiti.geojson" }, "geometry": { "type": "Point", "coordinates": [ -149.383165577682888, -17.518605149516283 ] } },
{ "type": "Feature", "properties": { "LINE_ID": 417, "ID": 102, "DIST": 0.0057299656, "DIST_SURF": 84.835280843999996, "X": -149.38336558, "Y": -17.518456606000001, "Z": -25.123054504, "layer": "profile_from_transects_tahiti", "path": "C:\\Users\\nlafn\\Documents\\GitHub\\ReefPassages\\data\\data_for_transects\\profile_from_transects_tahiti.geojson" }, "geometry": { "type": "Point", "coordinates": [ -149.383365577682895, -17.518456605826962 ] } },
{ "type": "Feature", "properties": { "LINE_ID": 417, "ID": 103, "DIST": 0.0059790945, "DIST_SURF": 92.445279551, "X": -149.38356558000001, "Y": -17.518308062, "Z": -17.513055801, "layer": "profile_from_transects_tahiti", "path": "C:\\Users\\nlafn\\Documents\\GitHub\\ReefPassages\\data\\data_for_transects\\profile_from_transects_tahiti.geojson" }, "geometry": { "type": "Point", "coordinates": [ -149.383565577682901, -17.518308062137642 ] } },
{ "type": "Feature", "properties": { "LINE_ID": 417, "ID": 104, "DIST": 0.0062282234, "DIST_SURF": 102.08805747, "X": -149.38376558, "Y": -17.518159518000001, "Z": -7.8702778816, "layer": "profile_from_transects_tahiti", "path": "C:\\Users\\nlafn\\Documents\\GitHub\\ReefPassages\\data\\data_for_transects\\profile_from_transects_tahiti.geojson" }, "geometry": { "type": "Point", "coordinates": [ -149.383765577682908, -17.518159518448321 ] } },
{ "type": "Feature", "properties": { "LINE_ID": 417, "ID": 105, "DIST": 0.0064773524, "DIST_SURF": 102.9202795, "X": -149.38396558, "Y": -17.518010975, "Z": -7.0380558968000004, "layer": "profile_from_transects_tahiti", "path": "C:\\Users\\nlafn\\Documents\\GitHub\\ReefPassages\\data\\data_for_transects\\profile_from_transects_tahiti.geojson" }, "geometry": { "type": "Point", "coordinates": [ -149.383965577682915, -17.518010974759001 ] } },
{ "type": "Feature", "properties": { "LINE_ID": 417, "ID": 106, "DIST": 0.0067264813, "DIST_SURF": 102.99166865, "X": -149.38416558, "Y": -17.517862431000001, "Z": -7.1094446182000004, "layer": "profile_from_transects_tahiti", "path": "C:\\Users\\nlafn\\Documents\\GitHub\\ReefPassages\\data\\data_for_transects\\profile_from_transects_tahiti.geojson" }, "geometry": { "type": "Point", "coordinates": [ -149.384165577682921, -17.51786243106968 ] } },
{ "type": "Feature", "properties": { "LINE_ID": 418, "ID": 107, "DIST": 0.0, "DIST_SURF": 0.0, "X": -149.36884637, "Y": -17.527373395000001, "Z": -8.5358333587999997, "layer": "profile_from_transects_tahiti", "path": "C:\\Users\\nlafn\\Documents\\GitHub\\ReefPassages\\data\\data_for_transects\\profile_from_transects_tahiti.geojson" }, "geometry": { "type": "Point", "coordinates": [ -149.368846374721414, -17.527373395499719 ] } },
{ "type": "Feature", "properties": { "LINE_ID": 418, "ID": 108, "DIST": 0.0002031974, "DIST_SURF": 0.7452774325, "X": -149.36864637, "Y": -17.527409301, "Z": -7.790555954, "layer": "profile_from_transects_tahiti", "path": "C:\\Users\\nlafn\\Documents\\GitHub\\ReefPassages\\data\\data_for_transects\\profile_from_transects_tahiti.geojson" }, "geometry": { "type": "Point", "coordinates": [ -149.368646374721408, -17.527409300544228 ] } },
{ "type": "Feature", "properties": { "LINE_ID": 418, "ID": 109, "DIST": 0.0004063947, "DIST_SURF": 1.2077780493000001, "X": -149.36844637, "Y": -17.527445206, "Z": -7.3280553817999996, "layer": "profile_from_transects_tahiti", "path": "C:\\Users\\nlafn\\Documents\\GitHub\\ReefPassages\\data\\data_for_transects\\profile_from_transects_tahiti.geojson" }, "geometry": { "type": "Point", "coordinates": [ -149.368446374721401, -17.527445205588737 ] } },
{ "type": "Feature", "properties": { "LINE_ID": 418, "ID": 110, "DIST": 0.0006095921, "DIST_SURF": 1.551666869, "X": -149.36824637000001, "Y": -17.527481111, "Z": -7.6719441414, "layer": "profile_from_transects_tahiti", "path": "C:\\Users\\nlafn\\Documents\\GitHub\\ReefPassages\\data\\data_for_transects\\profile_from_transects_tahiti.geojson" }, "geometry": { "type": "Point", "coordinates": [ -149.368246374721394, -17.527481110633246 ] } },
{ "type": "Feature", "properties": { "LINE_ID": 418, "ID": 111, "DIST": 0.0008127895, "DIST_SURF": 2.9977780854999998, "X": -149.36804637, "Y": -17.527517016000001, "Z": -9.1180553436, "layer": "profile_from_transects_tahiti", "path": "C:\\Users\\nlafn\\Documents\\GitHub\\ReefPassages\\data\\data_for_transects\\profile_from_transects_tahiti.geojson" }, "geometry": { "type": "Point", "coordinates": [ -149.368046374721388, -17.527517015677756 ] } },
{ "type": "Feature", "properties": { "LINE_ID": 418, "ID": 112, "DIST": 0.0010159869, "DIST_SURF": 5.279167331, "X": -149.36784637, "Y": -17.527552921000002, "Z": -11.39944458, "layer": "profile_from_transects_tahiti", "path": "C:\\Users\\nlafn\\Documents\\GitHub\\ReefPassages\\data\\data_for_transects\\profile_from_transects_tahiti.geojson" }, "geometry": { "type": "Point", "coordinates": [ -149.367846374721381, -17.527552920722265 ] } },
{ "type": "Feature", "properties": { "LINE_ID": 418, "ID": 113, "DIST": 0.0012191842, "DIST_SURF": 8.4841672610999996, "X": -149.36764637, "Y": -17.527588826, "Z": -14.604444504, "layer": "profile_from_transects_tahiti", "path": "C:\\Users\\nlafn\\Documents\\GitHub\\ReefPassages\\data\\data_for_transects\\profile_from_transects_tahiti.geojson" }, "geometry": { "type": "Point", "coordinates": [ -149.367646374721375, -17.527588825766774 ] } },
{ "type": "Feature", "properties": { "LINE_ID": 418, "ID": 114, "DIST": 0.0014223816, "DIST_SURF": 13.99027841, "X": -149.36744637000001, "Y": -17.527624731, "Z": -20.110555648999998, "layer": "profile_from_transects_tahiti", "path": "C:\\Users\\nlafn\\Documents\\GitHub\\ReefPassages\\data\\data_for_transects\\profile_from_transects_tahiti.geojson" }, "geometry": { "type": "Point", "coordinates": [ -149.367446374721368, -17.527624730811283 ] } },
{ "type": "Feature", "properties": { "LINE_ID": 418, "ID": 115, "DIST": 0.001625579, "DIST_SURF": 22.990556885, "X": -149.36724637, "Y": -17.527660636, "Z": -29.110834122, "layer": "profile_from_transects_tahiti", "path": "C:\\Users\\nlafn\\Documents\\GitHub\\ReefPassages\\data\\data_for_transects\\profile_from_transects_tahiti.geojson" }, "geometry": { "type": "Point", "coordinates": [ -149.367246374721361, -17.527660635855792 ] } },
{ "type": "Feature", "properties": { "LINE_ID": 418, "ID": 116, "DIST": 0.0018287764, "DIST_SURF": 35.184444597000002, "X": -149.36704637, "Y": -17.527696541000001, "Z": -41.304721831999998, "layer": "profile_from_transects_tahiti", "path": "C:\\Users\\nlafn\\Documents\\GitHub\\ReefPassages\\data\\data_for_transects\\profile_from_transects_tahiti.geojson" }, "geometry": { "type": "Point", "coordinates": [ -149.367046374721355, -17.527696540900301 ] } },
{ "type": "Feature", "properties": { "LINE_ID": 418, "ID": 117, "DIST": 0.0020319737, "DIST_SURF": 51.333610706000002, "X": -149.36684637, "Y": -17.527732446000002, "Z": -57.453887938999998, "layer": "profile_from_transects_tahiti", "path": "C:\\Users\\nlafn\\Documents\\GitHub\\ReefPassages\\data\\data_for_transects\\profile_from_transects_tahiti.geojson" }, "geometry": { "type": "Point", "coordinates": [ -149.366846374721348, -17.52773244594481 ] } },
{ "type": "Feature", "properties": { "LINE_ID": 418, "ID": 118, "DIST": 0.0022351711, "DIST_SURF": 63.96222704, "X": -149.36664637000001, "Y": -17.527768351, "Z": -70.082504271999994, "layer": "profile_from_transects_tahiti", "path": "C:\\Users\\nlafn\\Documents\\GitHub\\ReefPassages\\data\\data_for_transects\\profile_from_transects_tahiti.geojson" }, "geometry": { "type": "Point", "coordinates": [ -149.366646374721341, -17.527768350989319 ] } },
{ "type": "Feature", "properties": { "LINE_ID": 418, "ID": 119, "DIST": 0.0024383685, "DIST_SURF": 75.519165213999997, "X": -149.36644637000001, "Y": -17.527804256, "Z": -81.639442443999997, "layer": "profile_from_transects_tahiti", "path": "C:\\Users\\nlafn\\Documents\\GitHub\\ReefPassages\\data\\data_for_transects\\profile_from_transects_tahiti.geojson" }, "geometry": { "type": "Point", "coordinates": [ -149.366446374721335, -17.527804256033829 ] } },
{ "type": "Feature", "properties": { "LINE_ID": 418, "ID": 120, "DIST": 0.0026415658, "DIST_SURF": 85.572967706, "X": -149.36624637, "Y": -17.527840161, "Z": -91.693244934000006, "layer": "profile_from_transects_tahiti", "path": "C:\\Users\\nlafn\\Documents\\GitHub\\ReefPassages\\data\\data_for_transects\\profile_from_transects_tahiti.geojson" }, "geometry": { "type": "Point", "coordinates": [ -149.366246374721328, -17.527840161078338 ] } },
{ "type": "Feature", "properties": { "LINE_ID": 418, "ID": 121, "DIST": 0.0028447632, "DIST_SURF": 88.898399536, "X": -149.36604637, "Y": -17.527876066000001, "Z": -95.018676757999998, "layer": "profile_from_transects_tahiti", "path": "C:\\Users\\nlafn\\Documents\\GitHub\\ReefPassages\\data\\data_for_transects\\profile_from_transects_tahiti.geojson" }, "geometry": { "type": "Point", "coordinates": [ -149.366046374721321, -17.527876066122847 ] } },
{ "type": "Feature", "properties": { "LINE_ID": 418, "ID": 122, "DIST": 0.0030479606, "DIST_SURF": 91.582191658, "X": -149.36584637000001, "Y": -17.527911971000002, "Z": -97.702468871999997, "layer": "profile_from_transects_tahiti", "path": "C:\\Users\\nlafn\\Documents\\GitHub\\ReefPassages\\data\\data_for_transects\\profile_from_transects_tahiti.geojson" }, "geometry": { "type": "Point", "coordinates": [ -149.365846374721315, -17.527911971167356 ] } },
{ "type": "Feature", "properties": { "LINE_ID": 418, "ID": 123, "DIST": 0.003251158, "DIST_SURF": 92.690834255, "X": -149.36564637000001, "Y": -17.527947876, "Z": -98.81111145, "layer": "profile_from_transects_tahiti", "path": "C:\\Users\\nlafn\\Documents\\GitHub\\ReefPassages\\data\\data_for_transects\\profile_from_transects_tahiti.geojson" }, "geometry": { "type": "Point", "coordinates": [ -149.365646374721308, -17.527947876211865 ] } },
{ "type": "Feature", "properties": { "LINE_ID": 418, "ID": 124, "DIST": 0.0034543553, "DIST_SURF": 92.912338559000005, "X": -149.36544637, "Y": -17.527983781, "Z": -98.589607239000003, "layer": "profile_from_transects_tahiti", "path": "C:\\Users\\nlafn\\Documents\\GitHub\\ReefPassages\\data\\data_for_transects\\profile_from_transects_tahiti.geojson" }, "geometry": { "type": "Point", "coordinates": [ -149.365446374721301, -17.527983781256374 ] } },
{ "type": "Feature", "properties": { "LINE_ID": 418, "ID": 125, "DIST": 0.0036575527, "DIST_SURF": 93.391762125, "X": -149.36524637, "Y": -17.528019686, "Z": -98.110183715999995, "layer": "profile_from_transects_tahiti", "path": "C:\\Users\\nlafn\\Documents\\GitHub\\ReefPassages\\data\\data_for_transects\\profile_from_transects_tahiti.geojson" }, "geometry": { "type": "Point", "coordinates": [ -149.365246374721295, -17.528019686300883 ] } },
{ "type": "Feature", "properties": { "LINE_ID": 418, "ID": 126, "DIST": 0.0044703422, "DIST_SURF": 94.08719717, "X": -149.36444637, "Y": -17.528163306, "Z": -97.414749146000005, "layer": "profile_from_transects_tahiti", "path": "C:\\Users\\nlafn\\Documents\\GitHub\\ReefPassages\\data\\data_for_transects\\profile_from_transects_tahiti.geojson" }, "geometry": { "type": "Point", "coordinates": [ -149.364446374721268, -17.52816330647892 ] } },
{ "type": "Feature", "properties": { "LINE_ID": 418, "ID": 127, "DIST": 0.0046735396, "DIST_SURF": 94.291161505000005, "X": -149.36424637, "Y": -17.528199212000001, "Z": -97.210784911999994, "layer": "profile_from_transects_tahiti", "path": "C:\\Users\\nlafn\\Documents\\GitHub\\ReefPassages\\data\\data_for_transects\\profile_from_transects_tahiti.geojson" }, "geometry": { "type": "Point", "coordinates": [ -149.364246374721262, -17.528199211523429 ] } },
{ "type": "Feature", "properties": { "LINE_ID": 418, "ID": 128, "DIST": 0.0048767369, "DIST_SURF": 95.891716938000002, "X": -149.36404637000001, "Y": -17.528235117000001, "Z": -95.610229492000002, "layer": "profile_from_transects_tahiti", "path": "C:\\Users\\nlafn\\Documents\\GitHub\\ReefPassages\\data\\data_for_transects\\profile_from_transects_tahiti.geojson" }, "geometry": { "type": "Point", "coordinates": [ -149.364046374721255, -17.528235116567938 ] } },
{ "type": "Feature", "properties": { "LINE_ID": 418, "ID": 129, "DIST": 0.0050799343, "DIST_SURF": 106.49667452, "X": -149.36384637, "Y": -17.528271021999998, "Z": -85.005271911999998, "layer": "profile_from_transects_tahiti", "path": "C:\\Users\\nlafn\\Documents\\GitHub\\ReefPassages\\data\\data_for_transects\\profile_from_transects_tahiti.geojson" }, "geometry": { "type": "Point", "coordinates": [ -149.363846374721248, -17.528271021612447 ] } },
{ "type": "Feature", "properties": { "LINE_ID": 418, "ID": 130, "DIST": 0.0052831317, "DIST_SURF": 127.70444582, "X": -149.36364637, "Y": -17.528306927, "Z": -63.79750061, "layer": "profile_from_transects_tahiti", "path": "C:\\Users\\nlafn\\Documents\\GitHub\\ReefPassages\\data\\data_for_transects\\profile_from_transects_tahiti.geojson" }, "geometry": { "type": "Point", "coordinates": [ -149.363646374721242, -17.528306926656956 ] } },
{ "type": "Feature", "properties": { "LINE_ID": 418, "ID": 131, "DIST": 0.0054863291, "DIST_SURF": 144.86722277000001, "X": -149.36344637, "Y": -17.528342832, "Z": -46.634723663000003, "layer": "profile_from_transects_tahiti", "path": "C:\\Users\\nlafn\\Documents\\GitHub\\ReefPassages\\data\\data_for_transects\\profile_from_transects_tahiti.geojson" }, "geometry": { "type": "Point", "coordinates": [ -149.363446374721235, -17.528342831701465 ] } },
{ "type": "Feature", "properties": { "LINE_ID": 418, "ID": 132, "DIST": 0.0056895264, "DIST_SURF": 155.03527926000001, "X": -149.36324637000001, "Y": -17.528378737000001, "Z": -36.466667174999998, "layer": "profile_from_transects_tahiti", "path": "C:\\Users\\nlafn\\Documents\\GitHub\\ReefPassages\\data\\data_for_transects\\profile_from_transects_tahiti.geojson" }, "geometry": { "type": "Point", "coordinates": [ -149.363246374721228, -17.528378736745974 ] } },
{ "type": "Feature", "properties": { "LINE_ID": 418, "ID": 133, "DIST": 0.0058927238, "DIST_SURF": 158.00805759, "X": -149.36304637000001, "Y": -17.528414642000001, "Z": -33.493888855000002, "layer": "profile_from_transects_tahiti", "path": "C:\\Users\\nlafn\\Documents\\GitHub\\ReefPassages\\data\\data_for_transects\\profile_from_transects_tahiti.geojson" }, "geometry": { "type": "Point", "coordinates": [ -149.363046374721222, -17.528414641790484 ] } },
{ "type": "Feature", "properties": { "LINE_ID": 418, "ID": 134, "DIST": 0.0060959212, "DIST_SURF": 158.06611382, "X": -149.36284637, "Y": -17.528450546999998, "Z": -33.435832976999997, "layer": "profile_from_transects_tahiti", "path": "C:\\Users\\nlafn\\Documents\\GitHub\\ReefPassages\\data\\data_for_transects\\profile_from_transects_tahiti.geojson" }, "geometry": { "type": "Point", "coordinates": [ -149.362846374721215, -17.528450546834993 ] } },
{ "type": "Feature", "properties": { "LINE_ID": 418, "ID": 135, "DIST": 0.0062991186, "DIST_SURF": 158.29500338, "X": -149.36264637, "Y": -17.528486452, "Z": -33.664722443000002, "layer": "profile_from_transects_tahiti", "path": "C:\\Users\\nlafn\\Documents\\GitHub\\ReefPassages\\data\\data_for_transects\\profile_from_transects_tahiti.geojson" }, "geometry": { "type": "Point", "coordinates": [ -149.362646374721209, -17.528486451879502 ] } },
{ "type": "Feature", "properties": { "LINE_ID": 418, "ID": 136, "DIST": 0.0065023159, "DIST_SURF": 158.43944703, "X": -149.36244637, "Y": -17.528522357, "Z": -33.809165954999997, "layer": "profile_from_transects_tahiti", "path": "C:\\Users\\nlafn\\Documents\\GitHub\\ReefPassages\\data\\data_for_transects\\profile_from_transects_tahiti.geojson" }, "geometry": { "type": "Point", "coordinates": [ -149.362446374721202, -17.528522356924011 ] } },
{ "type": "Feature", "properties": { "LINE_ID": 418, "ID": 137, "DIST": 0.0067055133, "DIST_SURF": 159.57972491000001, "X": -149.36224637000001, "Y": -17.528558262000001, "Z": -32.668888092000003, "layer": "profile_from_transects_tahiti", "path": "C:\\Users\\nlafn\\Documents\\GitHub\\ReefPassages\\data\\data_for_transects\\profile_from_transects_tahiti.geojson" }, "geometry": { "type": "Point", "coordinates": [ -149.362246374721195, -17.52855826196852 ] } },
{ "type": "Feature", "properties": { "LINE_ID": 418, "ID": 138, "DIST": 0.0069087107, "DIST_SURF": 161.19389119, "X": -149.36204637, "Y": -17.528594167000001, "Z": -31.054721831999998, "layer": "profile_from_transects_tahiti", "path": "C:\\Users\\nlafn\\Documents\\GitHub\\ReefPassages\\data\\data_for_transects\\profile_from_transects_tahiti.geojson" }, "geometry": { "type": "Point", "coordinates": [ -149.362046374721189, -17.528594167013029 ] } },
{ "type": "Feature", "properties": { "LINE_ID": 418, "ID": 139, "DIST": 0.007111908, "DIST_SURF": 162.76000181000001, "X": -149.36184637, "Y": -17.528630072, "Z": -29.488611221, "layer": "profile_from_transects_tahiti", "path": "C:\\Users\\nlafn\\Documents\\GitHub\\ReefPassages\\data\\data_for_transects\\profile_from_transects_tahiti.geojson" }, "geometry": { "type": "Point", "coordinates": [ -149.361846374721182, -17.528630072057538 ] } },
{ "type": "Feature", "properties": { "LINE_ID": 418, "ID": 140, "DIST": 0.0073151054, "DIST_SURF": 163.75527923000001, "X": -149.36164637, "Y": -17.528665977, "Z": -28.493333817, "layer": "profile_from_transects_tahiti", "path": "C:\\Users\\nlafn\\Documents\\GitHub\\ReefPassages\\data\\data_for_transects\\profile_from_transects_tahiti.geojson" }, "geometry": { "type": "Point", "coordinates": [ -149.361646374721175, -17.528665977102047 ] } },
{ "type": "Feature", "properties": { "LINE_ID": 418, "ID": 141, "DIST": 0.0075183028, "DIST_SURF": 165.82111138, "X": -149.36144637000001, "Y": -17.528701882, "Z": -30.559165955000001, "layer": "profile_from_transects_tahiti", "path": "C:\\Users\\nlafn\\Documents\\GitHub\\ReefPassages\\data\\data_for_transects\\profile_from_transects_tahiti.geojson" }, "geometry": { "type": "Point", "coordinates": [ -149.361446374721169, -17.528701882146557 ] } },
{ "type": "Feature", "properties": { "LINE_ID": 418, "ID": 142, "DIST": 0.0077215002, "DIST_SURF": 170.32333345000001, "X": -149.36124637, "Y": -17.528737787000001, "Z": -26.056943893, "layer": "profile_from_transects_tahiti", "path": "C:\\Users\\nlafn\\Documents\\GitHub\\ReefPassages\\data\\data_for_transects\\profile_from_transects_tahiti.geojson" }, "geometry": { "type": "Point", "coordinates": [ -149.361246374721162, -17.528737787191066 ] } },
{ "type": "Feature", "properties": { "LINE_ID": 418, "ID": 143, "DIST": 0.0079246975, "DIST_SURF": 177.96888895000001, "X": -149.36104637, "Y": -17.528773692000001, "Z": -18.411388397, "layer": "profile_from_transects_tahiti", "path": "C:\\Users\\nlafn\\Documents\\GitHub\\ReefPassages\\data\\data_for_transects\\profile_from_transects_tahiti.geojson" }, "geometry": { "type": "Point", "coordinates": [ -149.361046374721155, -17.528773692235575 ] } },
{ "type": "Feature", "properties": { "LINE_ID": 418, "ID": 144, "DIST": 0.0081278949, "DIST_SURF": 184.20194407, "X": -149.36084637, "Y": -17.528809597, "Z": -12.178333282000001, "layer": "profile_from_transects_tahiti", "path": "C:\\Users\\nlafn\\Documents\\GitHub\\ReefPassages\\data\\data_for_transects\\profile_from_transects_tahiti.geojson" }, "geometry": { "type": "Point", "coordinates": [ -149.360846374721149, -17.528809597280084 ] } },
{ "type": "Feature", "properties": { "LINE_ID": 418, "ID": 145, "DIST": 0.0083310923, "DIST_SURF": 185.54749939000001, "X": -149.36064637000001, "Y": -17.528845502, "Z": -10.832777977, "layer": "profile_from_transects_tahiti", "path": "C:\\Users\\nlafn\\Documents\\GitHub\\ReefPassages\\data\\data_for_transects\\profile_from_transects_tahiti.geojson" }, "geometry": { "type": "Point", "coordinates": [ -149.360646374721142, -17.528845502324593 ] } },
{ "type": "Feature", "properties": { "LINE_ID": 418, "ID": 146, "DIST": 0.0085342896, "DIST_SURF": 185.59694496, "X": -149.36044637000001, "Y": -17.528881407, "Z": -10.783332825, "layer": "profile_from_transects_tahiti", "path": "C:\\Users\\nlafn\\Documents\\GitHub\\ReefPassages\\data\\data_for_transects\\profile_from_transects_tahiti.geojson" }, "geometry": { "type": "Point", "coordinates": [ -149.360446374721135, -17.528881407369102 ] } },
{ "type": "Feature", "properties": { "LINE_ID": 418, "ID": 147, "DIST": 0.008737487, "DIST_SURF": 186.19777793, "X": -149.36024637, "Y": -17.528917312000001, "Z": -10.182499886, "layer": "profile_from_transects_tahiti", "path": "C:\\Users\\nlafn\\Documents\\GitHub\\ReefPassages\\data\\data_for_transects\\profile_from_transects_tahiti.geojson" }, "geometry": { "type": "Point", "coordinates": [ -149.360246374721129, -17.528917312413611 ] } },
{ "type": "Feature", "properties": { "LINE_ID": 418, "ID": 148, "DIST": 0.0089406844, "DIST_SURF": 188.25916691, "X": -149.36004637, "Y": -17.528953217000002, "Z": -8.1211109160999992, "layer": "profile_from_transects_tahiti", "path": "C:\\Users\\nlafn\\Documents\\GitHub\\ReefPassages\\data\\data_for_transects\\profile_from_transects_tahiti.geojson" }, "geometry": { "type": "Point", "coordinates": [ -149.360046374721122, -17.52895321745812 ] } },
{ "type": "Feature", "properties": { "LINE_ID": 419, "ID": 149, "DIST": 0.0, "DIST_SURF": 0.0, "X": -149.34125817, "Y": -17.527199842999998, "Z": -7.5880556106999997, "layer": "profile_from_transects_tahiti", "path": "C:\\Users\\nlafn\\Documents\\GitHub\\ReefPassages\\data\\data_for_transects\\profile_from_transects_tahiti.geojson" }, "geometry": { "type": "Point", "coordinates": [ -149.341258174291312, -17.527199842823414 ] } },
{ "type": "Feature", "properties": { "LINE_ID": 419, "ID": 150, "DIST": 0.000205696, "DIST_SURF": 0.3141666132, "X": -149.34105817, "Y": -17.527247914, "Z": -7.9022221564999997, "layer": "profile_from_transects_tahiti", "path": "C:\\Users\\nlafn\\Documents\\GitHub\\ReefPassages\\data\\data_for_transects\\profile_from_transects_tahiti.geojson" }, "geometry": { "type": "Point", "coordinates": [ -149.341058174291305, -17.527247914040032 ] } },
{ "type": "Feature", "properties": { "LINE_ID": 419, "ID": 151, "DIST": 0.000411392, "DIST_SURF": 1.9711113777, "X": -149.34085817, "Y": -17.527295985, "Z": -9.5591669083, "layer": "profile_from_transects_tahiti", "path": "C:\\Users\\nlafn\\Documents\\GitHub\\ReefPassages\\data\\data_for_transects\\profile_from_transects_tahiti.geojson" }, "geometry": { "type": "Point", "coordinates": [ -149.340858174291299, -17.52729598525665 ] } },
{ "type": "Feature", "properties": { "LINE_ID": 419, "ID": 152, "DIST": 0.000617088, "DIST_SURF": 3.4886113154, "X": -149.34065817000001, "Y": -17.527344056, "Z": -11.076666832000001, "layer": "profile_from_transects_tahiti", "path": "C:\\Users\\nlafn\\Documents\\GitHub\\ReefPassages\\data\\data_for_transects\\profile_from_transects_tahiti.geojson" }, "geometry": { "type": "Point", "coordinates": [ -149.340658174291292, -17.527344056473268 ] } },
{ "type": "Feature", "properties": { "LINE_ID": 419, "ID": 153, "DIST": 0.000822784, "DIST_SURF": 5.9224997594, "X": -149.34045817000001, "Y": -17.527392128, "Z": -13.510555267000001, "layer": "profile_from_transects_tahiti", "path": "C:\\Users\\nlafn\\Documents\\GitHub\\ReefPassages\\data\\data_for_transects\\profile_from_transects_tahiti.geojson" }, "geometry": { "type": "Point", "coordinates": [ -149.340458174291285, -17.527392127689886 ] } },
{ "type": "Feature", "properties": { "LINE_ID": 419, "ID": 154, "DIST": 0.00102848, "DIST_SURF": 6.7811108909, "X": -149.34025817, "Y": -17.527440199000001, "Z": -14.369166374000001, "layer": "profile_from_transects_tahiti", "path": "C:\\Users\\nlafn\\Documents\\GitHub\\ReefPassages\\data\\data_for_transects\\profile_from_transects_tahiti.geojson" }, "geometry": { "type": "Point", "coordinates": [ -149.340258174291279, -17.527440198906504 ] } },
{ "type": "Feature", "properties": { "LINE_ID": 419, "ID": 155, "DIST": 0.001234176, "DIST_SURF": 7.9961101072999998, "X": -149.34005817, "Y": -17.52748827, "Z": -13.154167175, "layer": "profile_from_transects_tahiti", "path": "C:\\Users\\nlafn\\Documents\\GitHub\\ReefPassages\\data\\data_for_transects\\profile_from_transects_tahiti.geojson" }, "geometry": { "type": "Point", "coordinates": [ -149.340058174291272, -17.527488270123122 ] } },
{ "type": "Feature", "properties": { "LINE_ID": 419, "ID": 156, "DIST": 0.001439872, "DIST_SURF": 8.4594432828000006, "X": -149.33985817000001, "Y": -17.527536341000001, "Z": -13.617500305, "layer": "profile_from_transects_tahiti", "path": "C:\\Users\\nlafn\\Documents\\GitHub\\ReefPassages\\data\\data_for_transects\\profile_from_transects_tahiti.geojson" }, "geometry": { "type": "Point", "coordinates": [ -149.339858174291265, -17.52753634133974 ] } },
{ "type": "Feature", "properties": { "LINE_ID": 419, "ID": 157, "DIST": 0.001645568, "DIST_SURF": 10.433055125, "X": -149.33965817000001, "Y": -17.527584413, "Z": -11.643888474000001, "layer": "profile_from_transects_tahiti", "path": "C:\\Users\\nlafn\\Documents\\GitHub\\ReefPassages\\data\\data_for_transects\\profile_from_transects_tahiti.geojson" }, "geometry": { "type": "Point", "coordinates": [ -149.339658174291259, -17.527584412556358 ] } },
{ "type": "Feature", "properties": { "LINE_ID": 419, "ID": 158, "DIST": 0.0018512639, "DIST_SURF": 10.607499445, "X": -149.33945817, "Y": -17.527632484000002, "Z": -11.469444275000001, "layer": "profile_from_transects_tahiti", "path": "C:\\Users\\nlafn\\Documents\\GitHub\\ReefPassages\\data\\data_for_transects\\profile_from_transects_tahiti.geojson" }, "geometry": { "type": "Point", "coordinates": [ -149.339458174291252, -17.527632483772976 ] } },
{ "type": "Feature", "properties": { "LINE_ID": 419, "ID": 159, "DIST": 0.0020569599, "DIST_SURF": 10.983888051, "X": -149.33925817, "Y": -17.527680555, "Z": -11.093055725, "layer": "profile_from_transects_tahiti", "path": "C:\\Users\\nlafn\\Documents\\GitHub\\ReefPassages\\data\\data_for_transects\\profile_from_transects_tahiti.geojson" }, "geometry": { "type": "Point", "coordinates": [ -149.339258174291245, -17.527680554989594 ] } },
{ "type": "Feature", "properties": { "LINE_ID": 419, "ID": 160, "DIST": 0.0022626559, "DIST_SURF": 11.63888877, "X": -149.33905817, "Y": -17.527728625999998, "Z": -10.438055038, "layer": "profile_from_transects_tahiti", "path": "C:\\Users\\nlafn\\Documents\\GitHub\\ReefPassages\\data\\data_for_transects\\profile_from_transects_tahiti.geojson" }, "geometry": { "type": "Point", "coordinates": [ -149.339058174291239, -17.527728626206212 ] } },
{ "type": "Feature", "properties": { "LINE_ID": 414, "ID": 161, "DIST": 0.0, "DIST_SURF": 0.0, "X": -149.31602629, "Y": -17.556076338, "Z": -7.820833683, "layer": "profile_from_transects_tahiti", "path": "C:\\Users\\nlafn\\Documents\\GitHub\\ReefPassages\\data\\data_for_transects\\profile_from_transects_tahiti.geojson" }, "geometry": { "type": "Point", "coordinates": [ -149.316026285197211, -17.556076338119961 ] } },
{ "type": "Feature", "properties": { "LINE_ID": 414, "ID": 162, "DIST": 0.0002658499, "DIST_SURF": 1.2180552773, "X": -149.31582629, "Y": -17.556251484000001, "Z": -9.0388889313000007, "layer": "profile_from_transects_tahiti", "path": "C:\\Users\\nlafn\\Documents\\GitHub\\ReefPassages\\data\\data_for_transects\\profile_from_transects_tahiti.geojson" }, "geometry": { "type": "Point", "coordinates": [ -149.315826285197204, -17.556251484318793 ] } },
{ "type": "Feature", "properties": { "LINE_ID": 414, "ID": 163, "DIST": 0.0005316999, "DIST_SURF": 1.6997219156000001, "X": -149.31562629000001, "Y": -17.556426631000001, "Z": -9.5205554962000001, "layer": "profile_from_transects_tahiti", "path": "C:\\Users\\nlafn\\Documents\\GitHub\\ReefPassages\\data\\data_for_transects\\profile_from_transects_tahiti.geojson" }, "geometry": { "type": "Point", "coordinates": [ -149.315626285197197, -17.556426630517624 ] } },
{ "type": "Feature", "properties": { "LINE_ID": 414, "ID": 164, "DIST": 0.0007975498, "DIST_SURF": 3.2869440371, "X": -149.31542629, "Y": -17.556601777000001, "Z": -11.107777596, "layer": "profile_from_transects_tahiti", "path": "C:\\Users\\nlafn\\Documents\\GitHub\\ReefPassages\\data\\data_for_transects\\profile_from_transects_tahiti.geojson" }, "geometry": { "type": "Point", "coordinates": [ -149.315426285197191, -17.556601776716455 ] } },
{ "type": "Feature", "properties": { "LINE_ID": 414, "ID": 165, "DIST": 0.0010633998, "DIST_SURF": 4.348889032, "X": -149.31522629, "Y": -17.556776923000001, "Z": -12.169722557, "layer": "profile_from_transects_tahiti", "path": "C:\\Users\\nlafn\\Documents\\GitHub\\ReefPassages\\data\\data_for_transects\\profile_from_transects_tahiti.geojson" }, "geometry": { "type": "Point", "coordinates": [ -149.315226285197184, -17.556776922915287 ] } },
{ "type": "Feature", "properties": { "LINE_ID": 414, "ID": 166, "DIST": 0.0013292497, "DIST_SURF": 8.152499843, "X": -149.31502629, "Y": -17.556952069000001, "Z": -15.973333359, "layer": "profile_from_transects_tahiti", "path": "C:\\Users\\nlafn\\Documents\\GitHub\\ReefPassages\\data\\data_for_transects\\profile_from_transects_tahiti.geojson" }, "geometry": { "type": "Point", "coordinates": [ -149.315026285197177, -17.556952069114118 ] } },
{ "type": "Feature", "properties": { "LINE_ID": 414, "ID": 167, "DIST": 0.0015950996, "DIST_SURF": 11.832778631, "X": -149.31482629000001, "Y": -17.557127215000001, "Z": -19.653612137, "layer": "profile_from_transects_tahiti", "path": "C:\\Users\\nlafn\\Documents\\GitHub\\ReefPassages\\data\\data_for_transects\\profile_from_transects_tahiti.geojson" }, "geometry": { "type": "Point", "coordinates": [ -149.314826285197171, -17.557127215312949 ] } },
{ "type": "Feature", "properties": { "LINE_ID": 414, "ID": 168, "DIST": 0.0018609496, "DIST_SURF": 17.653888408, "X": -149.31462629000001, "Y": -17.557302362000001, "Z": -25.474721909, "layer": "profile_from_transects_tahiti", "path": "C:\\Users\\nlafn\\Documents\\GitHub\\ReefPassages\\data\\data_for_transects\\profile_from_transects_tahiti.geojson" }, "geometry": { "type": "Point", "coordinates": [ -149.314626285197164, -17.55730236151178 ] } },
{ "type": "Feature", "properties": { "LINE_ID": 414, "ID": 169, "DIST": 0.0021267995, "DIST_SURF": 18.599445086, "X": -149.31442629, "Y": -17.557477508000002, "Z": -26.420278549, "layer": "profile_from_transects_tahiti", "path": "C:\\Users\\nlafn\\Documents\\GitHub\\ReefPassages\\data\\data_for_transects\\profile_from_transects_tahiti.geojson" }, "geometry": { "type": "Point", "coordinates": [ -149.314426285197158, -17.557477507710612 ] } },
{ "type": "Feature", "properties": { "LINE_ID": 414, "ID": 170, "DIST": 0.0023926495, "DIST_SURF": 21.645000213, "X": -149.31422629, "Y": -17.557652654000002, "Z": -29.465833664000002, "layer": "profile_from_transects_tahiti", "path": "C:\\Users\\nlafn\\Documents\\GitHub\\ReefPassages\\data\\data_for_transects\\profile_from_transects_tahiti.geojson" }, "geometry": { "type": "Point", "coordinates": [ -149.314226285197151, -17.557652653909443 ] } },
{ "type": "Feature", "properties": { "LINE_ID": 414, "ID": 171, "DIST": 0.0026584994, "DIST_SURF": 22.305557059000002, "X": -149.31402629, "Y": -17.5578278, "Z": -28.805276871, "layer": "profile_from_transects_tahiti", "path": "C:\\Users\\nlafn\\Documents\\GitHub\\ReefPassages\\data\\data_for_transects\\profile_from_transects_tahiti.geojson" }, "geometry": { "type": "Point", "coordinates": [ -149.314026285197144, -17.557827800108274 ] } },
{ "type": "Feature", "properties": { "LINE_ID": 414, "ID": 172, "DIST": 0.0029243493, "DIST_SURF": 22.408889921, "X": -149.31382629000001, "Y": -17.558002945999998, "Z": -28.701944351000002, "layer": "profile_from_transects_tahiti", "path": "C:\\Users\\nlafn\\Documents\\GitHub\\ReefPassages\\data\\data_for_transects\\profile_from_transects_tahiti.geojson" }, "geometry": { "type": "Point", "coordinates": [ -149.313826285197138, -17.558002946307106 ] } },
{ "type": "Feature", "properties": { "LINE_ID": 414, "ID": 173, "DIST": 0.0031901993, "DIST_SURF": 33.046667253000003, "X": -149.31362629, "Y": -17.558178093, "Z": -39.33972168, "layer": "profile_from_transects_tahiti", "path": "C:\\Users\\nlafn\\Documents\\GitHub\\ReefPassages\\data\\data_for_transects\\profile_from_transects_tahiti.geojson" }, "geometry": { "type": "Point", "coordinates": [ -149.313626285197131, -17.558178092505937 ] } },
{ "type": "Feature", "properties": { "LINE_ID": 414, "ID": 174, "DIST": 0.0034560492, "DIST_SURF": 51.091947711000003, "X": -149.31342629, "Y": -17.558353239, "Z": -57.385002135999997, "layer": "profile_from_transects_tahiti", "path": "C:\\Users\\nlafn\\Documents\\GitHub\\ReefPassages\\data\\data_for_transects\\profile_from_transects_tahiti.geojson" }, "geometry": { "type": "Point", "coordinates": [ -149.313426285197124, -17.558353238704768 ] } },
{ "type": "Feature", "properties": { "LINE_ID": 414, "ID": 175, "DIST": 0.0037218992, "DIST_SURF": 70.170560994, "X": -149.31322629, "Y": -17.558528385, "Z": -76.463615417, "layer": "profile_from_transects_tahiti", "path": "C:\\Users\\nlafn\\Documents\\GitHub\\ReefPassages\\data\\data_for_transects\\profile_from_transects_tahiti.geojson" }, "geometry": { "type": "Point", "coordinates": [ -149.313226285197118, -17.5585283849036 ] } },
{ "type": "Feature", "properties": { "LINE_ID": 414, "ID": 176, "DIST": 0.0039877491, "DIST_SURF": 80.343610924999993, "X": -149.31302629000001, "Y": -17.558703531, "Z": -86.636665343999994, "layer": "profile_from_transects_tahiti", "path": "C:\\Users\\nlafn\\Documents\\GitHub\\ReefPassages\\data\\data_for_transects\\profile_from_transects_tahiti.geojson" }, "geometry": { "type": "Point", "coordinates": [ -149.313026285197111, -17.558703531102431 ] } },
{ "type": "Feature", "properties": { "LINE_ID": 414, "ID": 177, "DIST": 0.0042535991, "DIST_SURF": 82.108335675999996, "X": -149.31282629, "Y": -17.558878677, "Z": -88.401390075999998, "layer": "profile_from_transects_tahiti", "path": "C:\\Users\\nlafn\\Documents\\GitHub\\ReefPassages\\data\\data_for_transects\\profile_from_transects_tahiti.geojson" }, "geometry": { "type": "Point", "coordinates": [ -149.312826285197104, -17.558878677301262 ] } },
{ "type": "Feature", "properties": { "LINE_ID": 414, "ID": 178, "DIST": 0.004519449, "DIST_SURF": 86.712774466, "X": -149.31262629, "Y": -17.559053824, "Z": -93.005828856999997, "layer": "profile_from_transects_tahiti", "path": "C:\\Users\\nlafn\\Documents\\GitHub\\ReefPassages\\data\\data_for_transects\\profile_from_transects_tahiti.geojson" }, "geometry": { "type": "Point", "coordinates": [ -149.312626285197098, -17.559053823500093 ] } },
{ "type": "Feature", "properties": { "LINE_ID": 414, "ID": 179, "DIST": 0.0047852989, "DIST_SURF": 89.311575137999995, "X": -149.31242629, "Y": -17.55922897, "Z": -95.604629517000006, "layer": "profile_from_transects_tahiti", "path": "C:\\Users\\nlafn\\Documents\\GitHub\\ReefPassages\\data\\data_for_transects\\profile_from_transects_tahiti.geojson" }, "geometry": { "type": "Point", "coordinates": [ -149.312426285197091, -17.559228969698925 ] } },
{ "type": "Feature", "properties": { "LINE_ID": 414, "ID": 180, "DIST": 0.0050511489, "DIST_SURF": 91.604261616000002, "X": -149.31222629000001, "Y": -17.559404116, "Z": -97.897315978999998, "layer": "profile_from_transects_tahiti", "path": "C:\\Users\\nlafn\\Documents\\GitHub\\ReefPassages\\data\\data_for_transects\\profile_from_transects_tahiti.geojson" }, "geometry": { "type": "Point", "coordinates": [ -149.312226285197085, -17.559404115897756 ] } },
{ "type": "Feature", "properties": { "LINE_ID": 414, "ID": 181, "DIST": 0.0053169988, "DIST_SURF": 92.712042104999995, "X": -149.31202629000001, "Y": -17.559579262, "Z": -96.789535521999994, "layer": "profile_from_transects_tahiti", "path": "C:\\Users\\nlafn\\Documents\\GitHub\\ReefPassages\\data\\data_for_transects\\profile_from_transects_tahiti.geojson" }, "geometry": { "type": "Point", "coordinates": [ -149.312026285197078, -17.559579262096587 ] } },
{ "type": "Feature", "properties": { "LINE_ID": 414, "ID": 182, "DIST": 0.0055828488, "DIST_SURF": 93.369512861000004, "X": -149.31182629, "Y": -17.559754408, "Z": -97.447006226, "layer": "profile_from_transects_tahiti", "path": "C:\\Users\\nlafn\\Documents\\GitHub\\ReefPassages\\data\\data_for_transects\\profile_from_transects_tahiti.geojson" }, "geometry": { "type": "Point", "coordinates": [ -149.311826285197071, -17.559754408295419 ] } },
{ "type": "Feature", "properties": { "LINE_ID": 414, "ID": 183, "DIST": 0.0058486987, "DIST_SURF": 93.427657085000007, "X": -149.31162629, "Y": -17.559929554, "Z": -97.505149841000005, "layer": "profile_from_transects_tahiti", "path": "C:\\Users\\nlafn\\Documents\\GitHub\\ReefPassages\\data\\data_for_transects\\profile_from_transects_tahiti.geojson" }, "geometry": { "type": "Point", "coordinates": [ -149.311626285197065, -17.55992955449425 ] } },
{ "type": "Feature", "properties": { "LINE_ID": 414, "ID": 184, "DIST": 0.0061145486, "DIST_SURF": 97.558363881000005, "X": -149.31142629000001, "Y": -17.560104701, "Z": -93.374443053999997, "layer": "profile_from_transects_tahiti", "path": "C:\\Users\\nlafn\\Documents\\GitHub\\ReefPassages\\data\\data_for_transects\\profile_from_transects_tahiti.geojson" }, "geometry": { "type": "Point", "coordinates": [ -149.311426285197058, -17.560104700693081 ] } },
{ "type": "Feature", "properties": { "LINE_ID": 414, "ID": 185, "DIST": 0.0063803986, "DIST_SURF": 101.51180932, "X": -149.31122629000001, "Y": -17.560279847, "Z": -89.42099762, "layer": "profile_from_transects_tahiti", "path": "C:\\Users\\nlafn\\Documents\\GitHub\\ReefPassages\\data\\data_for_transects\\profile_from_transects_tahiti.geojson" }, "geometry": { "type": "Point", "coordinates": [ -149.311226285197051, -17.560279846891913 ] } },
{ "type": "Feature", "properties": { "LINE_ID": 414, "ID": 186, "DIST": 0.0066462485, "DIST_SURF": 102.62479306, "X": -149.31102629, "Y": -17.560454993, "Z": -90.533981323000006, "layer": "profile_from_transects_tahiti", "path": "C:\\Users\\nlafn\\Documents\\GitHub\\ReefPassages\\data\\data_for_transects\\profile_from_transects_tahiti.geojson" }, "geometry": { "type": "Point", "coordinates": [ -149.311026285197045, -17.560454993090744 ] } },
{ "type": "Feature", "properties": { "LINE_ID": 414, "ID": 187, "DIST": 0.0069120985, "DIST_SURF": 108.32803251, "X": -149.31082629, "Y": -17.560630139000001, "Z": -96.237220764, "layer": "profile_from_transects_tahiti", "path": "C:\\Users\\nlafn\\Documents\\GitHub\\ReefPassages\\data\\data_for_transects\\profile_from_transects_tahiti.geojson" }, "geometry": { "type": "Point", "coordinates": [ -149.310826285197038, -17.560630139289575 ] } },
{ "type": "Feature", "properties": { "LINE_ID": 414, "ID": 188, "DIST": 0.0071779484, "DIST_SURF": 108.55609052, "X": -149.31062629, "Y": -17.560805285000001, "Z": -96.009162903000004, "layer": "profile_from_transects_tahiti", "path": "C:\\Users\\nlafn\\Documents\\GitHub\\ReefPassages\\data\\data_for_transects\\profile_from_transects_tahiti.geojson" }, "geometry": { "type": "Point", "coordinates": [ -149.310626285197031, -17.560805285488406 ] } },
{ "type": "Feature", "properties": { "LINE_ID": 414, "ID": 189, "DIST": 0.0074437983, "DIST_SURF": 115.38803023, "X": -149.31042629000001, "Y": -17.560980432000001, "Z": -89.177223205999994, "layer": "profile_from_transects_tahiti", "path": "C:\\Users\\nlafn\\Documents\\GitHub\\ReefPassages\\data\\data_for_transects\\profile_from_transects_tahiti.geojson" }, "geometry": { "type": "Point", "coordinates": [ -149.310426285197025, -17.560980431687238 ] } },
{ "type": "Feature", "properties": { "LINE_ID": 414, "ID": 190, "DIST": 0.0077096483, "DIST_SURF": 123.30275649, "X": -149.31022629, "Y": -17.561155578000001, "Z": -81.262496948000006, "layer": "profile_from_transects_tahiti", "path": "C:\\Users\\nlafn\\Documents\\GitHub\\ReefPassages\\data\\data_for_transects\\profile_from_transects_tahiti.geojson" }, "geometry": { "type": "Point", "coordinates": [ -149.310226285197018, -17.561155577886069 ] } },
{ "type": "Feature", "properties": { "LINE_ID": 414, "ID": 191, "DIST": 0.0079754982, "DIST_SURF": 127.63081283, "X": -149.31002629, "Y": -17.561330724000001, "Z": -76.934440613000007, "layer": "profile_from_transects_tahiti", "path": "C:\\Users\\nlafn\\Documents\\GitHub\\ReefPassages\\data\\data_for_transects\\profile_from_transects_tahiti.geojson" }, "geometry": { "type": "Point", "coordinates": [ -149.310026285197011, -17.5613307240849 ] } },
{ "type": "Feature", "properties": { "LINE_ID": 414, "ID": 192, "DIST": 0.0082413482, "DIST_SURF": 129.56525346000001, "X": -149.30982629, "Y": -17.56150587, "Z": -75.0, "layer": "profile_from_transects_tahiti", "path": "C:\\Users\\nlafn\\Documents\\GitHub\\ReefPassages\\data\\data_for_transects\\profile_from_transects_tahiti.geojson" }, "geometry": { "type": "Point", "coordinates": [ -149.309826285197005, -17.561505870283732 ] } },
{ "type": "Feature", "properties": { "LINE_ID": 414, "ID": 193, "DIST": 0.0085071981, "DIST_SURF": 131.76608203000001, "X": -149.30962629000001, "Y": -17.561681016000001, "Z": -72.799171447999996, "layer": "profile_from_transects_tahiti", "path": "C:\\Users\\nlafn\\Documents\\GitHub\\ReefPassages\\data\\data_for_transects\\profile_from_transects_tahiti.geojson" }, "geometry": { "type": "Point", "coordinates": [ -149.309626285196998, -17.561681016482563 ] } },
{ "type": "Feature", "properties": { "LINE_ID": 414, "ID": 194, "DIST": 0.008773048, "DIST_SURF": 134.77136158, "X": -149.30942629, "Y": -17.561856163000002, "Z": -69.793891907000003, "layer": "profile_from_transects_tahiti", "path": "C:\\Users\\nlafn\\Documents\\GitHub\\ReefPassages\\data\\data_for_transects\\profile_from_transects_tahiti.geojson" }, "geometry": { "type": "Point", "coordinates": [ -149.309426285196992, -17.561856162681394 ] } },
{ "type": "Feature", "properties": { "LINE_ID": 414, "ID": 195, "DIST": 0.009038898, "DIST_SURF": 142.06775212, "X": -149.30922629, "Y": -17.562031309000002, "Z": -62.497501373, "layer": "profile_from_transects_tahiti", "path": "C:\\Users\\nlafn\\Documents\\GitHub\\ReefPassages\\data\\data_for_transects\\profile_from_transects_tahiti.geojson" }, "geometry": { "type": "Point", "coordinates": [ -149.309226285196985, -17.562031308880226 ] } },
{ "type": "Feature", "properties": { "LINE_ID": 414, "ID": 196, "DIST": 0.0093047479, "DIST_SURF": 142.98913888000001, "X": -149.30902629, "Y": -17.562206454999998, "Z": -63.418888092000003, "layer": "profile_from_transects_tahiti", "path": "C:\\Users\\nlafn\\Documents\\GitHub\\ReefPassages\\data\\data_for_transects\\profile_from_transects_tahiti.geojson" }, "geometry": { "type": "Point", "coordinates": [ -149.309026285196978, -17.562206455079057 ] } },
{ "type": "Feature", "properties": { "LINE_ID": 414, "ID": 197, "DIST": 0.0095705979, "DIST_SURF": 143.43636262000001, "X": -149.30882629000001, "Y": -17.562381600999998, "Z": -63.866111755, "layer": "profile_from_transects_tahiti", "path": "C:\\Users\\nlafn\\Documents\\GitHub\\ReefPassages\\data\\data_for_transects\\profile_from_transects_tahiti.geojson" }, "geometry": { "type": "Point", "coordinates": [ -149.308826285196972, -17.562381601277888 ] } },
{ "type": "Feature", "properties": { "LINE_ID": 414, "ID": 198, "DIST": 0.0098364478, "DIST_SURF": 169.14303148, "X": -149.30862629000001, "Y": -17.562556747, "Z": -38.159442902000002, "layer": "profile_from_transects_tahiti", "path": "C:\\Users\\nlafn\\Documents\\GitHub\\ReefPassages\\data\\data_for_transects\\profile_from_transects_tahiti.geojson" }, "geometry": { "type": "Point", "coordinates": [ -149.308626285196965, -17.562556747476719 ] } },
{ "type": "Feature", "properties": { "LINE_ID": 414, "ID": 199, "DIST": 0.0101022977, "DIST_SURF": 179.13747537, "X": -149.30842629, "Y": -17.562731894, "Z": -28.164999008, "layer": "profile_from_transects_tahiti", "path": "C:\\Users\\nlafn\\Documents\\GitHub\\ReefPassages\\data\\data_for_transects\\profile_from_transects_tahiti.geojson" }, "geometry": { "type": "Point", "coordinates": [ -149.308426285196958, -17.562731893675551 ] } },
{ "type": "Feature", "properties": { "LINE_ID": 414, "ID": 200, "DIST": 0.0103681477, "DIST_SURF": 180.99136295, "X": -149.30822629, "Y": -17.56290704, "Z": -26.31111145, "layer": "profile_from_transects_tahiti", "path": "C:\\Users\\nlafn\\Documents\\GitHub\\ReefPassages\\data\\data_for_transects\\profile_from_transects_tahiti.geojson" }, "geometry": { "type": "Point", "coordinates": [ -149.308226285196952, -17.562907039874382 ] } },
{ "type": "Feature", "properties": { "LINE_ID": 414, "ID": 201, "DIST": 0.0106339976, "DIST_SURF": 184.30747357000001, "X": -149.30802629, "Y": -17.563082186, "Z": -22.995000839, "layer": "profile_from_transects_tahiti", "path": "C:\\Users\\nlafn\\Documents\\GitHub\\ReefPassages\\data\\data_for_transects\\profile_from_transects_tahiti.geojson" }, "geometry": { "type": "Point", "coordinates": [ -149.308026285196945, -17.563082186073213 ] } },
{ "type": "Feature", "properties": { "LINE_ID": 414, "ID": 202, "DIST": 0.0108998476, "DIST_SURF": 188.81302969000001, "X": -149.30782629000001, "Y": -17.563257332, "Z": -18.489444733, "layer": "profile_from_transects_tahiti", "path": "C:\\Users\\nlafn\\Documents\\GitHub\\ReefPassages\\data\\data_for_transects\\profile_from_transects_tahiti.geojson" }, "geometry": { "type": "Point", "coordinates": [ -149.307826285196938, -17.563257332272045 ] } },
{ "type": "Feature", "properties": { "LINE_ID": 414, "ID": 203, "DIST": 0.0111656975, "DIST_SURF": 195.32080786, "X": -149.30762629, "Y": -17.563432478, "Z": -11.981666565, "layer": "profile_from_transects_tahiti", "path": "C:\\Users\\nlafn\\Documents\\GitHub\\ReefPassages\\data\\data_for_transects\\profile_from_transects_tahiti.geojson" }, "geometry": { "type": "Point", "coordinates": [ -149.307626285196932, -17.563432478470876 ] } },
{ "type": "Feature", "properties": { "LINE_ID": 414, "ID": 204, "DIST": 0.0114315475, "DIST_SURF": 198.84552997, "X": -149.30742629, "Y": -17.563607625, "Z": -8.4569444655999995, "layer": "profile_from_transects_tahiti", "path": "C:\\Users\\nlafn\\Documents\\GitHub\\ReefPassages\\data\\data_for_transects\\profile_from_transects_tahiti.geojson" }, "geometry": { "type": "Point", "coordinates": [ -149.307426285196925, -17.563607624669707 ] } },
{ "type": "Feature", "properties": { "LINE_ID": 414, "ID": 205, "DIST": 0.0116973974, "DIST_SURF": 200.02997443000001, "X": -149.30722629, "Y": -17.563782771, "Z": -9.6413888931000002, "layer": "profile_from_transects_tahiti", "path": "C:\\Users\\nlafn\\Documents\\GitHub\\ReefPassages\\data\\data_for_transects\\profile_from_transects_tahiti.geojson" }, "geometry": { "type": "Point", "coordinates": [ -149.307226285196919, -17.563782770868539 ] } },
{ "type": "Feature", "properties": { "LINE_ID": 414, "ID": 206, "DIST": 0.0119632473, "DIST_SURF": 200.23136391, "X": -149.30702629000001, "Y": -17.563957917, "Z": -9.8427782059000002, "layer": "profile_from_transects_tahiti", "path": "C:\\Users\\nlafn\\Documents\\GitHub\\ReefPassages\\data\\data_for_transects\\profile_from_transects_tahiti.geojson" }, "geometry": { "type": "Point", "coordinates": [ -149.307026285196912, -17.56395791706737 ] } },
{ "type": "Feature", "properties": { "LINE_ID": 413, "ID": 207, "DIST": 0.0, "DIST_SURF": 0.0, "X": -149.29611445, "Y": -17.600505823, "Z": 0.611944437, "layer": "profile_from_transects_tahiti", "path": "C:\\Users\\nlafn\\Documents\\GitHub\\ReefPassages\\data\\data_for_transects\\profile_from_transects_tahiti.geojson" }, "geometry": { "type": "Point", "coordinates": [ -149.296114453142337, -17.600505823254927 ] } },
{ "type": "Feature", "properties": { "LINE_ID": 413, "ID": 208, "DIST": 0.0002002115, "DIST_SURF": 0.1069446292, "X": -149.29612365, "Y": -17.600705822999998, "Z": 0.5049999952000001, "layer": "profile_from_transects_tahiti", "path": "C:\\Users\\nlafn\\Documents\\GitHub\\ReefPassages\\data\\data_for_transects\\profile_from_transects_tahiti.geojson" }, "geometry": { "type": "Point", "coordinates": [ -149.296123653142331, -17.600705823254927 ] } },
{ "type": "Feature", "properties": { "LINE_ID": 413, "ID": 209, "DIST": 0.000400423, "DIST_SURF": 0.340000277, "X": -149.29613285, "Y": -17.600905823000002, "Z": 0.2719444335, "layer": "profile_from_transects_tahiti", "path": "C:\\Users\\nlafn\\Documents\\GitHub\\ReefPassages\\data\\data_for_transects\\profile_from_transects_tahiti.geojson" }, "geometry": { "type": "Point", "coordinates": [ -149.296132853142325, -17.600905823254926 ] } },
{ "type": "Feature", "properties": { "LINE_ID": 413, "ID": 210, "DIST": 0.0006006345, "DIST_SURF": 0.9355558545, "X": -149.29614205, "Y": -17.601105823000001, "Z": -0.3236111105, "layer": "profile_from_transects_tahiti", "path": "C:\\Users\\nlafn\\Documents\\GitHub\\ReefPassages\\data\\data_for_transects\\profile_from_transects_tahiti.geojson" }, "geometry": { "type": "Point", "coordinates": [ -149.296142053142319, -17.601105823254926 ] } },
{ "type": "Feature", "properties": { "LINE_ID": 413, "ID": 211, "DIST": 0.000800846, "DIST_SURF": 2.1572224752000002, "X": -149.29615125000001, "Y": -17.601305823000001, "Z": -1.5452777147000001, "layer": "profile_from_transects_tahiti", "path": "C:\\Users\\nlafn\\Documents\\GitHub\\ReefPassages\\data\\data_for_transects\\profile_from_transects_tahiti.geojson" }, "geometry": { "type": "Point", "coordinates": [ -149.296151253142312, -17.601305823254926 ] } },
{ "type": "Feature", "properties": { "LINE_ID": 413, "ID": 212, "DIST": 0.0010010574, "DIST_SURF": 3.383611542, "X": -149.29616045, "Y": -17.601505823, "Z": -2.7716667652, "layer": "profile_from_transects_tahiti", "path": "C:\\Users\\nlafn\\Documents\\GitHub\\ReefPassages\\data\\data_for_transects\\profile_from_transects_tahiti.geojson" }, "geometry": { "type": "Point", "coordinates": [ -149.296160453142306, -17.601505823254925 ] } },
{ "type": "Feature", "properties": { "LINE_ID": 413, "ID": 213, "DIST": 0.0012012689, "DIST_SURF": 4.0569447397999996, "X": -149.29616965, "Y": -17.601705823, "Z": -3.4449999332000001, "layer": "profile_from_transects_tahiti", "path": "C:\\Users\\nlafn\\Documents\\GitHub\\ReefPassages\\data\\data_for_transects\\profile_from_transects_tahiti.geojson" }, "geometry": { "type": "Point", "coordinates": [ -149.2961696531423, -17.601705823254925 ] } },
{ "type": "Feature", "properties": { "LINE_ID": 413, "ID": 214, "DIST": 0.0014014804, "DIST_SURF": 4.8155562069000002, "X": -149.29617885, "Y": -17.601905823, "Z": -4.2036113739000003, "layer": "profile_from_transects_tahiti", "path": "C:\\Users\\nlafn\\Documents\\GitHub\\ReefPassages\\data\\data_for_transects\\profile_from_transects_tahiti.geojson" }, "geometry": { "type": "Point", "coordinates": [ -149.296178853142294, -17.601905823254924 ] } },
{ "type": "Feature", "properties": { "LINE_ID": 413, "ID": 215, "DIST": 0.0016016919, "DIST_SURF": 5.1200005857999997, "X": -149.29618805000001, "Y": -17.602105823, "Z": -4.508055687, "layer": "profile_from_transects_tahiti", "path": "C:\\Users\\nlafn\\Documents\\GitHub\\ReefPassages\\data\\data_for_transects\\profile_from_transects_tahiti.geojson" }, "geometry": { "type": "Point", "coordinates": [ -149.296188053142288, -17.602105823254924 ] } },
{ "type": "Feature", "properties": { "LINE_ID": 413, "ID": 216, "DIST": 0.0018019034, "DIST_SURF": 5.4786117485999997, "X": -149.29619725000001, "Y": -17.602305822999998, "Z": -4.8666667938000003, "layer": "profile_from_transects_tahiti", "path": "C:\\Users\\nlafn\\Documents\\GitHub\\ReefPassages\\data\\data_for_transects\\profile_from_transects_tahiti.geojson" }, "geometry": { "type": "Point", "coordinates": [ -149.296197253142282, -17.602305823254923 ] } },
{ "type": "Feature", "properties": { "LINE_ID": 413, "ID": 217, "DIST": 0.0020021149, "DIST_SURF": 6.3752782977000004, "X": -149.29620645, "Y": -17.602505823000001, "Z": -5.7633333206000001, "layer": "profile_from_transects_tahiti", "path": "C:\\Users\\nlafn\\Documents\\GitHub\\ReefPassages\\data\\data_for_transects\\profile_from_transects_tahiti.geojson" }, "geometry": { "type": "Point", "coordinates": [ -149.296206453142275, -17.602505823254923 ] } },
{ "type": "Feature", "properties": { "LINE_ID": 413, "ID": 218, "DIST": 0.0022023264, "DIST_SURF": 10.036945173, "X": -149.29621565, "Y": -17.602705823000001, "Z": -9.4250001907000005, "layer": "profile_from_transects_tahiti", "path": "C:\\Users\\nlafn\\Documents\\GitHub\\ReefPassages\\data\\data_for_transects\\profile_from_transects_tahiti.geojson" }, "geometry": { "type": "Point", "coordinates": [ -149.296215653142269, -17.602705823254922 ] } },
{ "type": "Feature", "properties": { "LINE_ID": 413, "ID": 219, "DIST": 0.0024025379, "DIST_SURF": 19.161944222, "X": -149.29622485, "Y": -17.602905823, "Z": -18.549999237000002, "layer": "profile_from_transects_tahiti", "path": "C:\\Users\\nlafn\\Documents\\GitHub\\ReefPassages\\data\\data_for_transects\\profile_from_transects_tahiti.geojson" }, "geometry": { "type": "Point", "coordinates": [ -149.296224853142263, -17.602905823254922 ] } },
{ "type": "Feature", "properties": { "LINE_ID": 413, "ID": 220, "DIST": 0.0026027493, "DIST_SURF": 30.441111399, "X": -149.29623405000001, "Y": -17.603105823, "Z": -29.829166412, "layer": "profile_from_transects_tahiti", "path": "C:\\Users\\nlafn\\Documents\\GitHub\\ReefPassages\\data\\data_for_transects\\profile_from_transects_tahiti.geojson" }, "geometry": { "type": "Point", "coordinates": [ -149.296234053142257, -17.603105823254921 ] } },
{ "type": "Feature", "properties": { "LINE_ID": 413, "ID": 221, "DIST": 0.0028029608, "DIST_SURF": 39.412222698999997, "X": -149.29624325, "Y": -17.603305823, "Z": -38.80027771, "layer": "profile_from_transects_tahiti", "path": "C:\\Users\\nlafn\\Documents\\GitHub\\ReefPassages\\data\\data_for_transects\\profile_from_transects_tahiti.geojson" }, "geometry": { "type": "Point", "coordinates": [ -149.296243253142251, -17.603305823254921 ] } },
{ "type": "Feature", "properties": { "LINE_ID": 413, "ID": 222, "DIST": 0.0030031723, "DIST_SURF": 47.239722090999997, "X": -149.29625245, "Y": -17.603505823, "Z": -46.6277771, "layer": "profile_from_transects_tahiti", "path": "C:\\Users\\nlafn\\Documents\\GitHub\\ReefPassages\\data\\data_for_transects\\profile_from_transects_tahiti.geojson" }, "geometry": { "type": "Point", "coordinates": [ -149.296252453142245, -17.60350582325492 ] } },
{ "type": "Feature", "properties": { "LINE_ID": 413, "ID": 223, "DIST": 0.0032033838, "DIST_SURF": 54.970278582, "X": -149.29626165, "Y": -17.603705823, "Z": -54.358333588000001, "layer": "profile_from_transects_tahiti", "path": "C:\\Users\\nlafn\\Documents\\GitHub\\ReefPassages\\data\\data_for_transects\\profile_from_transects_tahiti.geojson" }, "geometry": { "type": "Point", "coordinates": [ -149.296261653142238, -17.60370582325492 ] } },
{ "type": "Feature", "properties": { "LINE_ID": 413, "ID": 224, "DIST": 0.0034035953, "DIST_SURF": 57.926390496000003, "X": -149.29627085000001, "Y": -17.603905823000002, "Z": -57.314445495999998, "layer": "profile_from_transects_tahiti", "path": "C:\\Users\\nlafn\\Documents\\GitHub\\ReefPassages\\data\\data_for_transects\\profile_from_transects_tahiti.geojson" }, "geometry": { "type": "Point", "coordinates": [ -149.296270853142232, -17.603905823254919 ] } },
{ "type": "Feature", "properties": { "LINE_ID": 413, "ID": 225, "DIST": 0.0036038068, "DIST_SURF": 58.178057599, "X": -149.29628005000001, "Y": -17.604105823000001, "Z": -57.062778473000002, "layer": "profile_from_transects_tahiti", "path": "C:\\Users\\nlafn\\Documents\\GitHub\\ReefPassages\\data\\data_for_transects\\profile_from_transects_tahiti.geojson" }, "geometry": { "type": "Point", "coordinates": [ -149.296280053142226, -17.604105823254919 ] } },
{ "type": "Feature", "properties": { "LINE_ID": 413, "ID": 226, "DIST": 0.0038040183, "DIST_SURF": 60.361948904000002, "X": -149.29628925, "Y": -17.604305823000001, "Z": -54.878887177000003, "layer": "profile_from_transects_tahiti", "path": "C:\\Users\\nlafn\\Documents\\GitHub\\ReefPassages\\data\\data_for_transects\\profile_from_transects_tahiti.geojson" }, "geometry": { "type": "Point", "coordinates": [ -149.29628925314222, -17.604305823254919 ] } },
{ "type": "Feature", "properties": { "LINE_ID": 413, "ID": 227, "DIST": 0.0040042298, "DIST_SURF": 69.547503410999994, "X": -149.29629845, "Y": -17.604505823, "Z": -45.693332671999997, "layer": "profile_from_transects_tahiti", "path": "C:\\Users\\nlafn\\Documents\\GitHub\\ReefPassages\\data\\data_for_transects\\profile_from_transects_tahiti.geojson" }, "geometry": { "type": "Point", "coordinates": [ -149.296298453142214, -17.604505823254918 ] } },
{ "type": "Feature", "properties": { "LINE_ID": 413, "ID": 228, "DIST": 0.0042044413, "DIST_SURF": 83.38278097, "X": -149.29630765, "Y": -17.604705823, "Z": -31.858055115, "layer": "profile_from_transects_tahiti", "path": "C:\\Users\\nlafn\\Documents\\GitHub\\ReefPassages\\data\\data_for_transects\\profile_from_transects_tahiti.geojson" }, "geometry": { "type": "Point", "coordinates": [ -149.296307653142208, -17.604705823254918 ] } },
{ "type": "Feature", "properties": { "LINE_ID": 413, "ID": 229, "DIST": 0.0044046527, "DIST_SURF": 91.021113338999996, "X": -149.29631685000001, "Y": -17.604905823, "Z": -24.219722748, "layer": "profile_from_transects_tahiti", "path": "C:\\Users\\nlafn\\Documents\\GitHub\\ReefPassages\\data\\data_for_transects\\profile_from_transects_tahiti.geojson" }, "geometry": { "type": "Point", "coordinates": [ -149.296316853142201, -17.604905823254917 ] } },
{ "type": "Feature", "properties": { "LINE_ID": 413, "ID": 230, "DIST": 0.0046048642, "DIST_SURF": 91.462223996000006, "X": -149.29632605, "Y": -17.605105823, "Z": -23.778612137, "layer": "profile_from_transects_tahiti", "path": "C:\\Users\\nlafn\\Documents\\GitHub\\ReefPassages\\data\\data_for_transects\\profile_from_transects_tahiti.geojson" }, "geometry": { "type": "Point", "coordinates": [ -149.296326053142195, -17.605105823254917 ] } },
{ "type": "Feature", "properties": { "LINE_ID": 413, "ID": 231, "DIST": 0.0048050757, "DIST_SURF": 95.753334992999996, "X": -149.29633525, "Y": -17.605305822999998, "Z": -28.069723129, "layer": "profile_from_transects_tahiti", "path": "C:\\Users\\nlafn\\Documents\\GitHub\\ReefPassages\\data\\data_for_transects\\profile_from_transects_tahiti.geojson" }, "geometry": { "type": "Point", "coordinates": [ -149.296335253142189, -17.605305823254916 ] } },
{ "type": "Feature", "properties": { "LINE_ID": 413, "ID": 232, "DIST": 0.0050052872, "DIST_SURF": 97.601389889000004, "X": -149.29634445, "Y": -17.605505823000001, "Z": -29.917778015, "layer": "profile_from_transects_tahiti", "path": "C:\\Users\\nlafn\\Documents\\GitHub\\ReefPassages\\data\\data_for_transects\\profile_from_transects_tahiti.geojson" }, "geometry": { "type": "Point", "coordinates": [ -149.296344453142183, -17.605505823254916 ] } },
{ "type": "Feature", "properties": { "LINE_ID": 413, "ID": 233, "DIST": 0.0052054987, "DIST_SURF": 101.41555692, "X": -149.29635365, "Y": -17.605705823000001, "Z": -26.103610992, "layer": "profile_from_transects_tahiti", "path": "C:\\Users\\nlafn\\Documents\\GitHub\\ReefPassages\\data\\data_for_transects\\profile_from_transects_tahiti.geojson" }, "geometry": { "type": "Point", "coordinates": [ -149.296353653142177, -17.605705823254915 ] } },
{ "type": "Feature", "properties": { "LINE_ID": 413, "ID": 234, "DIST": 0.0054057102, "DIST_SURF": 111.61777879, "X": -149.29636285000001, "Y": -17.605905823000001, "Z": -15.901389122, "layer": "profile_from_transects_tahiti", "path": "C:\\Users\\nlafn\\Documents\\GitHub\\ReefPassages\\data\\data_for_transects\\profile_from_transects_tahiti.geojson" }, "geometry": { "type": "Point", "coordinates": [ -149.29636285314217, -17.605905823254915 ] } },
{ "type": "Feature", "properties": { "LINE_ID": 413, "ID": 235, "DIST": 0.0056059217, "DIST_SURF": 121.61972333, "X": -149.29637205, "Y": -17.606105823, "Z": -5.8994445801, "layer": "profile_from_transects_tahiti", "path": "C:\\Users\\nlafn\\Documents\\GitHub\\ReefPassages\\data\\data_for_transects\\profile_from_transects_tahiti.geojson" }, "geometry": { "type": "Point", "coordinates": [ -149.296372053142164, -17.606105823254914 ] } },
{ "type": "Feature", "properties": { "LINE_ID": 413, "ID": 236, "DIST": 0.0058061332, "DIST_SURF": 125.13139011, "X": -149.29638125, "Y": -17.606305823, "Z": -2.3877778052999998, "layer": "profile_from_transects_tahiti", "path": "C:\\Users\\nlafn\\Documents\\GitHub\\ReefPassages\\data\\data_for_transects\\profile_from_transects_tahiti.geojson" }, "geometry": { "type": "Point", "coordinates": [ -149.296381253142158, -17.606305823254914 ] } },
{ "type": "Feature", "properties": { "LINE_ID": 413, "ID": 237, "DIST": 0.0060063446, "DIST_SURF": 126.27000133, "X": -149.29639045, "Y": -17.606505823, "Z": -1.2491666079, "layer": "profile_from_transects_tahiti", "path": "C:\\Users\\nlafn\\Documents\\GitHub\\ReefPassages\\data\\data_for_transects\\profile_from_transects_tahiti.geojson" }, "geometry": { "type": "Point", "coordinates": [ -149.296390453142152, -17.606505823254913 ] } },
{ "type": "Feature", "properties": { "LINE_ID": 413, "ID": 238, "DIST": 0.0062065561, "DIST_SURF": 127.43305684000001, "X": -149.29639965000001, "Y": -17.606705823, "Z": -0.0861111134, "layer": "profile_from_transects_tahiti", "path": "C:\\Users\\nlafn\\Documents\\GitHub\\ReefPassages\\data\\data_for_transects\\profile_from_transects_tahiti.geojson" }, "geometry": { "type": "Point", "coordinates": [ -149.296399653142146, -17.606705823254913 ] } },
{ "type": "Feature", "properties": { "LINE_ID": 413, "ID": 239, "DIST": 0.0064067676, "DIST_SURF": 127.88666798, "X": -149.29640885000001, "Y": -17.606905823000002, "Z": 0.3674999774, "layer": "profile_from_transects_tahiti", "path": "C:\\Users\\nlafn\\Documents\\GitHub\\ReefPassages\\data\\data_for_transects\\profile_from_transects_tahiti.geojson" }, "geometry": { "type": "Point", "coordinates": [ -149.29640885314214, -17.606905823254912 ] } },
{ "type": "Feature", "properties": { "LINE_ID": 413, "ID": 240, "DIST": 0.0066069791, "DIST_SURF": 128.10639031, "X": -149.29641805, "Y": -17.607105823000001, "Z": 0.5872222185, "layer": "profile_from_transects_tahiti", "path": "C:\\Users\\nlafn\\Documents\\GitHub\\ReefPassages\\data\\data_for_transects\\profile_from_transects_tahiti.geojson" }, "geometry": { "type": "Point", "coordinates": [ -149.296418053142133, -17.607105823254912 ] } },
{ "type": "Feature", "properties": { "LINE_ID": 412, "ID": 241, "DIST": 0.0, "DIST_SURF": 0.0, "X": -149.30949303, "Y": -17.639464227000001, "Z": -3.4088888168000002, "layer": "profile_from_transects_tahiti", "path": "C:\\Users\\nlafn\\Documents\\GitHub\\ReefPassages\\data\\data_for_transects\\profile_from_transects_tahiti.geojson" }, "geometry": { "type": "Point", "coordinates": [ -149.309493028199711, -17.639464227146835 ] } },
{ "type": "Feature", "properties": { "LINE_ID": 412, "ID": 242, "DIST": 0.0002597177, "DIST_SURF": 2.7994446875, "X": -149.30932734000001, "Y": -17.639264227000002, "Z": -6.2083334923000004, "layer": "profile_from_transects_tahiti", "path": "C:\\Users\\nlafn\\Documents\\GitHub\\ReefPassages\\data\\data_for_transects\\profile_from_transects_tahiti.geojson" }, "geometry": { "type": "Point", "coordinates": [ -149.309327337823134, -17.639264227146835 ] } },
{ "type": "Feature", "properties": { "LINE_ID": 412, "ID": 243, "DIST": 0.0005194355, "DIST_SURF": 6.2191667776, "X": -149.30916165, "Y": -17.639064227, "Z": -9.6280555724999992, "layer": "profile_from_transects_tahiti", "path": "C:\\Users\\nlafn\\Documents\\GitHub\\ReefPassages\\data\\data_for_transects\\profile_from_transects_tahiti.geojson" }, "geometry": { "type": "Point", "coordinates": [ -149.309161647446558, -17.639064227146836 ] } },
{ "type": "Feature", "properties": { "LINE_ID": 412, "ID": 244, "DIST": 0.0007791532, "DIST_SURF": 6.6049996516, "X": -149.30899596, "Y": -17.638864227, "Z": -10.013888359, "layer": "profile_from_transects_tahiti", "path": "C:\\Users\\nlafn\\Documents\\GitHub\\ReefPassages\\data\\data_for_transects\\profile_from_transects_tahiti.geojson" }, "geometry": { "type": "Point", "coordinates": [ -149.308995957069982, -17.638864227146836 ] } },
{ "type": "Feature", "properties": { "LINE_ID": 410, "ID": 245, "DIST": 0.0, "DIST_SURF": 0.0, "X": -149.29658004000001, "Y": -17.707037963000001, "Z": 0.1905555576, "layer": "profile_from_transects_tahiti", "path": "C:\\Users\\nlafn\\Documents\\GitHub\\ReefPassages\\data\\data_for_transects\\profile_from_transects_tahiti.geojson" }, "geometry": { "type": "Point", "coordinates": [ -149.296580041572042, -17.707037962932986 ] } },
{ "type": "Feature", "properties": { "LINE_ID": 410, "ID": 246, "DIST": 0.0002213373, "DIST_SURF": 1.431666734, "X": -149.29648522, "Y": -17.707237963000001, "Z": -1.2411111593, "layer": "profile_from_transects_tahiti", "path": "C:\\Users\\nlafn\\Documents\\GitHub\\ReefPassages\\data\\data_for_transects\\profile_from_transects_tahiti.geojson" }, "geometry": { "type": "Point", "coordinates": [ -149.296485224884293, -17.707237962932986 ] } },
{ "type": "Feature", "properties": { "LINE_ID": 410, "ID": 247, "DIST": 0.0004426746, "DIST_SURF": 3.9005556227999998, "X": -149.29639041, "Y": -17.707437963, "Z": -3.7100000381, "layer": "profile_from_transects_tahiti", "path": "C:\\Users\\nlafn\\Documents\\GitHub\\ReefPassages\\data\\data_for_transects\\profile_from_transects_tahiti.geojson" }, "geometry": { "type": "Point", "coordinates": [ -149.296390408196544, -17.707437962932985 ] } },
{ "type": "Feature", "properties": { "LINE_ID": 410, "ID": 248, "DIST": 0.0006640119, "DIST_SURF": 4.4991665417000002, "X": -149.29629559, "Y": -17.707637963, "Z": -4.3086109161000001, "layer": "profile_from_transects_tahiti", "path": "C:\\Users\\nlafn\\Documents\\GitHub\\ReefPassages\\data\\data_for_transects\\profile_from_transects_tahiti.geojson" }, "geometry": { "type": "Point", "coordinates": [ -149.296295591508795, -17.707637962932985 ] } },
{ "type": "Feature", "properties": { "LINE_ID": 410, "ID": 249, "DIST": 0.0008853492, "DIST_SURF": 7.6316667212000002, "X": -149.29620077000001, "Y": -17.707837963, "Z": -7.4411110878000004, "layer": "profile_from_transects_tahiti", "path": "C:\\Users\\nlafn\\Documents\\GitHub\\ReefPassages\\data\\data_for_transects\\profile_from_transects_tahiti.geojson" }, "geometry": { "type": "Point", "coordinates": [ -149.296200774821045, -17.707837962932985 ] } },
{ "type": "Feature", "properties": { "LINE_ID": 410, "ID": 250, "DIST": 0.0011066865, "DIST_SURF": 17.203332964000001, "X": -149.29610596000001, "Y": -17.708037963, "Z": -17.012777328, "layer": "profile_from_transects_tahiti", "path": "C:\\Users\\nlafn\\Documents\\GitHub\\ReefPassages\\data\\data_for_transects\\profile_from_transects_tahiti.geojson" }, "geometry": { "type": "Point", "coordinates": [ -149.296105958133296, -17.708037962932984 ] } },
{ "type": "Feature", "properties": { "LINE_ID": 410, "ID": 251, "DIST": 0.0013280239, "DIST_SURF": 27.546945638, "X": -149.29601114, "Y": -17.708237962999998, "Z": -27.356389999000001, "layer": "profile_from_transects_tahiti", "path": "C:\\Users\\nlafn\\Documents\\GitHub\\ReefPassages\\data\\data_for_transects\\profile_from_transects_tahiti.geojson" }, "geometry": { "type": "Point", "coordinates": [ -149.296011141445547, -17.708237962932984 ] } },
{ "type": "Feature", "properties": { "LINE_ID": 410, "ID": 252, "DIST": 0.0015493612, "DIST_SURF": 27.777502232, "X": -149.29591632, "Y": -17.708437963000002, "Z": -27.125833511, "layer": "profile_from_transects_tahiti", "path": "C:\\Users\\nlafn\\Documents\\GitHub\\ReefPassages\\data\\data_for_transects\\profile_from_transects_tahiti.geojson" }, "geometry": { "type": "Point", "coordinates": [ -149.295916324757798, -17.708437962932983 ] } },
{ "type": "Feature", "properties": { "LINE_ID": 410, "ID": 253, "DIST": 0.0017706985, "DIST_SURF": 32.943891702000002, "X": -149.29582151, "Y": -17.708637963000001, "Z": -21.959444046000002, "layer": "profile_from_transects_tahiti", "path": "C:\\Users\\nlafn\\Documents\\GitHub\\ReefPassages\\data\\data_for_transects\\profile_from_transects_tahiti.geojson" }, "geometry": { "type": "Point", "coordinates": [ -149.295821508070048, -17.708637962932983 ] } },
{ "type": "Feature", "properties": { "LINE_ID": 410, "ID": 254, "DIST": 0.0019920358, "DIST_SURF": 34.773058128000002, "X": -149.29572669000001, "Y": -17.708837963000001, "Z": -20.130277634, "layer": "profile_from_transects_tahiti", "path": "C:\\Users\\nlafn\\Documents\\GitHub\\ReefPassages\\data\\data_for_transects\\profile_from_transects_tahiti.geojson" }, "geometry": { "type": "Point", "coordinates": [ -149.295726691382299, -17.708837962932982 ] } },
{ "type": "Feature", "properties": { "LINE_ID": 410, "ID": 255, "DIST": 0.0022133731, "DIST_SURF": 35.631391743999998, "X": -149.29563187, "Y": -17.709037963, "Z": -19.271944046000002, "layer": "profile_from_transects_tahiti", "path": "C:\\Users\\nlafn\\Documents\\GitHub\\ReefPassages\\data\\data_for_transects\\profile_from_transects_tahiti.geojson" }, "geometry": { "type": "Point", "coordinates": [ -149.29563187469455, -17.709037962932982 ] } },
{ "type": "Feature", "properties": { "LINE_ID": 410, "ID": 256, "DIST": 0.0024347104, "DIST_SURF": 36.389724981999997, "X": -149.29553706, "Y": -17.709237963, "Z": -20.030277252000001, "layer": "profile_from_transects_tahiti", "path": "C:\\Users\\nlafn\\Documents\\GitHub\\ReefPassages\\data\\data_for_transects\\profile_from_transects_tahiti.geojson" }, "geometry": { "type": "Point", "coordinates": [ -149.295537058006801, -17.709237962932981 ] } },
{ "type": "Feature", "properties": { "LINE_ID": 410, "ID": 257, "DIST": 0.0026560477, "DIST_SURF": 37.249170583000001, "X": -149.29544224, "Y": -17.709437963, "Z": -20.889722824, "layer": "profile_from_transects_tahiti", "path": "C:\\Users\\nlafn\\Documents\\GitHub\\ReefPassages\\data\\data_for_transects\\profile_from_transects_tahiti.geojson" }, "geometry": { "type": "Point", "coordinates": [ -149.295442241319051, -17.709437962932981 ] } },
{ "type": "Feature", "properties": { "LINE_ID": 410, "ID": 258, "DIST": 0.002877385, "DIST_SURF": 41.061394024000002, "X": -149.29534742000001, "Y": -17.709637963, "Z": -17.07749939, "layer": "profile_from_transects_tahiti", "path": "C:\\Users\\nlafn\\Documents\\GitHub\\ReefPassages\\data\\data_for_transects\\profile_from_transects_tahiti.geojson" }, "geometry": { "type": "Point", "coordinates": [ -149.295347424631302, -17.70963796293298 ] } },
{ "type": "Feature", "properties": { "LINE_ID": 410, "ID": 259, "DIST": 0.0030987223, "DIST_SURF": 46.107226663, "X": -149.29525261000001, "Y": -17.709837962999998, "Z": -12.031666756, "layer": "profile_from_transects_tahiti", "path": "C:\\Users\\nlafn\\Documents\\GitHub\\ReefPassages\\data\\data_for_transects\\profile_from_transects_tahiti.geojson" }, "geometry": { "type": "Point", "coordinates": [ -149.295252607943553, -17.70983796293298 ] } },
{ "type": "Feature", "properties": { "LINE_ID": 410, "ID": 260, "DIST": 0.0033200596, "DIST_SURF": 46.323337959, "X": -149.29515779, "Y": -17.710037963000001, "Z": -11.815555573, "layer": "profile_from_transects_tahiti", "path": "C:\\Users\\nlafn\\Documents\\GitHub\\ReefPassages\\data\\data_for_transects\\profile_from_transects_tahiti.geojson" }, "geometry": { "type": "Point", "coordinates": [ -149.295157791255804, -17.710037962932979 ] } },
{ "type": "Feature", "properties": { "LINE_ID": 410, "ID": 261, "DIST": 0.0035413969, "DIST_SURF": 49.92778247, "X": -149.29506297, "Y": -17.710237963000001, "Z": -15.420000076000001, "layer": "profile_from_transects_tahiti", "path": "C:\\Users\\nlafn\\Documents\\GitHub\\ReefPassages\\data\\data_for_transects\\profile_from_transects_tahiti.geojson" }, "geometry": { "type": "Point", "coordinates": [ -149.295062974568054, -17.710237962932979 ] } },
{ "type": "Feature", "properties": { "LINE_ID": 410, "ID": 262, "DIST": 0.0037627342, "DIST_SURF": 56.616949495999997, "X": -149.29496816, "Y": -17.710437963, "Z": -22.109167099, "layer": "profile_from_transects_tahiti", "path": "C:\\Users\\nlafn\\Documents\\GitHub\\ReefPassages\\data\\data_for_transects\\profile_from_transects_tahiti.geojson" }, "geometry": { "type": "Point", "coordinates": [ -149.294968157880305, -17.710437962932978 ] } },
{ "type": "Feature", "properties": { "LINE_ID": 410, "ID": 263, "DIST": 0.0039840716, "DIST_SURF": 57.31306121, "X": -149.29487334000001, "Y": -17.710637963, "Z": -22.805278778000002, "layer": "profile_from_transects_tahiti", "path": "C:\\Users\\nlafn\\Documents\\GitHub\\ReefPassages\\data\\data_for_transects\\profile_from_transects_tahiti.geojson" }, "geometry": { "type": "Point", "coordinates": [ -149.294873341192556, -17.710637962932978 ] } },
{ "type": "Feature", "properties": { "LINE_ID": 410, "ID": 264, "DIST": 0.0042054089, "DIST_SURF": 60.221394042999997, "X": -149.29477852, "Y": -17.710837963, "Z": -25.713611603, "layer": "profile_from_transects_tahiti", "path": "C:\\Users\\nlafn\\Documents\\GitHub\\ReefPassages\\data\\data_for_transects\\profile_from_transects_tahiti.geojson" }, "geometry": { "type": "Point", "coordinates": [ -149.294778524504807, -17.710837962932978 ] } },
{ "type": "Feature", "properties": { "LINE_ID": 410, "ID": 265, "DIST": 0.0044267462, "DIST_SURF": 61.91917276, "X": -149.29468371, "Y": -17.711037963, "Z": -24.015832901, "layer": "profile_from_transects_tahiti", "path": "C:\\Users\\nlafn\\Documents\\GitHub\\ReefPassages\\data\\data_for_transects\\profile_from_transects_tahiti.geojson" }, "geometry": { "type": "Point", "coordinates": [ -149.294683707817057, -17.711037962932977 ] } },
{ "type": "Feature", "properties": { "LINE_ID": 410, "ID": 266, "DIST": 0.0046480835, "DIST_SURF": 64.766394143, "X": -149.29458889, "Y": -17.711237963, "Z": -21.168611526, "layer": "profile_from_transects_tahiti", "path": "C:\\Users\\nlafn\\Documents\\GitHub\\ReefPassages\\data\\data_for_transects\\profile_from_transects_tahiti.geojson" }, "geometry": { "type": "Point", "coordinates": [ -149.294588891129308, -17.711237962932977 ] } },
{ "type": "Feature", "properties": { "LINE_ID": 410, "ID": 267, "DIST": 0.0048694208, "DIST_SURF": 76.7980609, "X": -149.29449407000001, "Y": -17.711437963000002, "Z": -9.1369447707999996, "layer": "profile_from_transects_tahiti", "path": "C:\\Users\\nlafn\\Documents\\GitHub\\ReefPassages\\data\\data_for_transects\\profile_from_transects_tahiti.geojson" }, "geometry": { "type": "Point", "coordinates": [ -149.294494074441559, -17.711437962932976 ] } },
{ "type": "Feature", "properties": { "LINE_ID": 410, "ID": 268, "DIST": 0.0050907581, "DIST_SURF": 77.973894623000007, "X": -149.29439926000001, "Y": -17.711637963000001, "Z": -7.9611110687000002, "layer": "profile_from_transects_tahiti", "path": "C:\\Users\\nlafn\\Documents\\GitHub\\ReefPassages\\data\\data_for_transects\\profile_from_transects_tahiti.geojson" }, "geometry": { "type": "Point", "coordinates": [ -149.29439925775381, -17.711637962932976 ] } },
{ "type": "Feature", "properties": { "LINE_ID": 410, "ID": 269, "DIST": 0.0053120954, "DIST_SURF": 78.442783434999996, "X": -149.29430444, "Y": -17.711837963000001, "Z": -7.4922223090999998, "layer": "profile_from_transects_tahiti", "path": "C:\\Users\\nlafn\\Documents\\GitHub\\ReefPassages\\data\\data_for_transects\\profile_from_transects_tahiti.geojson" }, "geometry": { "type": "Point", "coordinates": [ -149.29430444106606, -17.711837962932975 ] } },
{ "type": "Feature", "properties": { "LINE_ID": 410, "ID": 270, "DIST": 0.0055334327, "DIST_SURF": 79.553617102000004, "X": -149.29420962, "Y": -17.712037963, "Z": -6.3813886642000002, "layer": "profile_from_transects_tahiti", "path": "C:\\Users\\nlafn\\Documents\\GitHub\\ReefPassages\\data\\data_for_transects\\profile_from_transects_tahiti.geojson" }, "geometry": { "type": "Point", "coordinates": [ -149.294209624378311, -17.712037962932975 ] } },
{ "type": "Feature", "properties": { "LINE_ID": 410, "ID": 271, "DIST": 0.00575477, "DIST_SURF": 79.758617145000002, "X": -149.29411481, "Y": -17.712237963, "Z": -6.586388588, "layer": "profile_from_transects_tahiti", "path": "C:\\Users\\nlafn\\Documents\\GitHub\\ReefPassages\\data\\data_for_transects\\profile_from_transects_tahiti.geojson" }, "geometry": { "type": "Point", "coordinates": [ -149.294114807690562, -17.712237962932974 ] } },
{ "type": "Feature", "properties": { "LINE_ID": 409, "ID": 272, "DIST": 0.0, "DIST_SURF": 0.0, "X": -149.25520108000001, "Y": -17.723625594000001, "Z": -8.3724994659000007, "layer": "profile_from_transects_tahiti", "path": "C:\\Users\\nlafn\\Documents\\GitHub\\ReefPassages\\data\\data_for_transects\\profile_from_transects_tahiti.geojson" }, "geometry": { "type": "Point", "coordinates": [ -149.255201078478336, -17.723625593726307 ] } },
{ "type": "Feature", "properties": { "LINE_ID": 409, "ID": 273, "DIST": 0.0002066314, "DIST_SURF": 1.1447229572, "X": -149.25500108, "Y": -17.723677522, "Z": -9.5172224045, "layer": "profile_from_transects_tahiti", "path": "C:\\Users\\nlafn\\Documents\\GitHub\\ReefPassages\\data\\data_for_transects\\profile_from_transects_tahiti.geojson" }, "geometry": { "type": "Point", "coordinates": [ -149.25500107847833, -17.723677521746872 ] } },
{ "type": "Feature", "properties": { "LINE_ID": 409, "ID": 274, "DIST": 0.0004132627, "DIST_SURF": 4.8341675049, "X": -149.25480108, "Y": -17.72372945, "Z": -13.206666946, "layer": "profile_from_transects_tahiti", "path": "C:\\Users\\nlafn\\Documents\\GitHub\\ReefPassages\\data\\data_for_transects\\profile_from_transects_tahiti.geojson" }, "geometry": { "type": "Point", "coordinates": [ -149.254801078478323, -17.723729449767436 ] } },
{ "type": "Feature", "properties": { "LINE_ID": 409, "ID": 275, "DIST": 0.0006198941, "DIST_SURF": 9.6480560591, "X": -149.25460108, "Y": -17.723781378000002, "Z": -18.020555496, "layer": "profile_from_transects_tahiti", "path": "C:\\Users\\nlafn\\Documents\\GitHub\\ReefPassages\\data\\data_for_transects\\profile_from_transects_tahiti.geojson" }, "geometry": { "type": "Point", "coordinates": [ -149.254601078478316, -17.723781377788001 ] } },
{ "type": "Feature", "properties": { "LINE_ID": 409, "ID": 276, "DIST": 0.0008265254, "DIST_SURF": 15.35694507, "X": -149.25440108000001, "Y": -17.723833306, "Z": -23.729444504, "layer": "profile_from_transects_tahiti", "path": "C:\\Users\\nlafn\\Documents\\GitHub\\ReefPassages\\data\\data_for_transects\\profile_from_transects_tahiti.geojson" }, "geometry": { "type": "Point", "coordinates": [ -149.25440107847831, -17.723833305808565 ] } },
{ "type": "Feature", "properties": { "LINE_ID": 409, "ID": 277, "DIST": 0.0010331568, "DIST_SURF": 21.035835302, "X": -149.25420108, "Y": -17.723885234000001, "Z": -29.408334732, "layer": "profile_from_transects_tahiti", "path": "C:\\Users\\nlafn\\Documents\\GitHub\\ReefPassages\\data\\data_for_transects\\profile_from_transects_tahiti.geojson" }, "geometry": { "type": "Point", "coordinates": [ -149.254201078478303, -17.72388523382913 ] } },
{ "type": "Feature", "properties": { "LINE_ID": 409, "ID": 278, "DIST": 0.0012397882, "DIST_SURF": 29.588056602999998, "X": -149.25400108, "Y": -17.723937162, "Z": -37.96055603, "layer": "profile_from_transects_tahiti", "path": "C:\\Users\\nlafn\\Documents\\GitHub\\ReefPassages\\data\\data_for_transects\\profile_from_transects_tahiti.geojson" }, "geometry": { "type": "Point", "coordinates": [ -149.254001078478296, -17.723937161849694 ] } },
{ "type": "Feature", "properties": { "LINE_ID": 409, "ID": 279, "DIST": 0.0014464195, "DIST_SURF": 31.434999516000001, "X": -149.25380108, "Y": -17.72398909, "Z": -39.807498932000001, "layer": "profile_from_transects_tahiti", "path": "C:\\Users\\nlafn\\Documents\\GitHub\\ReefPassages\\data\\data_for_transects\\profile_from_transects_tahiti.geojson" }, "geometry": { "type": "Point", "coordinates": [ -149.25380107847829, -17.723989089870258 ] } },
{ "type": "Feature", "properties": { "LINE_ID": 409, "ID": 280, "DIST": 0.0016530509, "DIST_SURF": 34.874166545000001, "X": -149.25360108000001, "Y": -17.724041018000001, "Z": -36.368331908999998, "layer": "profile_from_transects_tahiti", "path": "C:\\Users\\nlafn\\Documents\\GitHub\\ReefPassages\\data\\data_for_transects\\profile_from_transects_tahiti.geojson" }, "geometry": { "type": "Point", "coordinates": [ -149.253601078478283, -17.724041017890823 ] } },
{ "type": "Feature", "properties": { "LINE_ID": 409, "ID": 281, "DIST": 0.0018596822, "DIST_SURF": 45.566944180999997, "X": -149.25340108, "Y": -17.724092946, "Z": -25.675554276, "layer": "profile_from_transects_tahiti", "path": "C:\\Users\\nlafn\\Documents\\GitHub\\ReefPassages\\data\\data_for_transects\\profile_from_transects_tahiti.geojson" }, "geometry": { "type": "Point", "coordinates": [ -149.253401078478277, -17.724092945911387 ] } },
{ "type": "Feature", "properties": { "LINE_ID": 409, "ID": 282, "DIST": 0.0020663136, "DIST_SURF": 48.889997547, "X": -149.25320108, "Y": -17.724144874, "Z": -22.352500916, "layer": "profile_from_transects_tahiti", "path": "C:\\Users\\nlafn\\Documents\\GitHub\\ReefPassages\\data\\data_for_transects\\profile_from_transects_tahiti.geojson" }, "geometry": { "type": "Point", "coordinates": [ -149.25320107847827, -17.724144873931952 ] } },
{ "type": "Feature", "properties": { "LINE_ID": 409, "ID": 283, "DIST": 0.002272945, "DIST_SURF": 54.265831063, "X": -149.25300108, "Y": -17.724196802000002, "Z": -16.976667404000001, "layer": "profile_from_transects_tahiti", "path": "C:\\Users\\nlafn\\Documents\\GitHub\\ReefPassages\\data\\data_for_transects\\profile_from_transects_tahiti.geojson" }, "geometry": { "type": "Point", "coordinates": [ -149.253001078478263, -17.724196801952516 ] } },
{ "type": "Feature", "properties": { "LINE_ID": 409, "ID": 284, "DIST": 0.0024795763, "DIST_SURF": 55.255276770999998, "X": -149.25280108000001, "Y": -17.72424873, "Z": -15.987221718000001, "layer": "profile_from_transects_tahiti", "path": "C:\\Users\\nlafn\\Documents\\GitHub\\ReefPassages\\data\\data_for_transects\\profile_from_transects_tahiti.geojson" }, "geometry": { "type": "Point", "coordinates": [ -149.252801078478257, -17.72424872997308 ] } },
{ "type": "Feature", "properties": { "LINE_ID": 407, "ID": 285, "DIST": 0.0, "DIST_SURF": 0.0, "X": -149.2471776, "Y": -17.727063272, "Z": -9.1758337021000003, "layer": "profile_from_transects_tahiti", "path": "C:\\Users\\nlafn\\Documents\\GitHub\\ReefPassages\\data\\data_for_transects\\profile_from_transects_tahiti.geojson" }, "geometry": { "type": "Point", "coordinates": [ -149.247177604750505, -17.727063271737805 ] } },
{ "type": "Feature", "properties": { "LINE_ID": 407, "ID": 286, "DIST": 0.0002196096, "DIST_SURF": 0.4061117766, "X": -149.2469776, "Y": -17.727153982000001, "Z": -8.7697219849000003, "layer": "profile_from_transects_tahiti", "path": "C:\\Users\\nlafn\\Documents\\GitHub\\ReefPassages\\data\\data_for_transects\\profile_from_transects_tahiti.geojson" }, "geometry": { "type": "Point", "coordinates": [ -149.246977604750498, -17.727153982120317 ] } },
{ "type": "Feature", "properties": { "LINE_ID": 407, "ID": 287, "DIST": 0.0004392192, "DIST_SURF": 1.6722231695000001, "X": -149.2467776, "Y": -17.727244693, "Z": -10.035833359, "layer": "profile_from_transects_tahiti", "path": "C:\\Users\\nlafn\\Documents\\GitHub\\ReefPassages\\data\\data_for_transects\\profile_from_transects_tahiti.geojson" }, "geometry": { "type": "Point", "coordinates": [ -149.246777604750491, -17.727244692502829 ] } },
{ "type": "Feature", "properties": { "LINE_ID": 407, "ID": 288, "DIST": 0.0006588288, "DIST_SURF": 27.523333629, "X": -149.2465776, "Y": -17.727335403000001, "Z": -35.886943817000002, "layer": "profile_from_transects_tahiti", "path": "C:\\Users\\nlafn\\Documents\\GitHub\\ReefPassages\\data\\data_for_transects\\profile_from_transects_tahiti.geojson" }, "geometry": { "type": "Point", "coordinates": [ -149.246577604750485, -17.727335402885341 ] } },
{ "type": "Feature", "properties": { "LINE_ID": 407, "ID": 289, "DIST": 0.0008784384, "DIST_SURF": 38.993887983, "X": -149.2463776, "Y": -17.727426113, "Z": -47.357498169000003, "layer": "profile_from_transects_tahiti", "path": "C:\\Users\\nlafn\\Documents\\GitHub\\ReefPassages\\data\\data_for_transects\\profile_from_transects_tahiti.geojson" }, "geometry": { "type": "Point", "coordinates": [ -149.246377604750478, -17.727426113267853 ] } },
{ "type": "Feature", "properties": { "LINE_ID": 407, "ID": 290, "DIST": 0.001098048, "DIST_SURF": 51.800002181000004, "X": -149.2461776, "Y": -17.727516824, "Z": -60.163612366000002, "layer": "profile_from_transects_tahiti", "path": "C:\\Users\\nlafn\\Documents\\GitHub\\ReefPassages\\data\\data_for_transects\\profile_from_transects_tahiti.geojson" }, "geometry": { "type": "Point", "coordinates": [ -149.246177604750471, -17.727516823650365 ] } },
{ "type": "Feature", "properties": { "LINE_ID": 407, "ID": 291, "DIST": 0.0013176576, "DIST_SURF": 52.954447850999998, "X": -149.2459776, "Y": -17.727607534000001, "Z": -59.009166718000003, "layer": "profile_from_transects_tahiti", "path": "C:\\Users\\nlafn\\Documents\\GitHub\\ReefPassages\\data\\data_for_transects\\profile_from_transects_tahiti.geojson" }, "geometry": { "type": "Point", "coordinates": [ -149.245977604750465, -17.727607534032877 ] } },
{ "type": "Feature", "properties": { "LINE_ID": 407, "ID": 292, "DIST": 0.0015372672, "DIST_SURF": 58.408614266999997, "X": -149.2457776, "Y": -17.727698244, "Z": -53.555000305, "layer": "profile_from_transects_tahiti", "path": "C:\\Users\\nlafn\\Documents\\GitHub\\ReefPassages\\data\\data_for_transects\\profile_from_transects_tahiti.geojson" }, "geometry": { "type": "Point", "coordinates": [ -149.245777604750458, -17.727698244415389 ] } },
{ "type": "Feature", "properties": { "LINE_ID": 407, "ID": 293, "DIST": 0.0017568767, "DIST_SURF": 70.114447704, "X": -149.2455776, "Y": -17.727788955000001, "Z": -41.84916687, "layer": "profile_from_transects_tahiti", "path": "C:\\Users\\nlafn\\Documents\\GitHub\\ReefPassages\\data\\data_for_transects\\profile_from_transects_tahiti.geojson" }, "geometry": { "type": "Point", "coordinates": [ -149.245577604750451, -17.727788954797902 ] } },
{ "type": "Feature", "properties": { "LINE_ID": 407, "ID": 294, "DIST": 0.0019764863, "DIST_SURF": 77.133338089000006, "X": -149.2453776, "Y": -17.727879665, "Z": -34.830276489, "layer": "profile_from_transects_tahiti", "path": "C:\\Users\\nlafn\\Documents\\GitHub\\ReefPassages\\data\\data_for_transects\\profile_from_transects_tahiti.geojson" }, "geometry": { "type": "Point", "coordinates": [ -149.245377604750445, -17.727879665180414 ] } },
{ "type": "Feature", "properties": { "LINE_ID": 407, "ID": 295, "DIST": 0.0021960959, "DIST_SURF": 92.485837098000005, "X": -149.2451776, "Y": -17.727970375999998, "Z": -19.477777481, "layer": "profile_from_transects_tahiti", "path": "C:\\Users\\nlafn\\Documents\\GitHub\\ReefPassages\\data\\data_for_transects\\profile_from_transects_tahiti.geojson" }, "geometry": { "type": "Point", "coordinates": [ -149.245177604750438, -17.727970375562926 ] } },
{ "type": "Feature", "properties": { "LINE_ID": 407, "ID": 296, "DIST": 0.0024157055, "DIST_SURF": 102.05000317, "X": -149.2449776, "Y": -17.728061086, "Z": -9.913611412, "layer": "profile_from_transects_tahiti", "path": "C:\\Users\\nlafn\\Documents\\GitHub\\ReefPassages\\data\\data_for_transects\\profile_from_transects_tahiti.geojson" }, "geometry": { "type": "Point", "coordinates": [ -149.244977604750432, -17.728061085945438 ] } },
{ "type": "Feature", "properties": { "LINE_ID": 407, "ID": 297, "DIST": 0.0026353151, "DIST_SURF": 105.5808369, "X": -149.2447776, "Y": -17.728151796, "Z": -6.3827776909000002, "layer": "profile_from_transects_tahiti", "path": "C:\\Users\\nlafn\\Documents\\GitHub\\ReefPassages\\data\\data_for_transects\\profile_from_transects_tahiti.geojson" }, "geometry": { "type": "Point", "coordinates": [ -149.244777604750425, -17.72815179632795 ] } },
{ "type": "Feature", "properties": { "LINE_ID": 408, "ID": 298, "DIST": 0.0, "DIST_SURF": 0.0, "X": -149.24238488, "Y": -17.728198039, "Z": -8.30027771, "layer": "profile_from_transects_tahiti", "path": "C:\\Users\\nlafn\\Documents\\GitHub\\ReefPassages\\data\\data_for_transects\\profile_from_transects_tahiti.geojson" }, "geometry": { "type": "Point", "coordinates": [ -149.242384880843218, -17.728198039236744 ] } },
{ "type": "Feature", "properties": { "LINE_ID": 408, "ID": 299, "DIST": 0.0002000074, "DIST_SURF": 1.3552780299, "X": -149.24218488, "Y": -17.72819976, "Z": -9.6555557250999993, "layer": "profile_from_transects_tahiti", "path": "C:\\Users\\nlafn\\Documents\\GitHub\\ReefPassages\\data\\data_for_transects\\profile_from_transects_tahiti.geojson" }, "geometry": { "type": "Point", "coordinates": [ -149.242184880843212, -17.72819976040714 ] } },
{ "type": "Feature", "properties": { "LINE_ID": 408, "ID": 300, "DIST": 0.0004000148, "DIST_SURF": 5.1069450579, "X": -149.24198488, "Y": -17.728201482, "Z": -13.407222748000001, "layer": "profile_from_transects_tahiti", "path": "C:\\Users\\nlafn\\Documents\\GitHub\\ReefPassages\\data\\data_for_transects\\profile_from_transects_tahiti.geojson" }, "geometry": { "type": "Point", "coordinates": [ -149.241984880843205, -17.728201481577536 ] } },
{ "type": "Feature", "properties": { "LINE_ID": 408, "ID": 301, "DIST": 0.0006000222, "DIST_SURF": 13.428333305000001, "X": -149.24178488000001, "Y": -17.728203203, "Z": -21.728610992, "layer": "profile_from_transects_tahiti", "path": "C:\\Users\\nlafn\\Documents\\GitHub\\ReefPassages\\data\\data_for_transects\\profile_from_transects_tahiti.geojson" }, "geometry": { "type": "Point", "coordinates": [ -149.241784880843198, -17.728203202747931 ] } },
{ "type": "Feature", "properties": { "LINE_ID": 408, "ID": 302, "DIST": 0.0008000296, "DIST_SURF": 22.55500033, "X": -149.24158488, "Y": -17.728204924, "Z": -30.855278015, "layer": "profile_from_transects_tahiti", "path": "C:\\Users\\nlafn\\Documents\\GitHub\\ReefPassages\\data\\data_for_transects\\profile_from_transects_tahiti.geojson" }, "geometry": { "type": "Point", "coordinates": [ -149.241584880843192, -17.728204923918327 ] } },
{ "type": "Feature", "properties": { "LINE_ID": 408, "ID": 303, "DIST": 0.001000037, "DIST_SURF": 28.066112547, "X": -149.24138488, "Y": -17.728206645, "Z": -36.366390228, "layer": "profile_from_transects_tahiti", "path": "C:\\Users\\nlafn\\Documents\\GitHub\\ReefPassages\\data\\data_for_transects\\profile_from_transects_tahiti.geojson" }, "geometry": { "type": "Point", "coordinates": [ -149.241384880843185, -17.728206645088722 ] } },
{ "type": "Feature", "properties": { "LINE_ID": 408, "ID": 304, "DIST": 0.0012000444, "DIST_SURF": 31.070278203000001, "X": -149.24118488, "Y": -17.728208366, "Z": -39.370555877999998, "layer": "profile_from_transects_tahiti", "path": "C:\\Users\\nlafn\\Documents\\GitHub\\ReefPassages\\data\\data_for_transects\\profile_from_transects_tahiti.geojson" }, "geometry": { "type": "Point", "coordinates": [ -149.241184880843178, -17.728208366259118 ] } },
{ "type": "Feature", "properties": { "LINE_ID": 408, "ID": 305, "DIST": 0.0014000518, "DIST_SURF": 33.034168289, "X": -149.24098488000001, "Y": -17.728210087000001, "Z": -41.334445953, "layer": "profile_from_transects_tahiti", "path": "C:\\Users\\nlafn\\Documents\\GitHub\\ReefPassages\\data\\data_for_transects\\profile_from_transects_tahiti.geojson" }, "geometry": { "type": "Point", "coordinates": [ -149.240984880843172, -17.728210087429513 ] } },
{ "type": "Feature", "properties": { "LINE_ID": 408, "ID": 306, "DIST": 0.0016000592, "DIST_SURF": 35.84000402, "X": -149.24078488000001, "Y": -17.728211809000001, "Z": -38.528610229000002, "layer": "profile_from_transects_tahiti", "path": "C:\\Users\\nlafn\\Documents\\GitHub\\ReefPassages\\data\\data_for_transects\\profile_from_transects_tahiti.geojson" }, "geometry": { "type": "Point", "coordinates": [ -149.240784880843165, -17.728211808599909 ] } },
{ "type": "Feature", "properties": { "LINE_ID": 408, "ID": 307, "DIST": 0.0018000667, "DIST_SURF": 43.421669061000003, "X": -149.24058488, "Y": -17.72821353, "Z": -30.94694519, "layer": "profile_from_transects_tahiti", "path": "C:\\Users\\nlafn\\Documents\\GitHub\\ReefPassages\\data\\data_for_transects\\profile_from_transects_tahiti.geojson" }, "geometry": { "type": "Point", "coordinates": [ -149.240584880843159, -17.728213529770304 ] } },
{ "type": "Feature", "properties": { "LINE_ID": 408, "ID": 308, "DIST": 0.0020000741, "DIST_SURF": 44.998891897999997, "X": -149.24038488, "Y": -17.728215251000002, "Z": -29.369722366000001, "layer": "profile_from_transects_tahiti", "path": "C:\\Users\\nlafn\\Documents\\GitHub\\ReefPassages\\data\\data_for_transects\\profile_from_transects_tahiti.geojson" }, "geometry": { "type": "Point", "coordinates": [ -149.240384880843152, -17.7282152509407 ] } },
{ "type": "Feature", "properties": { "LINE_ID": 408, "ID": 309, "DIST": 0.0022000815, "DIST_SURF": 47.062225419000001, "X": -149.24018488, "Y": -17.728216971999998, "Z": -31.433055878000001, "layer": "profile_from_transects_tahiti", "path": "C:\\Users\\nlafn\\Documents\\GitHub\\ReefPassages\\data\\data_for_transects\\profile_from_transects_tahiti.geojson" }, "geometry": { "type": "Point", "coordinates": [ -149.240184880843145, -17.728216972111095 ] } },
{ "type": "Feature", "properties": { "LINE_ID": 408, "ID": 310, "DIST": 0.0024000889, "DIST_SURF": 48.747779934999997, "X": -149.23998488000001, "Y": -17.728218693, "Z": -33.118610382, "layer": "profile_from_transects_tahiti", "path": "C:\\Users\\nlafn\\Documents\\GitHub\\ReefPassages\\data\\data_for_transects\\profile_from_transects_tahiti.geojson" }, "geometry": { "type": "Point", "coordinates": [ -149.239984880843139, -17.728218693281491 ] } },
{ "type": "Feature", "properties": { "LINE_ID": 408, "ID": 311, "DIST": 0.0026000963, "DIST_SURF": 49.153614183000002, "X": -149.23978488, "Y": -17.728220414, "Z": -33.52444458, "layer": "profile_from_transects_tahiti", "path": "C:\\Users\\nlafn\\Documents\\GitHub\\ReefPassages\\data\\data_for_transects\\profile_from_transects_tahiti.geojson" }, "geometry": { "type": "Point", "coordinates": [ -149.239784880843132, -17.728220414451886 ] } },
{ "type": "Feature", "properties": { "LINE_ID": 408, "ID": 312, "DIST": 0.0028001037, "DIST_SURF": 54.55694785, "X": -149.23958488, "Y": -17.728222136, "Z": -28.121110916, "layer": "profile_from_transects_tahiti", "path": "C:\\Users\\nlafn\\Documents\\GitHub\\ReefPassages\\data\\data_for_transects\\profile_from_transects_tahiti.geojson" }, "geometry": { "type": "Point", "coordinates": [ -149.239584880843125, -17.728222135622282 ] } },
{ "type": "Feature", "properties": { "LINE_ID": 408, "ID": 313, "DIST": 0.0030001111, "DIST_SURF": 64.965004111, "X": -149.23938488, "Y": -17.728223857, "Z": -17.713054657000001, "layer": "profile_from_transects_tahiti", "path": "C:\\Users\\nlafn\\Documents\\GitHub\\ReefPassages\\data\\data_for_transects\\profile_from_transects_tahiti.geojson" }, "geometry": { "type": "Point", "coordinates": [ -149.239384880843119, -17.728223856792678 ] } },
{ "type": "Feature", "properties": { "LINE_ID": 408, "ID": 314, "DIST": 0.0032001185, "DIST_SURF": 72.083892015000004, "X": -149.23918488000001, "Y": -17.728225578, "Z": -10.594166756, "layer": "profile_from_transects_tahiti", "path": "C:\\Users\\nlafn\\Documents\\GitHub\\ReefPassages\\data\\data_for_transects\\profile_from_transects_tahiti.geojson" }, "geometry": { "type": "Point", "coordinates": [ -149.239184880843112, -17.728225577963073 ] } },
{ "type": "Feature", "properties": { "LINE_ID": 408, "ID": 315, "DIST": 0.0034001259, "DIST_SURF": 75.276947651, "X": -149.23898488, "Y": -17.728227299, "Z": -7.4011111259, "layer": "profile_from_transects_tahiti", "path": "C:\\Users\\nlafn\\Documents\\GitHub\\ReefPassages\\data\\data_for_transects\\profile_from_transects_tahiti.geojson" }, "geometry": { "type": "Point", "coordinates": [ -149.238984880843105, -17.728227299133469 ] } },
{ "type": "Feature", "properties": { "LINE_ID": 408, "ID": 316, "DIST": 0.0036001333, "DIST_SURF": 79.399447598999998, "X": -149.23878488, "Y": -17.72822902, "Z": -3.2786111831999998, "layer": "profile_from_transects_tahiti", "path": "C:\\Users\\nlafn\\Documents\\GitHub\\ReefPassages\\data\\data_for_transects\\profile_from_transects_tahiti.geojson" }, "geometry": { "type": "Point", "coordinates": [ -149.238784880843099, -17.728229020303864 ] } },
{ "type": "Feature", "properties": { "LINE_ID": 408, "ID": 317, "DIST": 0.0038001407, "DIST_SURF": 82.290836529000003, "X": -149.23858488, "Y": -17.728230741000001, "Z": -0.3872222602, "layer": "profile_from_transects_tahiti", "path": "C:\\Users\\nlafn\\Documents\\GitHub\\ReefPassages\\data\\data_for_transects\\profile_from_transects_tahiti.geojson" }, "geometry": { "type": "Point", "coordinates": [ -149.238584880843092, -17.72823074147426 ] } },
{ "type": "Feature", "properties": { "LINE_ID": 406, "ID": 318, "DIST": 0.0, "DIST_SURF": 0.0, "X": -149.23135761, "Y": -17.730027017000001, "Z": -0.1183333248, "layer": "profile_from_transects_tahiti", "path": "C:\\Users\\nlafn\\Documents\\GitHub\\ReefPassages\\data\\data_for_transects\\profile_from_transects_tahiti.geojson" }, "geometry": { "type": "Point", "coordinates": [ -149.231357610794731, -17.730027017440921 ] } },
{ "type": "Feature", "properties": { "LINE_ID": 406, "ID": 319, "DIST": 0.0002319509, "DIST_SURF": 4.2033333991, "X": -149.23115761, "Y": -17.730144496000001, "Z": -4.3216667175000003, "layer": "profile_from_transects_tahiti", "path": "C:\\Users\\nlafn\\Documents\\GitHub\\ReefPassages\\data\\data_for_transects\\profile_from_transects_tahiti.geojson" }, "geometry": { "type": "Point", "coordinates": [ -149.231157610794725, -17.730144495950949 ] } },
{ "type": "Feature", "properties": { "LINE_ID": 406, "ID": 320, "DIST": 0.0004639017, "DIST_SURF": 5.5349998888999998, "X": -149.23095761, "Y": -17.730261974000001, "Z": -5.6533331871000003, "layer": "profile_from_transects_tahiti", "path": "C:\\Users\\nlafn\\Documents\\GitHub\\ReefPassages\\data\\data_for_transects\\profile_from_transects_tahiti.geojson" }, "geometry": { "type": "Point", "coordinates": [ -149.230957610794718, -17.730261974460976 ] } },
{ "type": "Feature", "properties": { "LINE_ID": 406, "ID": 321, "DIST": 0.0006958526, "DIST_SURF": 9.8680558682000008, "X": -149.23075761000001, "Y": -17.730379453000001, "Z": -9.9863891602, "layer": "profile_from_transects_tahiti", "path": "C:\\Users\\nlafn\\Documents\\GitHub\\ReefPassages\\data\\data_for_transects\\profile_from_transects_tahiti.geojson" }, "geometry": { "type": "Point", "coordinates": [ -149.230757610794711, -17.730379452971004 ] } },
{ "type": "Feature", "properties": { "LINE_ID": 406, "ID": 322, "DIST": 0.0009278034, "DIST_SURF": 12.431944905, "X": -149.23055761000001, "Y": -17.730496931000001, "Z": -7.4225001334999998, "layer": "profile_from_transects_tahiti", "path": "C:\\Users\\nlafn\\Documents\\GitHub\\ReefPassages\\data\\data_for_transects\\profile_from_transects_tahiti.geojson" }, "geometry": { "type": "Point", "coordinates": [ -149.230557610794705, -17.730496931481031 ] } },
{ "type": "Feature", "properties": { "LINE_ID": 406, "ID": 323, "DIST": 0.0011597543, "DIST_SURF": 13.073333364, "X": -149.23035761, "Y": -17.73061441, "Z": -8.0638885497999997, "layer": "profile_from_transects_tahiti", "path": "C:\\Users\\nlafn\\Documents\\GitHub\\ReefPassages\\data\\data_for_transects\\profile_from_transects_tahiti.geojson" }, "geometry": { "type": "Point", "coordinates": [ -149.230357610794698, -17.730614409991059 ] } },
{ "type": "Feature", "properties": { "LINE_ID": 406, "ID": 324, "DIST": 0.0013917051, "DIST_SURF": 15.151667231, "X": -149.23015761, "Y": -17.730731889000001, "Z": -10.142222404, "layer": "profile_from_transects_tahiti", "path": "C:\\Users\\nlafn\\Documents\\GitHub\\ReefPassages\\data\\data_for_transects\\profile_from_transects_tahiti.geojson" }, "geometry": { "type": "Point", "coordinates": [ -149.230157610794691, -17.730731888501087 ] } },
{ "type": "Feature", "properties": { "LINE_ID": 406, "ID": 325, "DIST": 0.001623656, "DIST_SURF": 17.947222832000001, "X": -149.22995761000001, "Y": -17.730849367000001, "Z": -7.3466668128999997, "layer": "profile_from_transects_tahiti", "path": "C:\\Users\\nlafn\\Documents\\GitHub\\ReefPassages\\data\\data_for_transects\\profile_from_transects_tahiti.geojson" }, "geometry": { "type": "Point", "coordinates": [ -149.229957610794685, -17.730849367011114 ] } },
{ "type": "Feature", "properties": { "LINE_ID": 406, "ID": 326, "DIST": 0.0018556069, "DIST_SURF": 18.063612338, "X": -149.22975761000001, "Y": -17.730966846000001, "Z": -7.2302775383000002, "layer": "profile_from_transects_tahiti", "path": "C:\\Users\\nlafn\\Documents\\GitHub\\ReefPassages\\data\\data_for_transects\\profile_from_transects_tahiti.geojson" }, "geometry": { "type": "Point", "coordinates": [ -149.229757610794678, -17.730966845521142 ] } },
{ "type": "Feature", "properties": { "LINE_ID": 406, "ID": 327, "DIST": 0.0020875577, "DIST_SURF": 20.045278917000001, "X": -149.22955761, "Y": -17.731084324000001, "Z": -5.2486109734, "layer": "profile_from_transects_tahiti", "path": "C:\\Users\\nlafn\\Documents\\GitHub\\ReefPassages\\data\\data_for_transects\\profile_from_transects_tahiti.geojson" }, "geometry": { "type": "Point", "coordinates": [ -149.229557610794672, -17.731084324031169 ] } },
{ "type": "Feature", "properties": { "LINE_ID": 406, "ID": 328, "DIST": 0.0023195086, "DIST_SURF": 22.180556676999998, "X": -149.22935761, "Y": -17.731201803000001, "Z": -3.1133332253, "layer": "profile_from_transects_tahiti", "path": "C:\\Users\\nlafn\\Documents\\GitHub\\ReefPassages\\data\\data_for_transects\\profile_from_transects_tahiti.geojson" }, "geometry": { "type": "Point", "coordinates": [ -149.229357610794665, -17.731201802541197 ] } },
{ "type": "Feature", "properties": { "LINE_ID": 406, "ID": 329, "DIST": 0.0025514594, "DIST_SURF": 22.704445793000001, "X": -149.22915761, "Y": -17.731319281000001, "Z": -3.63722229, "layer": "profile_from_transects_tahiti", "path": "C:\\Users\\nlafn\\Documents\\GitHub\\ReefPassages\\data\\data_for_transects\\profile_from_transects_tahiti.geojson" }, "geometry": { "type": "Point", "coordinates": [ -149.229157610794658, -17.731319281051224 ] } },
{ "type": "Feature", "properties": { "LINE_ID": 405, "ID": 330, "DIST": 0.0, "DIST_SURF": 0.0, "X": -149.21336821, "Y": -17.736448466, "Z": 0.3725000024, "layer": "profile_from_transects_tahiti", "path": "C:\\Users\\nlafn\\Documents\\GitHub\\ReefPassages\\data\\data_for_transects\\profile_from_transects_tahiti.geojson" }, "geometry": { "type": "Point", "coordinates": [ -149.213368208384992, -17.736448466464338 ] } },
{ "type": "Feature", "properties": { "LINE_ID": 405, "ID": 331, "DIST": 0.0002038368, "DIST_SURF": 0.0477782068, "X": -149.21316821, "Y": -17.736487829000001, "Z": 0.3247222304, "layer": "profile_from_transects_tahiti", "path": "C:\\Users\\nlafn\\Documents\\GitHub\\ReefPassages\\data\\data_for_transects\\profile_from_transects_tahiti.geojson" }, "geometry": { "type": "Point", "coordinates": [ -149.213168208384985, -17.736487829163494 ] } },
{ "type": "Feature", "properties": { "LINE_ID": 405, "ID": 332, "DIST": 0.0004076735, "DIST_SURF": 1.2880559907, "X": -149.21296821000001, "Y": -17.736527192, "Z": -0.9155555368, "layer": "profile_from_transects_tahiti", "path": "C:\\Users\\nlafn\\Documents\\GitHub\\ReefPassages\\data\\data_for_transects\\profile_from_transects_tahiti.geojson" }, "geometry": { "type": "Point", "coordinates": [ -149.212968208384979, -17.736527191862649 ] } },
{ "type": "Feature", "properties": { "LINE_ID": 405, "ID": 333, "DIST": 0.0006115103, "DIST_SURF": 4.1369448124000003, "X": -149.21276821000001, "Y": -17.736566555, "Z": -3.7644443512, "layer": "profile_from_transects_tahiti", "path": "C:\\Users\\nlafn\\Documents\\GitHub\\ReefPassages\\data\\data_for_transects\\profile_from_transects_tahiti.geojson" }, "geometry": { "type": "Point", "coordinates": [ -149.212768208384972, -17.736566554561804 ] } },
{ "type": "Feature", "properties": { "LINE_ID": 405, "ID": 334, "DIST": 0.000815347, "DIST_SURF": 9.8852777933000002, "X": -149.21256821, "Y": -17.736605917, "Z": -9.5127773285000004, "layer": "profile_from_transects_tahiti", "path": "C:\\Users\\nlafn\\Documents\\GitHub\\ReefPassages\\data\\data_for_transects\\profile_from_transects_tahiti.geojson" }, "geometry": { "type": "Point", "coordinates": [ -149.212568208384965, -17.73660591726096 ] } },
{ "type": "Feature", "properties": { "LINE_ID": 405, "ID": 335, "DIST": 0.0010191838, "DIST_SURF": 18.56027894, "X": -149.21236821, "Y": -17.73664528, "Z": -18.187778473000002, "layer": "profile_from_transects_tahiti", "path": "C:\\Users\\nlafn\\Documents\\GitHub\\ReefPassages\\data\\data_for_transects\\profile_from_transects_tahiti.geojson" }, "geometry": { "type": "Point", "coordinates": [ -149.212368208384959, -17.736645279960115 ] } },
{ "type": "Feature", "properties": { "LINE_ID": 405, "ID": 336, "DIST": 0.0012230205, "DIST_SURF": 28.961112072, "X": -149.21216821, "Y": -17.736684643, "Z": -28.588611603, "layer": "profile_from_transects_tahiti", "path": "C:\\Users\\nlafn\\Documents\\GitHub\\ReefPassages\\data\\data_for_transects\\profile_from_transects_tahiti.geojson" }, "geometry": { "type": "Point", "coordinates": [ -149.212168208384952, -17.73668464265927 ] } },
{ "type": "Feature", "properties": { "LINE_ID": 405, "ID": 337, "DIST": 0.0014268573, "DIST_SURF": 37.993613295000003, "X": -149.21196821000001, "Y": -17.736724005, "Z": -37.621112822999997, "layer": "profile_from_transects_tahiti", "path": "C:\\Users\\nlafn\\Documents\\GitHub\\ReefPassages\\data\\data_for_transects\\profile_from_transects_tahiti.geojson" }, "geometry": { "type": "Point", "coordinates": [ -149.211968208384945, -17.736724005358425 ] } },
{ "type": "Feature", "properties": { "LINE_ID": 405, "ID": 338, "DIST": 0.001630694, "DIST_SURF": 44.590834673000003, "X": -149.21176821, "Y": -17.736763367999998, "Z": -44.218334198000001, "layer": "profile_from_transects_tahiti", "path": "C:\\Users\\nlafn\\Documents\\GitHub\\ReefPassages\\data\\data_for_transects\\profile_from_transects_tahiti.geojson" }, "geometry": { "type": "Point", "coordinates": [ -149.211768208384939, -17.736763368057581 ] } },
{ "type": "Feature", "properties": { "LINE_ID": 405, "ID": 339, "DIST": 0.0018345308, "DIST_SURF": 53.958888111, "X": -149.21156821, "Y": -17.736802731000001, "Z": -53.586387633999998, "layer": "profile_from_transects_tahiti", "path": "C:\\Users\\nlafn\\Documents\\GitHub\\ReefPassages\\data\\data_for_transects\\profile_from_transects_tahiti.geojson" }, "geometry": { "type": "Point", "coordinates": [ -149.211568208384932, -17.736802730756736 ] } },
{ "type": "Feature", "properties": { "LINE_ID": 405, "ID": 340, "DIST": 0.0020383675, "DIST_SURF": 66.743334829000005, "X": -149.21136821, "Y": -17.736842093, "Z": -66.370834351, "layer": "profile_from_transects_tahiti", "path": "C:\\Users\\nlafn\\Documents\\GitHub\\ReefPassages\\data\\data_for_transects\\profile_from_transects_tahiti.geojson" }, "geometry": { "type": "Point", "coordinates": [ -149.211368208384926, -17.736842093455891 ] } },
{ "type": "Feature", "properties": { "LINE_ID": 405, "ID": 341, "DIST": 0.0022422043, "DIST_SURF": 77.82499987, "X": -149.21116821000001, "Y": -17.736881456, "Z": -77.45249939, "layer": "profile_from_transects_tahiti", "path": "C:\\Users\\nlafn\\Documents\\GitHub\\ReefPassages\\data\\data_for_transects\\profile_from_transects_tahiti.geojson" }, "geometry": { "type": "Point", "coordinates": [ -149.211168208384919, -17.736881456155047 ] } },
{ "type": "Feature", "properties": { "LINE_ID": 405, "ID": 342, "DIST": 0.002446041, "DIST_SURF": 84.31583697000001, "X": -149.21096821, "Y": -17.736920819000002, "Z": -83.943336486999996, "layer": "profile_from_transects_tahiti", "path": "C:\\Users\\nlafn\\Documents\\GitHub\\ReefPassages\\data\\data_for_transects\\profile_from_transects_tahiti.geojson" }, "geometry": { "type": "Point", "coordinates": [ -149.210968208384912, -17.736920818854202 ] } },
{ "type": "Feature", "properties": { "LINE_ID": 405, "ID": 343, "DIST": 0.0026498778, "DIST_SURF": 87.382502626999994, "X": -149.21076821, "Y": -17.736960182000001, "Z": -87.010002135999997, "layer": "profile_from_transects_tahiti", "path": "C:\\Users\\nlafn\\Documents\\GitHub\\ReefPassages\\data\\data_for_transects\\profile_from_transects_tahiti.geojson" }, "geometry": { "type": "Point", "coordinates": [ -149.210768208384906, -17.736960181553357 ] } },
{ "type": "Feature", "properties": { "LINE_ID": 405, "ID": 344, "DIST": 0.0028537145, "DIST_SURF": 88.021945102999993, "X": -149.21056821, "Y": -17.736999544, "Z": -87.64944458, "layer": "profile_from_transects_tahiti", "path": "C:\\Users\\nlafn\\Documents\\GitHub\\ReefPassages\\data\\data_for_transects\\profile_from_transects_tahiti.geojson" }, "geometry": { "type": "Point", "coordinates": [ -149.210568208384899, -17.736999544252512 ] } },
{ "type": "Feature", "properties": { "LINE_ID": 405, "ID": 345, "DIST": 0.0030575513, "DIST_SURF": 88.492777972, "X": -149.21036821000001, "Y": -17.737038907, "Z": -88.120277404999996, "layer": "profile_from_transects_tahiti", "path": "C:\\Users\\nlafn\\Documents\\GitHub\\ReefPassages\\data\\data_for_transects\\profile_from_transects_tahiti.geojson" }, "geometry": { "type": "Point", "coordinates": [ -149.210368208384892, -17.737038906951668 ] } },
{ "type": "Feature", "properties": { "LINE_ID": 405, "ID": 346, "DIST": 0.0032613881, "DIST_SURF": 88.850001540999997, "X": -149.21016821000001, "Y": -17.73707827, "Z": -87.763053893999995, "layer": "profile_from_transects_tahiti", "path": "C:\\Users\\nlafn\\Documents\\GitHub\\ReefPassages\\data\\data_for_transects\\profile_from_transects_tahiti.geojson" }, "geometry": { "type": "Point", "coordinates": [ -149.210168208384886, -17.737078269650823 ] } },
{ "type": "Feature", "properties": { "LINE_ID": 405, "ID": 347, "DIST": 0.0034652248, "DIST_SURF": 93.078334065000007, "X": -149.20996821, "Y": -17.737117632, "Z": -83.534721375000004, "layer": "profile_from_transects_tahiti", "path": "C:\\Users\\nlafn\\Documents\\GitHub\\ReefPassages\\data\\data_for_transects\\profile_from_transects_tahiti.geojson" }, "geometry": { "type": "Point", "coordinates": [ -149.209968208384879, -17.737117632349978 ] } },
{ "type": "Feature", "properties": { "LINE_ID": 405, "ID": 348, "DIST": 0.0036690616, "DIST_SURF": 96.479724147, "X": -149.20976821, "Y": -17.737156995, "Z": -80.133331299000005, "layer": "profile_from_transects_tahiti", "path": "C:\\Users\\nlafn\\Documents\\GitHub\\ReefPassages\\data\\data_for_transects\\profile_from_transects_tahiti.geojson" }, "geometry": { "type": "Point", "coordinates": [ -149.209768208384872, -17.737156995049133 ] } },
{ "type": "Feature", "properties": { "LINE_ID": 405, "ID": 349, "DIST": 0.0038728983, "DIST_SURF": 100.64472507000001, "X": -149.20956821, "Y": -17.737196357999998, "Z": -75.968330382999994, "layer": "profile_from_transects_tahiti", "path": "C:\\Users\\nlafn\\Documents\\GitHub\\ReefPassages\\data\\data_for_transects\\profile_from_transects_tahiti.geojson" }, "geometry": { "type": "Point", "coordinates": [ -149.209568208384866, -17.737196357748289 ] } },
{ "type": "Feature", "properties": { "LINE_ID": 405, "ID": 350, "DIST": 0.0040767351, "DIST_SURF": 105.55888675, "X": -149.20936821000001, "Y": -17.73723572, "Z": -71.054168700999995, "layer": "profile_from_transects_tahiti", "path": "C:\\Users\\nlafn\\Documents\\GitHub\\ReefPassages\\data\\data_for_transects\\profile_from_transects_tahiti.geojson" }, "geometry": { "type": "Point", "coordinates": [ -149.209368208384859, -17.737235720447444 ] } },
{ "type": "Feature", "properties": { "LINE_ID": 405, "ID": 351, "DIST": 0.0042805718, "DIST_SURF": 110.85555576, "X": -149.20916821, "Y": -17.737275083, "Z": -65.757499695000007, "layer": "profile_from_transects_tahiti", "path": "C:\\Users\\nlafn\\Documents\\GitHub\\ReefPassages\\data\\data_for_transects\\profile_from_transects_tahiti.geojson" }, "geometry": { "type": "Point", "coordinates": [ -149.209168208384853, -17.737275083146599 ] } },
{ "type": "Feature", "properties": { "LINE_ID": 405, "ID": 352, "DIST": 0.0044844086, "DIST_SURF": 118.88944554, "X": -149.20896821, "Y": -17.737314446, "Z": -57.723609924000002, "layer": "profile_from_transects_tahiti", "path": "C:\\Users\\nlafn\\Documents\\GitHub\\ReefPassages\\data\\data_for_transects\\profile_from_transects_tahiti.geojson" }, "geometry": { "type": "Point", "coordinates": [ -149.208968208384846, -17.737314445845755 ] } },
{ "type": "Feature", "properties": { "LINE_ID": 405, "ID": 353, "DIST": 0.0046882453, "DIST_SURF": 126.43055653, "X": -149.20876821, "Y": -17.737353808999998, "Z": -50.182498932000001, "layer": "profile_from_transects_tahiti", "path": "C:\\Users\\nlafn\\Documents\\GitHub\\ReefPassages\\data\\data_for_transects\\profile_from_transects_tahiti.geojson" }, "geometry": { "type": "Point", "coordinates": [ -149.208768208384839, -17.73735380854491 ] } },
{ "type": "Feature", "properties": { "LINE_ID": 405, "ID": 354, "DIST": 0.0048920821, "DIST_SURF": 131.68194509, "X": -149.20856821000001, "Y": -17.737393171000001, "Z": -44.931110382, "layer": "profile_from_transects_tahiti", "path": "C:\\Users\\nlafn\\Documents\\GitHub\\ReefPassages\\data\\data_for_transects\\profile_from_transects_tahiti.geojson" }, "geometry": { "type": "Point", "coordinates": [ -149.208568208384833, -17.737393171244065 ] } },
{ "type": "Feature", "properties": { "LINE_ID": 405, "ID": 355, "DIST": 0.0050959188, "DIST_SURF": 136.61110998000001, "X": -149.20836821, "Y": -17.737432534, "Z": -40.001945495999998, "layer": "profile_from_transects_tahiti", "path": "C:\\Users\\nlafn\\Documents\\GitHub\\ReefPassages\\data\\data_for_transects\\profile_from_transects_tahiti.geojson" }, "geometry": { "type": "Point", "coordinates": [ -149.208368208384826, -17.73743253394322 ] } },
{ "type": "Feature", "properties": { "LINE_ID": 405, "ID": 356, "DIST": 0.0052997556, "DIST_SURF": 138.73861243, "X": -149.20816821, "Y": -17.737471897, "Z": -37.874443053999997, "layer": "profile_from_transects_tahiti", "path": "C:\\Users\\nlafn\\Documents\\GitHub\\ReefPassages\\data\\data_for_transects\\profile_from_transects_tahiti.geojson" }, "geometry": { "type": "Point", "coordinates": [ -149.208168208384819, -17.737471896642376 ] } },
{ "type": "Feature", "properties": { "LINE_ID": 405, "ID": 357, "DIST": 0.0055035923, "DIST_SURF": 140.79778221000001, "X": -149.20796821, "Y": -17.737511259000001, "Z": -39.933612822999997, "layer": "profile_from_transects_tahiti", "path": "C:\\Users\\nlafn\\Documents\\GitHub\\ReefPassages\\data\\data_for_transects\\profile_from_transects_tahiti.geojson" }, "geometry": { "type": "Point", "coordinates": [ -149.207968208384813, -17.737511259341531 ] } },
{ "type": "Feature", "properties": { "LINE_ID": 405, "ID": 358, "DIST": 0.0057074291, "DIST_SURF": 141.43472987000001, "X": -149.20776821000001, "Y": -17.737550622000001, "Z": -39.296665192, "layer": "profile_from_transects_tahiti", "path": "C:\\Users\\nlafn\\Documents\\GitHub\\ReefPassages\\data\\data_for_transects\\profile_from_transects_tahiti.geojson" }, "geometry": { "type": "Point", "coordinates": [ -149.207768208384806, -17.737550622040686 ] } },
{ "type": "Feature", "properties": { "LINE_ID": 405, "ID": 359, "DIST": 0.0059112659, "DIST_SURF": 145.79972774000001, "X": -149.20756821000001, "Y": -17.737589985, "Z": -34.931667328000003, "layer": "profile_from_transects_tahiti", "path": "C:\\Users\\nlafn\\Documents\\GitHub\\ReefPassages\\data\\data_for_transects\\profile_from_transects_tahiti.geojson" }, "geometry": { "type": "Point", "coordinates": [ -149.207568208384799, -17.737589984739841 ] } },
{ "type": "Feature", "properties": { "LINE_ID": 405, "ID": 360, "DIST": 0.0061151026, "DIST_SURF": 152.71111805000001, "X": -149.20736821, "Y": -17.737629347, "Z": -28.020277022999998, "layer": "profile_from_transects_tahiti", "path": "C:\\Users\\nlafn\\Documents\\GitHub\\ReefPassages\\data\\data_for_transects\\profile_from_transects_tahiti.geojson" }, "geometry": { "type": "Point", "coordinates": [ -149.207368208384793, -17.737629347438997 ] } },
{ "type": "Feature", "properties": { "LINE_ID": 405, "ID": 361, "DIST": 0.0063189394, "DIST_SURF": 160.36945088, "X": -149.20716821, "Y": -17.73766871, "Z": -20.361944199, "layer": "profile_from_transects_tahiti", "path": "C:\\Users\\nlafn\\Documents\\GitHub\\ReefPassages\\data\\data_for_transects\\profile_from_transects_tahiti.geojson" }, "geometry": { "type": "Point", "coordinates": [ -149.207168208384786, -17.737668710138152 ] } },
{ "type": "Feature", "properties": { "LINE_ID": 405, "ID": 362, "DIST": 0.0065227761, "DIST_SURF": 162.89611752, "X": -149.20696821000001, "Y": -17.737708073, "Z": -17.835277557000001, "layer": "profile_from_transects_tahiti", "path": "C:\\Users\\nlafn\\Documents\\GitHub\\ReefPassages\\data\\data_for_transects\\profile_from_transects_tahiti.geojson" }, "geometry": { "type": "Point", "coordinates": [ -149.206968208384779, -17.737708072837307 ] } },
{ "type": "Feature", "properties": { "LINE_ID": 405, "ID": 363, "DIST": 0.0067266129, "DIST_SURF": 172.93528398000001, "X": -149.20676821000001, "Y": -17.737747436, "Z": -7.7961111068999998, "layer": "profile_from_transects_tahiti", "path": "C:\\Users\\nlafn\\Documents\\GitHub\\ReefPassages\\data\\data_for_transects\\profile_from_transects_tahiti.geojson" }, "geometry": { "type": "Point", "coordinates": [ -149.206768208384773, -17.737747435536463 ] } },
{ "type": "Feature", "properties": { "LINE_ID": 405, "ID": 364, "DIST": 0.0069304496, "DIST_SURF": 180.09917291, "X": -149.20656821, "Y": -17.737786797999998, "Z": -0.6322221756, "layer": "profile_from_transects_tahiti", "path": "C:\\Users\\nlafn\\Documents\\GitHub\\ReefPassages\\data\\data_for_transects\\profile_from_transects_tahiti.geojson" }, "geometry": { "type": "Point", "coordinates": [ -149.206568208384766, -17.737786798235618 ] } },
{ "type": "Feature", "properties": { "LINE_ID": 405, "ID": 365, "DIST": 0.0071342864, "DIST_SURF": 181.25583957000001, "X": -149.20636821, "Y": -17.737826161000001, "Z": 0.5244444609, "layer": "profile_from_transects_tahiti", "path": "C:\\Users\\nlafn\\Documents\\GitHub\\ReefPassages\\data\\data_for_transects\\profile_from_transects_tahiti.geojson" }, "geometry": { "type": "Point", "coordinates": [ -149.20636820838476, -17.737826160934773 ] } },
{ "type": "Feature", "properties": { "LINE_ID": 404, "ID": 366, "DIST": 0.0, "DIST_SURF": 0.0, "X": -149.17520664, "Y": -17.747649289000002, "Z": 0.2661111057, "layer": "profile_from_transects_tahiti", "path": "C:\\Users\\nlafn\\Documents\\GitHub\\ReefPassages\\data\\data_for_transects\\profile_from_transects_tahiti.geojson" }, "geometry": { "type": "Point", "coordinates": [ -149.175206644905927, -17.747649289189162 ] } },
{ "type": "Feature", "properties": { "LINE_ID": 404, "ID": 367, "DIST": 0.0002038704, "DIST_SURF": 1.7361111463000001, "X": -149.17500664, "Y": -17.747609753, "Z": -1.4700000286, "layer": "profile_from_transects_tahiti", "path": "C:\\Users\\nlafn\\Documents\\GitHub\\ReefPassages\\data\\data_for_transects\\profile_from_transects_tahiti.geojson" }, "geometry": { "type": "Point", "coordinates": [ -149.17500664490592, -17.747609752509625 ] } },
{ "type": "Feature", "properties": { "LINE_ID": 404, "ID": 368, "DIST": 0.0004077408, "DIST_SURF": 5.4722220774999997, "X": -149.17480664000001, "Y": -17.747570216, "Z": -5.2061109542999997, "layer": "profile_from_transects_tahiti", "path": "C:\\Users\\nlafn\\Documents\\GitHub\\ReefPassages\\data\\data_for_transects\\profile_from_transects_tahiti.geojson" }, "geometry": { "type": "Point", "coordinates": [ -149.174806644905914, -17.747570215830088 ] } },
{ "type": "Feature", "properties": { "LINE_ID": 404, "ID": 369, "DIST": 0.0006116113, "DIST_SURF": 9.7738883420999993, "X": -149.17460664000001, "Y": -17.747530679, "Z": -9.5077772141000008, "layer": "profile_from_transects_tahiti", "path": "C:\\Users\\nlafn\\Documents\\GitHub\\ReefPassages\\data\\data_for_transects\\profile_from_transects_tahiti.geojson" }, "geometry": { "type": "Point", "coordinates": [ -149.174606644905907, -17.74753067915055 ] } },
{ "type": "Feature", "properties": { "LINE_ID": 404, "ID": 370, "DIST": 0.0008154817, "DIST_SURF": 13.192777394, "X": -149.17440664, "Y": -17.747491142000001, "Z": -12.92666626, "layer": "profile_from_transects_tahiti", "path": "C:\\Users\\nlafn\\Documents\\GitHub\\ReefPassages\\data\\data_for_transects\\profile_from_transects_tahiti.geojson" }, "geometry": { "type": "Point", "coordinates": [ -149.174406644905901, -17.747491142471013 ] } },
{ "type": "Feature", "properties": { "LINE_ID": 404, "ID": 371, "DIST": 0.0010193521, "DIST_SURF": 23.83388877, "X": -149.17420664, "Y": -17.747451605999998, "Z": -23.567777634, "layer": "profile_from_transects_tahiti", "path": "C:\\Users\\nlafn\\Documents\\GitHub\\ReefPassages\\data\\data_for_transects\\profile_from_transects_tahiti.geojson" }, "geometry": { "type": "Point", "coordinates": [ -149.174206644905894, -17.747451605791476 ] } },
{ "type": "Feature", "properties": { "LINE_ID": 404, "ID": 372, "DIST": 0.0012232225, "DIST_SURF": 35.362222435, "X": -149.17400664, "Y": -17.747412069, "Z": -35.096111297999997, "layer": "profile_from_transects_tahiti", "path": "C:\\Users\\nlafn\\Documents\\GitHub\\ReefPassages\\data\\data_for_transects\\profile_from_transects_tahiti.geojson" }, "geometry": { "type": "Point", "coordinates": [ -149.174006644905887, -17.747412069111938 ] } },
{ "type": "Feature", "properties": { "LINE_ID": 404, "ID": 373, "DIST": 0.001427093, "DIST_SURF": 43.8830545, "X": -149.17380664000001, "Y": -17.747372532, "Z": -43.616943358999997, "layer": "profile_from_transects_tahiti", "path": "C:\\Users\\nlafn\\Documents\\GitHub\\ReefPassages\\data\\data_for_transects\\profile_from_transects_tahiti.geojson" }, "geometry": { "type": "Point", "coordinates": [ -149.173806644905881, -17.747372532432401 ] } },
{ "type": "Feature", "properties": { "LINE_ID": 404, "ID": 374, "DIST": 0.0016309634, "DIST_SURF": 48.725553283000004, "X": -149.17360664, "Y": -17.747332996000001, "Z": -48.459442138999997, "layer": "profile_from_transects_tahiti", "path": "C:\\Users\\nlafn\\Documents\\GitHub\\ReefPassages\\data\\data_for_transects\\profile_from_transects_tahiti.geojson" }, "geometry": { "type": "Point", "coordinates": [ -149.173606644905874, -17.747332995752863 ] } },
{ "type": "Feature", "properties": { "LINE_ID": 404, "ID": 375, "DIST": 0.0018348338, "DIST_SURF": 53.251390232, "X": -149.17340664, "Y": -17.747293459000002, "Z": -52.985279083000002, "layer": "profile_from_transects_tahiti", "path": "C:\\Users\\nlafn\\Documents\\GitHub\\ReefPassages\\data\\data_for_transects\\profile_from_transects_tahiti.geojson" }, "geometry": { "type": "Point", "coordinates": [ -149.173406644905867, -17.747293459073326 ] } },
{ "type": "Feature", "properties": { "LINE_ID": 404, "ID": 376, "DIST": 0.0020387042, "DIST_SURF": 56.767221231999997, "X": -149.17320664, "Y": -17.747253922, "Z": -56.501110077, "layer": "profile_from_transects_tahiti", "path": "C:\\Users\\nlafn\\Documents\\GitHub\\ReefPassages\\data\\data_for_transects\\profile_from_transects_tahiti.geojson" }, "geometry": { "type": "Point", "coordinates": [ -149.173206644905861, -17.747253922393789 ] } },
{ "type": "Feature", "properties": { "LINE_ID": 404, "ID": 377, "DIST": 0.0022425746, "DIST_SURF": 59.461667802999997, "X": -149.17300664000001, "Y": -17.747214386, "Z": -59.195556641000003, "layer": "profile_from_transects_tahiti", "path": "C:\\Users\\nlafn\\Documents\\GitHub\\ReefPassages\\data\\data_for_transects\\profile_from_transects_tahiti.geojson" }, "geometry": { "type": "Point", "coordinates": [ -149.173006644905854, -17.747214385714251 ] } },
{ "type": "Feature", "properties": { "LINE_ID": 404, "ID": 378, "DIST": 0.0024464451, "DIST_SURF": 61.888055598999998, "X": -149.17280664, "Y": -17.747174849, "Z": -61.621944427000003, "layer": "profile_from_transects_tahiti", "path": "C:\\Users\\nlafn\\Documents\\GitHub\\ReefPassages\\data\\data_for_transects\\profile_from_transects_tahiti.geojson" }, "geometry": { "type": "Point", "coordinates": [ -149.172806644905847, -17.747174849034714 ] } },
{ "type": "Feature", "properties": { "LINE_ID": 404, "ID": 379, "DIST": 0.0026503155, "DIST_SURF": 64.232499883000003, "X": -149.17260664, "Y": -17.747135312000001, "Z": -63.966388702000003, "layer": "profile_from_transects_tahiti", "path": "C:\\Users\\nlafn\\Documents\\GitHub\\ReefPassages\\data\\data_for_transects\\profile_from_transects_tahiti.geojson" }, "geometry": { "type": "Point", "coordinates": [ -149.172606644905841, -17.747135312355176 ] } },
{ "type": "Feature", "properties": { "LINE_ID": 404, "ID": 380, "DIST": 0.0028541859, "DIST_SURF": 67.935560038000006, "X": -149.17240664, "Y": -17.747095775999998, "Z": -67.669448853000006, "layer": "profile_from_transects_tahiti", "path": "C:\\Users\\nlafn\\Documents\\GitHub\\ReefPassages\\data\\data_for_transects\\profile_from_transects_tahiti.geojson" }, "geometry": { "type": "Point", "coordinates": [ -149.172406644905834, -17.747095775675639 ] } },
{ "type": "Feature", "properties": { "LINE_ID": 404, "ID": 381, "DIST": 0.0030580563, "DIST_SURF": 69.84444219, "X": -149.17220664000001, "Y": -17.747056239, "Z": -69.578330993999998, "layer": "profile_from_transects_tahiti", "path": "C:\\Users\\nlafn\\Documents\\GitHub\\ReefPassages\\data\\data_for_transects\\profile_from_transects_tahiti.geojson" }, "geometry": { "type": "Point", "coordinates": [ -149.172206644905827, -17.747056238996102 ] } },
{ "type": "Feature", "properties": { "LINE_ID": 404, "ID": 382, "DIST": 0.0032619268, "DIST_SURF": 72.415281127, "X": -149.17200664000001, "Y": -17.747016702, "Z": -72.149169922, "layer": "profile_from_transects_tahiti", "path": "C:\\Users\\nlafn\\Documents\\GitHub\\ReefPassages\\data\\data_for_transects\\profile_from_transects_tahiti.geojson" }, "geometry": { "type": "Point", "coordinates": [ -149.172006644905821, -17.747016702316564 ] } },
{ "type": "Feature", "properties": { "LINE_ID": 404, "ID": 383, "DIST": 0.0034657972, "DIST_SURF": 75.448613957999996, "X": -149.17180664, "Y": -17.746977166000001, "Z": -75.182502747000001, "layer": "profile_from_transects_tahiti", "path": "C:\\Users\\nlafn\\Documents\\GitHub\\ReefPassages\\data\\data_for_transects\\profile_from_transects_tahiti.geojson" }, "geometry": { "type": "Point", "coordinates": [ -149.171806644905814, -17.746977165637027 ] } },
{ "type": "Feature", "properties": { "LINE_ID": 404, "ID": 384, "DIST": 0.0036696676, "DIST_SURF": 78.402219617, "X": -149.17160664, "Y": -17.746937629000001, "Z": -78.136108398000005, "layer": "profile_from_transects_tahiti", "path": "C:\\Users\\nlafn\\Documents\\GitHub\\ReefPassages\\data\\data_for_transects\\profile_from_transects_tahiti.geojson" }, "geometry": { "type": "Point", "coordinates": [ -149.171606644905808, -17.74693762895749 ] } },
{ "type": "Feature", "properties": { "LINE_ID": 404, "ID": 385, "DIST": 0.003873538, "DIST_SURF": 81.943059771999998, "X": -149.17140664, "Y": -17.746898092, "Z": -81.676948546999995, "layer": "profile_from_transects_tahiti", "path": "C:\\Users\\nlafn\\Documents\\GitHub\\ReefPassages\\data\\data_for_transects\\profile_from_transects_tahiti.geojson" }, "geometry": { "type": "Point", "coordinates": [ -149.171406644905801, -17.746898092277952 ] } },
{ "type": "Feature", "properties": { "LINE_ID": 404, "ID": 386, "DIST": 0.0040774084, "DIST_SURF": 85.868886804, "X": -149.17120664000001, "Y": -17.746858556, "Z": -85.602775574000006, "layer": "profile_from_transects_tahiti", "path": "C:\\Users\\nlafn\\Documents\\GitHub\\ReefPassages\\data\\data_for_transects\\profile_from_transects_tahiti.geojson" }, "geometry": { "type": "Point", "coordinates": [ -149.171206644905794, -17.746858555598415 ] } },
{ "type": "Feature", "properties": { "LINE_ID": 404, "ID": 387, "DIST": 0.0042812789, "DIST_SURF": 91.053052761999993, "X": -149.17100664, "Y": -17.746819019, "Z": -90.786941528, "layer": "profile_from_transects_tahiti", "path": "C:\\Users\\nlafn\\Documents\\GitHub\\ReefPassages\\data\\data_for_transects\\profile_from_transects_tahiti.geojson" }, "geometry": { "type": "Point", "coordinates": [ -149.171006644905788, -17.746819018918877 ] } },
{ "type": "Feature", "properties": { "LINE_ID": 404, "ID": 388, "DIST": 0.0044851493, "DIST_SURF": 95.86588846, "X": -149.17080664, "Y": -17.746779482000001, "Z": -95.599777222, "layer": "profile_from_transects_tahiti", "path": "C:\\Users\\nlafn\\Documents\\GitHub\\ReefPassages\\data\\data_for_transects\\profile_from_transects_tahiti.geojson" }, "geometry": { "type": "Point", "coordinates": [ -149.170806644905781, -17.74677948223934 ] } },
{ "type": "Feature", "properties": { "LINE_ID": 404, "ID": 389, "DIST": 0.0046890197, "DIST_SURF": 98.085859172, "X": -149.17060664, "Y": -17.746739946000002, "Z": -97.819747925000001, "layer": "profile_from_transects_tahiti", "path": "C:\\Users\\nlafn\\Documents\\GitHub\\ReefPassages\\data\\data_for_transects\\profile_from_transects_tahiti.geojson" }, "geometry": { "type": "Point", "coordinates": [ -149.170606644905774, -17.746739945559803 ] } },
{ "type": "Feature", "properties": { "LINE_ID": 404, "ID": 390, "DIST": 0.0048928901, "DIST_SURF": 99.706807976999997, "X": -149.17040664000001, "Y": -17.746700409, "Z": -99.440696716000005, "layer": "profile_from_transects_tahiti", "path": "C:\\Users\\nlafn\\Documents\\GitHub\\ReefPassages\\data\\data_for_transects\\profile_from_transects_tahiti.geojson" }, "geometry": { "type": "Point", "coordinates": [ -149.170406644905768, -17.746700408880265 ] } },
{ "type": "Feature", "properties": { "LINE_ID": 404, "ID": 391, "DIST": 0.0050967606, "DIST_SURF": 100.00977893, "X": -149.17020664, "Y": -17.746660872, "Z": -99.13772583, "layer": "profile_from_transects_tahiti", "path": "C:\\Users\\nlafn\\Documents\\GitHub\\ReefPassages\\data\\data_for_transects\\profile_from_transects_tahiti.geojson" }, "geometry": { "type": "Point", "coordinates": [ -149.170206644905761, -17.746660872200728 ] } },
{ "type": "Feature", "properties": { "LINE_ID": 404, "ID": 392, "DIST": 0.005300631, "DIST_SURF": 101.68790242, "X": -149.17000664, "Y": -17.746621336, "Z": -97.459602356000005, "layer": "profile_from_transects_tahiti", "path": "C:\\Users\\nlafn\\Documents\\GitHub\\ReefPassages\\data\\data_for_transects\\profile_from_transects_tahiti.geojson" }, "geometry": { "type": "Point", "coordinates": [ -149.170006644905754, -17.746621335521191 ] } },
{ "type": "Feature", "properties": { "LINE_ID": 404, "ID": 393, "DIST": 0.0055045014, "DIST_SURF": 104.11722372, "X": -149.16980664, "Y": -17.746581799000001, "Z": -95.030281067000004, "layer": "profile_from_transects_tahiti", "path": "C:\\Users\\nlafn\\Documents\\GitHub\\ReefPassages\\data\\data_for_transects\\profile_from_transects_tahiti.geojson" }, "geometry": { "type": "Point", "coordinates": [ -149.169806644905748, -17.746581798841653 ] } },
{ "type": "Feature", "properties": { "LINE_ID": 404, "ID": 394, "DIST": 0.0057083718, "DIST_SURF": 109.48583792, "X": -149.16960664000001, "Y": -17.746542261999998, "Z": -89.66166687, "layer": "profile_from_transects_tahiti", "path": "C:\\Users\\nlafn\\Documents\\GitHub\\ReefPassages\\data\\data_for_transects\\profile_from_transects_tahiti.geojson" }, "geometry": { "type": "Point", "coordinates": [ -149.169606644905741, -17.746542262162116 ] } },
{ "type": "Feature", "properties": { "LINE_ID": 404, "ID": 395, "DIST": 0.0059122422, "DIST_SURF": 115.324728, "X": -149.16940664000001, "Y": -17.746502725, "Z": -83.822776794000006, "layer": "profile_from_transects_tahiti", "path": "C:\\Users\\nlafn\\Documents\\GitHub\\ReefPassages\\data\\data_for_transects\\profile_from_transects_tahiti.geojson" }, "geometry": { "type": "Point", "coordinates": [ -149.169406644905735, -17.746502725482578 ] } },
{ "type": "Feature", "properties": { "LINE_ID": 404, "ID": 396, "DIST": 0.0061161127, "DIST_SURF": 118.58056449, "X": -149.16920664, "Y": -17.746463189, "Z": -80.566940308, "layer": "profile_from_transects_tahiti", "path": "C:\\Users\\nlafn\\Documents\\GitHub\\ReefPassages\\data\\data_for_transects\\profile_from_transects_tahiti.geojson" }, "geometry": { "type": "Point", "coordinates": [ -149.169206644905728, -17.746463188803041 ] } },
{ "type": "Feature", "properties": { "LINE_ID": 404, "ID": 397, "DIST": 0.0063199831, "DIST_SURF": 121.78778648, "X": -149.16900664, "Y": -17.746423652000001, "Z": -77.359718322999996, "layer": "profile_from_transects_tahiti", "path": "C:\\Users\\nlafn\\Documents\\GitHub\\ReefPassages\\data\\data_for_transects\\profile_from_transects_tahiti.geojson" }, "geometry": { "type": "Point", "coordinates": [ -149.169006644905721, -17.746423652123504 ] } },
{ "type": "Feature", "properties": { "LINE_ID": 404, "ID": 398, "DIST": 0.0065238535, "DIST_SURF": 124.7811184, "X": -149.16880664000001, "Y": -17.746384115000001, "Z": -74.366386414000004, "layer": "profile_from_transects_tahiti", "path": "C:\\Users\\nlafn\\Documents\\GitHub\\ReefPassages\\data\\data_for_transects\\profile_from_transects_tahiti.geojson" }, "geometry": { "type": "Point", "coordinates": [ -149.168806644905715, -17.746384115443966 ] } },
{ "type": "Feature", "properties": { "LINE_ID": 404, "ID": 399, "DIST": 0.0067277239, "DIST_SURF": 128.65000726, "X": -149.16860664000001, "Y": -17.746344579, "Z": -70.497497558999996, "layer": "profile_from_transects_tahiti", "path": "C:\\Users\\nlafn\\Documents\\GitHub\\ReefPassages\\data\\data_for_transects\\profile_from_transects_tahiti.geojson" }, "geometry": { "type": "Point", "coordinates": [ -149.168606644905708, -17.746344578764429 ] } },
{ "type": "Feature", "properties": { "LINE_ID": 404, "ID": 400, "DIST": 0.0069315944, "DIST_SURF": 134.82583429, "X": -149.16840664, "Y": -17.746305042, "Z": -64.321670532, "layer": "profile_from_transects_tahiti", "path": "C:\\Users\\nlafn\\Documents\\GitHub\\ReefPassages\\data\\data_for_transects\\profile_from_transects_tahiti.geojson" }, "geometry": { "type": "Point", "coordinates": [ -149.168406644905701, -17.746305042084892 ] } },
{ "type": "Feature", "properties": { "LINE_ID": 404, "ID": 401, "DIST": 0.0071354648, "DIST_SURF": 136.84861567, "X": -149.16820664, "Y": -17.746265505, "Z": -62.29888916, "layer": "profile_from_transects_tahiti", "path": "C:\\Users\\nlafn\\Documents\\GitHub\\ReefPassages\\data\\data_for_transects\\profile_from_transects_tahiti.geojson" }, "geometry": { "type": "Point", "coordinates": [ -149.168206644905695, -17.746265505405354 ] } },
{ "type": "Feature", "properties": { "LINE_ID": 404, "ID": 402, "DIST": 0.0073393352, "DIST_SURF": 149.76472666000001, "X": -149.16800664, "Y": -17.746225969000001, "Z": -49.382778168000002, "layer": "profile_from_transects_tahiti", "path": "C:\\Users\\nlafn\\Documents\\GitHub\\ReefPassages\\data\\data_for_transects\\profile_from_transects_tahiti.geojson" }, "geometry": { "type": "Point", "coordinates": [ -149.168006644905688, -17.746225968725817 ] } },
{ "type": "Feature", "properties": { "LINE_ID": 404, "ID": 403, "DIST": 0.0075432056, "DIST_SURF": 162.42944911000001, "X": -149.16780664000001, "Y": -17.746186431999998, "Z": -36.718055725, "layer": "profile_from_transects_tahiti", "path": "C:\\Users\\nlafn\\Documents\\GitHub\\ReefPassages\\data\\data_for_transects\\profile_from_transects_tahiti.geojson" }, "geometry": { "type": "Point", "coordinates": [ -149.167806644905681, -17.746186432046279 ] } },
{ "type": "Feature", "properties": { "LINE_ID": 404, "ID": 404, "DIST": 0.007747076, "DIST_SURF": 173.41056064, "X": -149.16760664, "Y": -17.746146895, "Z": -25.736944199, "layer": "profile_from_transects_tahiti", "path": "C:\\Users\\nlafn\\Documents\\GitHub\\ReefPassages\\data\\data_for_transects\\profile_from_transects_tahiti.geojson" }, "geometry": { "type": "Point", "coordinates": [ -149.167606644905675, -17.746146895366742 ] } },
{ "type": "Feature", "properties": { "LINE_ID": 404, "ID": 405, "DIST": 0.0079509465, "DIST_SURF": 182.07222751, "X": -149.16740664, "Y": -17.746107359, "Z": -17.075277328, "layer": "profile_from_transects_tahiti", "path": "C:\\Users\\nlafn\\Documents\\GitHub\\ReefPassages\\data\\data_for_transects\\profile_from_transects_tahiti.geojson" }, "geometry": { "type": "Point", "coordinates": [ -149.167406644905668, -17.746107358687205 ] } },
{ "type": "Feature", "properties": { "LINE_ID": 404, "ID": 406, "DIST": 0.0081548169, "DIST_SURF": 186.79306034000001, "X": -149.16720664, "Y": -17.746067822000001, "Z": -12.354444504, "layer": "profile_from_transects_tahiti", "path": "C:\\Users\\nlafn\\Documents\\GitHub\\ReefPassages\\data\\data_for_transects\\profile_from_transects_tahiti.geojson" }, "geometry": { "type": "Point", "coordinates": [ -149.167206644905662, -17.746067822007667 ] } },
{ "type": "Feature", "properties": { "LINE_ID": 404, "ID": 407, "DIST": 0.0083586873, "DIST_SURF": 192.05750469, "X": -149.16700664000001, "Y": -17.746028285000001, "Z": -7.0900001526, "layer": "profile_from_transects_tahiti", "path": "C:\\Users\\nlafn\\Documents\\GitHub\\ReefPassages\\data\\data_for_transects\\profile_from_transects_tahiti.geojson" }, "geometry": { "type": "Point", "coordinates": [ -149.167006644905655, -17.74602828532813 ] } },
{ "type": "Feature", "properties": { "LINE_ID": 404, "ID": 408, "DIST": 0.0085625577, "DIST_SURF": 196.44139366, "X": -149.16680664, "Y": -17.745988749, "Z": -2.7061111927, "layer": "profile_from_transects_tahiti", "path": "C:\\Users\\nlafn\\Documents\\GitHub\\ReefPassages\\data\\data_for_transects\\profile_from_transects_tahiti.geojson" }, "geometry": { "type": "Point", "coordinates": [ -149.166806644905648, -17.745988748648593 ] } },
{ "type": "Feature", "properties": { "LINE_ID": 404, "ID": 409, "DIST": 0.0087664282, "DIST_SURF": 198.94028263000001, "X": -149.16660664, "Y": -17.745949212, "Z": -0.2072222233, "layer": "profile_from_transects_tahiti", "path": "C:\\Users\\nlafn\\Documents\\GitHub\\ReefPassages\\data\\data_for_transects\\profile_from_transects_tahiti.geojson" }, "geometry": { "type": "Point", "coordinates": [ -149.166606644905642, -17.745949211969055 ] } },
{ "type": "Feature", "properties": { "LINE_ID": 403, "ID": 410, "DIST": 0.0, "DIST_SURF": 0.0, "X": -149.1460765, "Y": -17.753082823, "Z": 0.6022222042000001, "layer": "profile_from_transects_tahiti", "path": "C:\\Users\\nlafn\\Documents\\GitHub\\ReefPassages\\data\\data_for_transects\\profile_from_transects_tahiti.geojson" }, "geometry": { "type": "Point", "coordinates": [ -149.146076495697855, -17.7530828229782 ] } },
{ "type": "Feature", "properties": { "LINE_ID": 403, "ID": 411, "DIST": 0.0002686332, "DIST_SURF": 0.6216667074, "X": -149.1458765, "Y": -17.753262166, "Z": -0.0194444451, "layer": "profile_from_transects_tahiti", "path": "C:\\Users\\nlafn\\Documents\\GitHub\\ReefPassages\\data\\data_for_transects\\profile_from_transects_tahiti.geojson" }, "geometry": { "type": "Point", "coordinates": [ -149.145876495697848, -17.753262165701205 ] } },
{ "type": "Feature", "properties": { "LINE_ID": 403, "ID": 412, "DIST": 0.0005372665, "DIST_SURF": 3.0163889662000001, "X": -149.1456765, "Y": -17.753441508000002, "Z": -2.4141666889, "layer": "profile_from_transects_tahiti", "path": "C:\\Users\\nlafn\\Documents\\GitHub\\ReefPassages\\data\\data_for_transects\\profile_from_transects_tahiti.geojson" }, "geometry": { "type": "Point", "coordinates": [ -149.145676495697842, -17.75344150842421 ] } },
{ "type": "Feature", "properties": { "LINE_ID": 403, "ID": 413, "DIST": 0.0008058997, "DIST_SURF": 5.5563891807000001, "X": -149.1454765, "Y": -17.753620851000001, "Z": -4.9541668891999997, "layer": "profile_from_transects_tahiti", "path": "C:\\Users\\nlafn\\Documents\\GitHub\\ReefPassages\\data\\data_for_transects\\profile_from_transects_tahiti.geojson" }, "geometry": { "type": "Point", "coordinates": [ -149.145476495697835, -17.753620851147215 ] } },
{ "type": "Feature", "properties": { "LINE_ID": 403, "ID": 414, "DIST": 0.0010745329, "DIST_SURF": 5.8805560667999996, "X": -149.1452765, "Y": -17.753800194, "Z": -5.2783336638999998, "layer": "profile_from_transects_tahiti", "path": "C:\\Users\\nlafn\\Documents\\GitHub\\ReefPassages\\data\\data_for_transects\\profile_from_transects_tahiti.geojson" }, "geometry": { "type": "Point", "coordinates": [ -149.145276495697829, -17.753800193870219 ] } },
{ "type": "Feature", "properties": { "LINE_ID": 403, "ID": 415, "DIST": 0.0013431662, "DIST_SURF": 5.9033352081999997, "X": -149.1450765, "Y": -17.753979537, "Z": -5.3011112213000002, "layer": "profile_from_transects_tahiti", "path": "C:\\Users\\nlafn\\Documents\\GitHub\\ReefPassages\\data\\data_for_transects\\profile_from_transects_tahiti.geojson" }, "geometry": { "type": "Point", "coordinates": [ -149.145076495697822, -17.753979536593224 ] } },
{ "type": "Feature", "properties": { "LINE_ID": 403, "ID": 416, "DIST": 0.0016117994, "DIST_SURF": 6.3069464806999997, "X": -149.1448765, "Y": -17.754158878999998, "Z": -5.7047224045, "layer": "profile_from_transects_tahiti", "path": "C:\\Users\\nlafn\\Documents\\GitHub\\ReefPassages\\data\\data_for_transects\\profile_from_transects_tahiti.geojson" }, "geometry": { "type": "Point", "coordinates": [ -149.144876495697815, -17.754158879316229 ] } },
{ "type": "Feature", "properties": { "LINE_ID": 403, "ID": 417, "DIST": 0.0018804326, "DIST_SURF": 7.4136135551000004, "X": -149.1446765, "Y": -17.754338222000001, "Z": -4.5980553627000003, "layer": "profile_from_transects_tahiti", "path": "C:\\Users\\nlafn\\Documents\\GitHub\\ReefPassages\\data\\data_for_transects\\profile_from_transects_tahiti.geojson" }, "geometry": { "type": "Point", "coordinates": [ -149.144676495697809, -17.754338222039234 ] } },
{ "type": "Feature", "properties": { "LINE_ID": 403, "ID": 418, "DIST": 0.0021490658, "DIST_SURF": 8.2008359863999996, "X": -149.1444765, "Y": -17.754517565, "Z": -5.3852777481, "layer": "profile_from_transects_tahiti", "path": "C:\\Users\\nlafn\\Documents\\GitHub\\ReefPassages\\data\\data_for_transects\\profile_from_transects_tahiti.geojson" }, "geometry": { "type": "Point", "coordinates": [ -149.144476495697802, -17.754517564762239 ] } },
{ "type": "Feature", "properties": { "LINE_ID": 403, "ID": 419, "DIST": 0.0024176991, "DIST_SURF": 8.8825024134999992, "X": -149.1442765, "Y": -17.754696907, "Z": -4.7036113739000003, "layer": "profile_from_transects_tahiti", "path": "C:\\Users\\nlafn\\Documents\\GitHub\\ReefPassages\\data\\data_for_transects\\profile_from_transects_tahiti.geojson" }, "geometry": { "type": "Point", "coordinates": [ -149.144276495697795, -17.754696907485243 ] } },
{ "type": "Feature", "properties": { "LINE_ID": 403, "ID": 420, "DIST": 0.0026863323, "DIST_SURF": 9.4300021361000006, "X": -149.1440765, "Y": -17.75487625, "Z": -5.2511110305999997, "layer": "profile_from_transects_tahiti", "path": "C:\\Users\\nlafn\\Documents\\GitHub\\ReefPassages\\data\\data_for_transects\\profile_from_transects_tahiti.geojson" }, "geometry": { "type": "Point", "coordinates": [ -149.144076495697789, -17.754876250208248 ] } },
{ "type": "Feature", "properties": { "LINE_ID": 403, "ID": 421, "DIST": 0.0029549655, "DIST_SURF": 9.8875021958999998, "X": -149.1438765, "Y": -17.755055593000002, "Z": -4.7936110497, "layer": "profile_from_transects_tahiti", "path": "C:\\Users\\nlafn\\Documents\\GitHub\\ReefPassages\\data\\data_for_transects\\profile_from_transects_tahiti.geojson" }, "geometry": { "type": "Point", "coordinates": [ -149.143876495697782, -17.755055592931253 ] } },
{ "type": "Feature", "properties": { "LINE_ID": 403, "ID": 422, "DIST": 0.0032235988, "DIST_SURF": 10.804168743, "X": -149.1436765, "Y": -17.755234936000001, "Z": -3.8769445419, "layer": "profile_from_transects_tahiti", "path": "C:\\Users\\nlafn\\Documents\\GitHub\\ReefPassages\\data\\data_for_transects\\profile_from_transects_tahiti.geojson" }, "geometry": { "type": "Point", "coordinates": [ -149.143676495697775, -17.755234935654258 ] } },
{ "type": "Feature", "properties": { "LINE_ID": 403, "ID": 423, "DIST": 0.003492232, "DIST_SURF": 11.727779946, "X": -149.1434765, "Y": -17.755414278, "Z": -2.9533333778, "layer": "profile_from_transects_tahiti", "path": "C:\\Users\\nlafn\\Documents\\GitHub\\ReefPassages\\data\\data_for_transects\\profile_from_transects_tahiti.geojson" }, "geometry": { "type": "Point", "coordinates": [ -149.143476495697769, -17.755414278377263 ] } },
{ "type": "Feature", "properties": { "LINE_ID": 403, "ID": 424, "DIST": 0.0037608652, "DIST_SURF": 14.202779985, "X": -149.1432765, "Y": -17.755593621, "Z": -0.478333354, "layer": "profile_from_transects_tahiti", "path": "C:\\Users\\nlafn\\Documents\\GitHub\\ReefPassages\\data\\data_for_transects\\profile_from_transects_tahiti.geojson" }, "geometry": { "type": "Point", "coordinates": [ -149.143276495697762, -17.755593621100267 ] } },
{ "type": "Feature", "properties": { "LINE_ID": 402, "ID": 425, "DIST": 0.0, "DIST_SURF": 0.0, "X": -149.12431733, "Y": -17.773530332, "Z": -4.9633331298999996, "layer": "profile_from_transects_tahiti", "path": "C:\\Users\\nlafn\\Documents\\GitHub\\ReefPassages\\data\\data_for_transects\\profile_from_transects_tahiti.geojson" }, "geometry": { "type": "Point", "coordinates": [ -149.124317328905732, -17.773530332043652 ] } },
{ "type": "Feature", "properties": { "LINE_ID": 402, "ID": 426, "DIST": 0.0002418197, "DIST_SURF": 5.5563888602000002, "X": -149.1241814, "Y": -17.773730332, "Z": -10.519721985, "layer": "profile_from_transects_tahiti", "path": "C:\\Users\\nlafn\\Documents\\GitHub\\ReefPassages\\data\\data_for_transects\\profile_from_transects_tahiti.geojson" }, "geometry": { "type": "Point", "coordinates": [ -149.124181399702195, -17.773730332043652 ] } },
{ "type": "Feature", "properties": { "LINE_ID": 402, "ID": 427, "DIST": 0.0004836393, "DIST_SURF": 18.189443596, "X": -149.12404547, "Y": -17.773930332, "Z": -23.152776717999998, "layer": "profile_from_transects_tahiti", "path": "C:\\Users\\nlafn\\Documents\\GitHub\\ReefPassages\\data\\data_for_transects\\profile_from_transects_tahiti.geojson" }, "geometry": { "type": "Point", "coordinates": [ -149.124045470498658, -17.773930332043651 ] } },
{ "type": "Feature", "properties": { "LINE_ID": 402, "ID": 428, "DIST": 0.000725459, "DIST_SURF": 29.405277261999998, "X": -149.12390954, "Y": -17.774130332, "Z": -34.368610382, "layer": "profile_from_transects_tahiti", "path": "C:\\Users\\nlafn\\Documents\\GitHub\\ReefPassages\\data\\data_for_transects\\profile_from_transects_tahiti.geojson" }, "geometry": { "type": "Point", "coordinates": [ -149.12390954129512, -17.774130332043651 ] } },
{ "type": "Feature", "properties": { "LINE_ID": 402, "ID": 429, "DIST": 0.0009672786, "DIST_SURF": 51.717498790999997, "X": -149.12377361, "Y": -17.774330332000002, "Z": -56.680831908999998, "layer": "profile_from_transects_tahiti", "path": "C:\\Users\\nlafn\\Documents\\GitHub\\ReefPassages\\data\\data_for_transects\\profile_from_transects_tahiti.geojson" }, "geometry": { "type": "Point", "coordinates": [ -149.123773612091583, -17.77433033204365 ] } },
{ "type": "Feature", "properties": { "LINE_ID": 402, "ID": 430, "DIST": 0.0012090983, "DIST_SURF": 53.720275905000001, "X": -149.12363768, "Y": -17.774530332000001, "Z": -58.683609009000001, "layer": "profile_from_transects_tahiti", "path": "C:\\Users\\nlafn\\Documents\\GitHub\\ReefPassages\\data\\data_for_transects\\profile_from_transects_tahiti.geojson" }, "geometry": { "type": "Point", "coordinates": [ -149.123637682888045, -17.77453033204365 ] } },
{ "type": "Feature", "properties": { "LINE_ID": 402, "ID": 431, "DIST": 0.001450918, "DIST_SURF": 63.234439879, "X": -149.12350175, "Y": -17.774730332000001, "Z": -49.169445038, "layer": "profile_from_transects_tahiti", "path": "C:\\Users\\nlafn\\Documents\\GitHub\\ReefPassages\\data\\data_for_transects\\profile_from_transects_tahiti.geojson" }, "geometry": { "type": "Point", "coordinates": [ -149.123501753684508, -17.774730332043649 ] } },
{ "type": "Feature", "properties": { "LINE_ID": 402, "ID": 432, "DIST": 0.0016927376, "DIST_SURF": 78.15443805, "X": -149.12336582, "Y": -17.774930332, "Z": -34.249446869000003, "layer": "profile_from_transects_tahiti", "path": "C:\\Users\\nlafn\\Documents\\GitHub\\ReefPassages\\data\\data_for_transects\\profile_from_transects_tahiti.geojson" }, "geometry": { "type": "Point", "coordinates": [ -149.12336582448097, -17.774930332043649 ] } },
{ "type": "Feature", "properties": { "LINE_ID": 402, "ID": 433, "DIST": 0.0019345573, "DIST_SURF": 92.803329500999993, "X": -149.1232299, "Y": -17.775130332, "Z": -19.60055542, "layer": "profile_from_transects_tahiti", "path": "C:\\Users\\nlafn\\Documents\\GitHub\\ReefPassages\\data\\data_for_transects\\profile_from_transects_tahiti.geojson" }, "geometry": { "type": "Point", "coordinates": [ -149.123229895277433, -17.775130332043648 ] } },
{ "type": "Feature", "properties": { "LINE_ID": 402, "ID": 434, "DIST": 0.0021763769, "DIST_SURF": 109.46360711, "X": -149.12309397000001, "Y": -17.775330332, "Z": -2.9402778149, "layer": "profile_from_transects_tahiti", "path": "C:\\Users\\nlafn\\Documents\\GitHub\\ReefPassages\\data\\data_for_transects\\profile_from_transects_tahiti.geojson" }, "geometry": { "type": "Point", "coordinates": [ -149.123093966073895, -17.775330332043648 ] } },
{ "type": "Feature", "properties": { "LINE_ID": 401, "ID": 435, "DIST": 0.0, "DIST_SURF": 0.0, "X": -149.12026888, "Y": -17.821988242, "Z": -10.224444389, "layer": "profile_from_transects_tahiti", "path": "C:\\Users\\nlafn\\Documents\\GitHub\\ReefPassages\\data\\data_for_transects\\profile_from_transects_tahiti.geojson" }, "geometry": { "type": "Point", "coordinates": [ -149.120268878975708, -17.821988241799851 ] } },
{ "type": "Feature", "properties": { "LINE_ID": 401, "ID": 436, "DIST": 0.0002001189, "DIST_SURF": 6.4636106522, "X": -149.12027578, "Y": -17.822188242, "Z": -16.688055038000002, "layer": "profile_from_transects_tahiti", "path": "C:\\Users\\nlafn\\Documents\\GitHub\\ReefPassages\\data\\data_for_transects\\profile_from_transects_tahiti.geojson" }, "geometry": { "type": "Point", "coordinates": [ -149.120275775527432, -17.82218824179985 ] } },
{ "type": "Feature", "properties": { "LINE_ID": 401, "ID": 437, "DIST": 0.0004002377, "DIST_SURF": 17.512778287, "X": -149.12028267, "Y": -17.822388242, "Z": -27.737222672000001, "layer": "profile_from_transects_tahiti", "path": "C:\\Users\\nlafn\\Documents\\GitHub\\ReefPassages\\data\\data_for_transects\\profile_from_transects_tahiti.geojson" }, "geometry": { "type": "Point", "coordinates": [ -149.120282672079156, -17.82238824179985 ] } },
{ "type": "Feature", "properties": { "LINE_ID": 401, "ID": 438, "DIST": 0.0006003566, "DIST_SURF": 31.661946303000001, "X": -149.12028957000001, "Y": -17.822588241999998, "Z": -41.886390686, "layer": "profile_from_transects_tahiti", "path": "C:\\Users\\nlafn\\Documents\\GitHub\\ReefPassages\\data\\data_for_transects\\profile_from_transects_tahiti.geojson" }, "geometry": { "type": "Point", "coordinates": [ -149.120289568630881, -17.822588241799849 ] } },
{ "type": "Feature", "properties": { "LINE_ID": 401, "ID": 439, "DIST": 0.0008004755, "DIST_SURF": 38.995835313000001, "X": -149.12029647, "Y": -17.822788242000001, "Z": -49.220279693999998, "layer": "profile_from_transects_tahiti", "path": "C:\\Users\\nlafn\\Documents\\GitHub\\ReefPassages\\data\\data_for_transects\\profile_from_transects_tahiti.geojson" }, "geometry": { "type": "Point", "coordinates": [ -149.120296465182605, -17.822788241799849 ] } },
{ "type": "Feature", "properties": { "LINE_ID": 401, "ID": 440, "DIST": 0.0010005944, "DIST_SURF": 53.433335315000001, "X": -149.12030336000001, "Y": -17.822988242000001, "Z": -34.782779693999998, "layer": "profile_from_transects_tahiti", "path": "C:\\Users\\nlafn\\Documents\\GitHub\\ReefPassages\\data\\data_for_transects\\profile_from_transects_tahiti.geojson" }, "geometry": { "type": "Point", "coordinates": [ -149.120303361734329, -17.822988241799848 ] } },
{ "type": "Feature", "properties": { "LINE_ID": 401, "ID": 441, "DIST": 0.0012007132, "DIST_SURF": 70.945837986000001, "X": -149.12031026, "Y": -17.823188242000001, "Z": -17.270277022999998, "layer": "profile_from_transects_tahiti", "path": "C:\\Users\\nlafn\\Documents\\GitHub\\ReefPassages\\data\\data_for_transects\\profile_from_transects_tahiti.geojson" }, "geometry": { "type": "Point", "coordinates": [ -149.120310258286054, -17.823188241799848 ] } },
{ "type": "Feature", "properties": { "LINE_ID": 401, "ID": 442, "DIST": 0.0014008321, "DIST_SURF": 78.248892798, "X": -149.12031715000001, "Y": -17.823388242, "Z": -9.9672222136999995, "layer": "profile_from_transects_tahiti", "path": "C:\\Users\\nlafn\\Documents\\GitHub\\ReefPassages\\data\\data_for_transects\\profile_from_transects_tahiti.geojson" }, "geometry": { "type": "Point", "coordinates": [ -149.120317154837778, -17.823388241799847 ] } },
{ "type": "Feature", "properties": { "LINE_ID": 401, "ID": 443, "DIST": 0.001600951, "DIST_SURF": 80.429448628000003, "X": -149.12032405, "Y": -17.823588242, "Z": -7.7866663933, "layer": "profile_from_transects_tahiti", "path": "C:\\Users\\nlafn\\Documents\\GitHub\\ReefPassages\\data\\data_for_transects\\profile_from_transects_tahiti.geojson" }, "geometry": { "type": "Point", "coordinates": [ -149.120324051389503, -17.823588241799847 ] } },
{ "type": "Feature", "properties": { "LINE_ID": 400, "ID": 444, "DIST": 0.0, "DIST_SURF": 0.0, "X": -149.11787919, "Y": -17.843411985, "Z": -9.5708332061999997, "layer": "profile_from_transects_tahiti", "path": "C:\\Users\\nlafn\\Documents\\GitHub\\ReefPassages\\data\\data_for_transects\\profile_from_transects_tahiti.geojson" }, "geometry": { "type": "Point", "coordinates": [ -149.117879192124946, -17.843411984669547 ] } },
{ "type": "Feature", "properties": { "LINE_ID": 400, "ID": 445, "DIST": 0.000200339, "DIST_SURF": 5.8463888202999996, "X": -149.11789084, "Y": -17.843611985, "Z": -15.417222023000001, "layer": "profile_from_transects_tahiti", "path": "C:\\Users\\nlafn\\Documents\\GitHub\\ReefPassages\\data\\data_for_transects\\profile_from_transects_tahiti.geojson" }, "geometry": { "type": "Point", "coordinates": [ -149.117890842610393, -17.843611984669547 ] } },
{ "type": "Feature", "properties": { "LINE_ID": 400, "ID": 446, "DIST": 0.0004006781, "DIST_SURF": 13.311944968000001, "X": -149.11790249000001, "Y": -17.843811985, "Z": -22.882778168000002, "layer": "profile_from_transects_tahiti", "path": "C:\\Users\\nlafn\\Documents\\GitHub\\ReefPassages\\data\\data_for_transects\\profile_from_transects_tahiti.geojson" }, "geometry": { "type": "Point", "coordinates": [ -149.117902493095841, -17.843811984669546 ] } },
{ "type": "Feature", "properties": { "LINE_ID": 400, "ID": 447, "DIST": 0.0006010171, "DIST_SURF": 20.247499475000001, "X": -149.11791414000001, "Y": -17.844011985000002, "Z": -29.818332672, "layer": "profile_from_transects_tahiti", "path": "C:\\Users\\nlafn\\Documents\\GitHub\\ReefPassages\\data\\data_for_transects\\profile_from_transects_tahiti.geojson" }, "geometry": { "type": "Point", "coordinates": [ -149.117914143581288, -17.844011984669546 ] } },
{ "type": "Feature", "properties": { "LINE_ID": 400, "ID": 448, "DIST": 0.0008013562, "DIST_SURF": 24.565553679000001, "X": -149.11792579, "Y": -17.844211985000001, "Z": -34.136386871, "layer": "profile_from_transects_tahiti", "path": "C:\\Users\\nlafn\\Documents\\GitHub\\ReefPassages\\data\\data_for_transects\\profile_from_transects_tahiti.geojson" }, "geometry": { "type": "Point", "coordinates": [ -149.117925794066736, -17.844211984669546 ] } },
{ "type": "Feature", "properties": { "LINE_ID": 400, "ID": 449, "DIST": 0.0010016952, "DIST_SURF": 25.497495686000001, "X": -149.11793744, "Y": -17.844411985000001, "Z": -33.204444885000001, "layer": "profile_from_transects_tahiti", "path": "C:\\Users\\nlafn\\Documents\\GitHub\\ReefPassages\\data\\data_for_transects\\profile_from_transects_tahiti.geojson" }, "geometry": { "type": "Point", "coordinates": [ -149.117937444552183, -17.844411984669545 ] } },
{ "type": "Feature", "properties": { "LINE_ID": 400, "ID": 450, "DIST": 0.0012020343, "DIST_SURF": 29.705274622000001, "X": -149.1179491, "Y": -17.844611985, "Z": -28.996665955000001, "layer": "profile_from_transects_tahiti", "path": "C:\\Users\\nlafn\\Documents\\GitHub\\ReefPassages\\data\\data_for_transects\\profile_from_transects_tahiti.geojson" }, "geometry": { "type": "Point", "coordinates": [ -149.117949095037631, -17.844611984669545 ] } },
{ "type": "Feature", "properties": { "LINE_ID": 400, "ID": 451, "DIST": 0.0014023733, "DIST_SURF": 35.1802731, "X": -149.11796075000001, "Y": -17.844811985, "Z": -23.52166748, "layer": "profile_from_transects_tahiti", "path": "C:\\Users\\nlafn\\Documents\\GitHub\\ReefPassages\\data\\data_for_transects\\profile_from_transects_tahiti.geojson" }, "geometry": { "type": "Point", "coordinates": [ -149.117960745523078, -17.844811984669544 ] } },
{ "type": "Feature", "properties": { "LINE_ID": 400, "ID": 452, "DIST": 0.0016027124, "DIST_SURF": 40.167495775, "X": -149.1179724, "Y": -17.845011985, "Z": -18.534444809, "layer": "profile_from_transects_tahiti", "path": "C:\\Users\\nlafn\\Documents\\GitHub\\ReefPassages\\data\\data_for_transects\\profile_from_transects_tahiti.geojson" }, "geometry": { "type": "Point", "coordinates": [ -149.117972396008525, -17.845011984669544 ] } },
{ "type": "Feature", "properties": { "LINE_ID": 386, "ID": 453, "DIST": 0.0, "DIST_SURF": 0.0, "X": -149.47363206, "Y": -17.78387691, "Z": 0.5705555677, "layer": "profile_from_transects_tahiti", "path": "C:\\Users\\nlafn\\Documents\\GitHub\\ReefPassages\\data\\data_for_transects\\profile_from_transects_tahiti.geojson" }, "geometry": { "type": "Point", "coordinates": [ -149.473632057559314, -17.783876909524498 ] } },
{ "type": "Feature", "properties": { "LINE_ID": 386, "ID": 454, "DIST": 0.0002518524, "DIST_SURF": 0.0330565033, "X": -149.47343206, "Y": -17.784029977, "Z": 0.5375000238, "layer": "profile_from_transects_tahiti", "path": "C:\\Users\\nlafn\\Documents\\GitHub\\ReefPassages\\data\\data_for_transects\\profile_from_transects_tahiti.geojson" }, "geometry": { "type": "Point", "coordinates": [ -149.473432057559307, -17.784029977009162 ] } },
{ "type": "Feature", "properties": { "LINE_ID": 386, "ID": 455, "DIST": 0.0005037049, "DIST_SURF": 0.3080566544, "X": -149.47323206, "Y": -17.784183044, "Z": 0.2624999881, "layer": "profile_from_transects_tahiti", "path": "C:\\Users\\nlafn\\Documents\\GitHub\\ReefPassages\\data\\data_for_transects\\profile_from_transects_tahiti.geojson" }, "geometry": { "type": "Point", "coordinates": [ -149.473232057559301, -17.784183044493826 ] } },
{ "type": "Feature", "properties": { "LINE_ID": 386, "ID": 456, "DIST": 0.0007555573, "DIST_SURF": 0.8322233585, "X": -149.47303206000001, "Y": -17.784336111999998, "Z": -0.2616666555, "layer": "profile_from_transects_tahiti", "path": "C:\\Users\\nlafn\\Documents\\GitHub\\ReefPassages\\data\\data_for_transects\\profile_from_transects_tahiti.geojson" }, "geometry": { "type": "Point", "coordinates": [ -149.473032057559294, -17.78433611197849 ] } },
{ "type": "Feature", "properties": { "LINE_ID": 386, "ID": 457, "DIST": 0.0010074098, "DIST_SURF": 1.4744456336, "X": -149.47283206, "Y": -17.784489179000001, "Z": -0.9038888812, "layer": "profile_from_transects_tahiti", "path": "C:\\Users\\nlafn\\Documents\\GitHub\\ReefPassages\\data\\data_for_transects\\profile_from_transects_tahiti.geojson" }, "geometry": { "type": "Point", "coordinates": [ -149.472832057559287, -17.784489179463154 ] } },
{ "type": "Feature", "properties": { "LINE_ID": 386, "ID": 458, "DIST": 0.0012592622, "DIST_SURF": 2.7463900026000001, "X": -149.47263206, "Y": -17.784642247000001, "Z": -2.1758332253, "layer": "profile_from_transects_tahiti", "path": "C:\\Users\\nlafn\\Documents\\GitHub\\ReefPassages\\data\\data_for_transects\\profile_from_transects_tahiti.geojson" }, "geometry": { "type": "Point", "coordinates": [ -149.472632057559281, -17.784642246947818 ] } },
{ "type": "Feature", "properties": { "LINE_ID": 386, "ID": 459, "DIST": 0.0015111147, "DIST_SURF": 3.4516679673000001, "X": -149.47243206, "Y": -17.784795314, "Z": -2.881111145, "layer": "profile_from_transects_tahiti", "path": "C:\\Users\\nlafn\\Documents\\GitHub\\ReefPassages\\data\\data_for_transects\\profile_from_transects_tahiti.geojson" }, "geometry": { "type": "Point", "coordinates": [ -149.472432057559274, -17.784795314432483 ] } },
{ "type": "Feature", "properties": { "LINE_ID": 386, "ID": 460, "DIST": 0.0017629671, "DIST_SURF": 4.436390137, "X": -149.47223206000001, "Y": -17.784948382, "Z": -3.8658332825000001, "layer": "profile_from_transects_tahiti", "path": "C:\\Users\\nlafn\\Documents\\GitHub\\ReefPassages\\data\\data_for_transects\\profile_from_transects_tahiti.geojson" }, "geometry": { "type": "Point", "coordinates": [ -149.472232057559268, -17.784948381917147 ] } },
{ "type": "Feature", "properties": { "LINE_ID": 386, "ID": 461, "DIST": 0.0020148196, "DIST_SURF": 4.8952792136000003, "X": -149.47203206, "Y": -17.785101449, "Z": -4.32472229, "layer": "profile_from_transects_tahiti", "path": "C:\\Users\\nlafn\\Documents\\GitHub\\ReefPassages\\data\\data_for_transects\\profile_from_transects_tahiti.geojson" }, "geometry": { "type": "Point", "coordinates": [ -149.472032057559261, -17.785101449401811 ] } },
{ "type": "Feature", "properties": { "LINE_ID": 386, "ID": 462, "DIST": 0.002266672, "DIST_SURF": 5.971390083, "X": -149.47183206, "Y": -17.785254516999998, "Z": -5.4008331298999996, "layer": "profile_from_transects_tahiti", "path": "C:\\Users\\nlafn\\Documents\\GitHub\\ReefPassages\\data\\data_for_transects\\profile_from_transects_tahiti.geojson" }, "geometry": { "type": "Point", "coordinates": [ -149.471832057559254, -17.785254516886475 ] } },
{ "type": "Feature", "properties": { "LINE_ID": 386, "ID": 463, "DIST": 0.0025185245, "DIST_SURF": 8.3769455827999995, "X": -149.47163206, "Y": -17.785407584000001, "Z": -2.9952776432000001, "layer": "profile_from_transects_tahiti", "path": "C:\\Users\\nlafn\\Documents\\GitHub\\ReefPassages\\data\\data_for_transects\\profile_from_transects_tahiti.geojson" }, "geometry": { "type": "Point", "coordinates": [ -149.471632057559248, -17.785407584371139 ] } },
{ "type": "Feature", "properties": { "LINE_ID": 386, "ID": 464, "DIST": 0.0027703769, "DIST_SURF": 10.225001082, "X": -149.47143206000001, "Y": -17.785560652000001, "Z": -1.1472221613, "layer": "profile_from_transects_tahiti", "path": "C:\\Users\\nlafn\\Documents\\GitHub\\ReefPassages\\data\\data_for_transects\\profile_from_transects_tahiti.geojson" }, "geometry": { "type": "Point", "coordinates": [ -149.471432057559241, -17.785560651855803 ] } },
{ "type": "Feature", "properties": { "LINE_ID": 386, "ID": 465, "DIST": 0.0030222294, "DIST_SURF": 11.156945501, "X": -149.47123206000001, "Y": -17.785713719, "Z": -0.2152777761, "layer": "profile_from_transects_tahiti", "path": "C:\\Users\\nlafn\\Documents\\GitHub\\ReefPassages\\data\\data_for_transects\\profile_from_transects_tahiti.geojson" }, "geometry": { "type": "Point", "coordinates": [ -149.471232057559234, -17.785713719340468 ] } },
{ "type": "Feature", "properties": { "LINE_ID": 386, "ID": 466, "DIST": 0.0032740818, "DIST_SURF": 11.217223802, "X": -149.47103206, "Y": -17.785866787, "Z": -0.1550000012, "layer": "profile_from_transects_tahiti", "path": "C:\\Users\\nlafn\\Documents\\GitHub\\ReefPassages\\data\\data_for_transects\\profile_from_transects_tahiti.geojson" }, "geometry": { "type": "Point", "coordinates": [ -149.471032057559228, -17.785866786825132 ] } },
{ "type": "Feature", "properties": { "LINE_ID": 386, "ID": 467, "DIST": 0.0035259343, "DIST_SURF": 11.404723975, "X": -149.47083206, "Y": -17.786019854, "Z": 0.0325000025, "layer": "profile_from_transects_tahiti", "path": "C:\\Users\\nlafn\\Documents\\GitHub\\ReefPassages\\data\\data_for_transects\\profile_from_transects_tahiti.geojson" }, "geometry": { "type": "Point", "coordinates": [ -149.470832057559221, -17.786019854309796 ] } },
{ "type": "Feature", "properties": { "LINE_ID": 378, "ID": 468, "DIST": 0.0, "DIST_SURF": 0.0, "X": -149.61931863000001, "Y": -17.60111884, "Z": -0.5055555105, "layer": "profile_from_transects_tahiti", "path": "C:\\Users\\nlafn\\Documents\\GitHub\\ReefPassages\\data\\data_for_transects\\profile_from_transects_tahiti.geojson" }, "geometry": { "type": "Point", "coordinates": [ -149.61931862580596, -17.601118839685277 ] } },
{ "type": "Feature", "properties": { "LINE_ID": 378, "ID": 469, "DIST": 0.0002032224, "DIST_SURF": 5.962500218, "X": -149.61935467000001, "Y": -17.60131884, "Z": -6.4680557251000002, "layer": "profile_from_transects_tahiti", "path": "C:\\Users\\nlafn\\Documents\\GitHub\\ReefPassages\\data\\data_for_transects\\profile_from_transects_tahiti.geojson" }, "geometry": { "type": "Point", "coordinates": [ -149.619354672317598, -17.601318839685277 ] } },
{ "type": "Feature", "properties": { "LINE_ID": 378, "ID": 470, "DIST": 0.0004064448, "DIST_SURF": 14.466110831, "X": -149.61939072000001, "Y": -17.60151884, "Z": -14.971666336, "layer": "profile_from_transects_tahiti", "path": "C:\\Users\\nlafn\\Documents\\GitHub\\ReefPassages\\data\\data_for_transects\\profile_from_transects_tahiti.geojson" }, "geometry": { "type": "Point", "coordinates": [ -149.619390718829237, -17.601518839685276 ] } },
{ "type": "Feature", "properties": { "LINE_ID": 378, "ID": 471, "DIST": 0.0006096673, "DIST_SURF": 18.925554882, "X": -149.61942677, "Y": -17.60171884, "Z": -19.431110382, "layer": "profile_from_transects_tahiti", "path": "C:\\Users\\nlafn\\Documents\\GitHub\\ReefPassages\\data\\data_for_transects\\profile_from_transects_tahiti.geojson" }, "geometry": { "type": "Point", "coordinates": [ -149.619426765340876, -17.601718839685276 ] } },
{ "type": "Feature", "properties": { "LINE_ID": 378, "ID": 472, "DIST": 0.0008128897, "DIST_SURF": 20.332501079, "X": -149.61946281, "Y": -17.60191884, "Z": -20.838056564, "layer": "profile_from_transects_tahiti", "path": "C:\\Users\\nlafn\\Documents\\GitHub\\ReefPassages\\data\\data_for_transects\\profile_from_transects_tahiti.geojson" }, "geometry": { "type": "Point", "coordinates": [ -149.619462811852515, -17.601918839685275 ] } },
{ "type": "Feature", "properties": { "LINE_ID": 378, "ID": 473, "DIST": 0.0010161121, "DIST_SURF": 21.356390641000001, "X": -149.61949886, "Y": -17.60211884, "Z": -19.814167023, "layer": "profile_from_transects_tahiti", "path": "C:\\Users\\nlafn\\Documents\\GitHub\\ReefPassages\\data\\data_for_transects\\profile_from_transects_tahiti.geojson" }, "geometry": { "type": "Point", "coordinates": [ -149.619498858364153, -17.602118839685275 ] } },
{ "type": "Feature", "properties": { "LINE_ID": 378, "ID": 474, "DIST": 0.0012193345, "DIST_SURF": 30.622779536, "X": -149.6195349, "Y": -17.60231884, "Z": -10.54777813, "layer": "profile_from_transects_tahiti", "path": "C:\\Users\\nlafn\\Documents\\GitHub\\ReefPassages\\data\\data_for_transects\\profile_from_transects_tahiti.geojson" }, "geometry": { "type": "Point", "coordinates": [ -149.619534904875792, -17.602318839685275 ] } },
{ "type": "Feature", "properties": { "LINE_ID": 378, "ID": 475, "DIST": 0.0014225569, "DIST_SURF": 37.898613146000002, "X": -149.61957095, "Y": -17.60251884, "Z": -3.2719445229000002, "layer": "profile_from_transects_tahiti", "path": "C:\\Users\\nlafn\\Documents\\GitHub\\ReefPassages\\data\\data_for_transects\\profile_from_transects_tahiti.geojson" }, "geometry": { "type": "Point", "coordinates": [ -149.619570951387431, -17.602518839685274 ] } },
{ "type": "Feature", "properties": { "LINE_ID": 379, "ID": 476, "DIST": 0.0, "DIST_SURF": 0.0, "X": -149.61805722, "Y": -17.619314024000001, "Z": -5.4319443703000001, "layer": "profile_from_transects_tahiti", "path": "C:\\Users\\nlafn\\Documents\\GitHub\\ReefPassages\\data\\data_for_transects\\profile_from_transects_tahiti.geojson" }, "geometry": { "type": "Point", "coordinates": [ -149.618057215233506, -17.619314023957227 ] } },
{ "type": "Feature", "properties": { "LINE_ID": 379, "ID": 477, "DIST": 2.80955e-05, "DIST_SURF": 4.5566665531000003, "X": -149.61807366, "Y": -17.619291248, "Z": -0.8752778173, "layer": "profile_from_transects_tahiti", "path": "C:\\Users\\nlafn\\Documents\\GitHub\\ReefPassages\\data\\data_for_transects\\profile_from_transects_tahiti.geojson" }, "geometry": { "type": "Point", "coordinates": [ -149.618073664889721, -17.619291247510176 ] } },
{ "type": "Feature", "properties": { "LINE_ID": 379, "ID": 478, "DIST": 0.0002660128, "DIST_SURF": 9.1133331122999994, "X": -149.61794481000001, "Y": -17.619491248, "Z": -5.4319443703000001, "layer": "profile_from_transects_tahiti", "path": "C:\\Users\\nlafn\\Documents\\GitHub\\ReefPassages\\data\\data_for_transects\\profile_from_transects_tahiti.geojson" }, "geometry": { "type": "Point", "coordinates": [ -149.617944805829325, -17.619491247510176 ] } },
{ "type": "Feature", "properties": { "LINE_ID": 379, "ID": 479, "DIST": 0.0005039302, "DIST_SURF": 11.624721902, "X": -149.61781595, "Y": -17.619691248, "Z": -7.943333149, "layer": "profile_from_transects_tahiti", "path": "C:\\Users\\nlafn\\Documents\\GitHub\\ReefPassages\\data\\data_for_transects\\profile_from_transects_tahiti.geojson" }, "geometry": { "type": "Point", "coordinates": [ -149.617815946768928, -17.619691247510175 ] } },
{ "type": "Feature", "properties": { "LINE_ID": 382, "ID": 480, "DIST": 0.0, "DIST_SURF": 0.0, "X": -149.5895607, "Y": -17.689615365000002, "Z": 0.1649999917, "layer": "profile_from_transects_tahiti", "path": "C:\\Users\\nlafn\\Documents\\GitHub\\ReefPassages\\data\\data_for_transects\\profile_from_transects_tahiti.geojson" }, "geometry": { "type": "Point", "coordinates": [ -149.589560704081578, -17.689615365008457 ] } },
{ "type": "Feature", "properties": { "LINE_ID": 382, "ID": 481, "DIST": 0.0002348094, "DIST_SURF": 0.4008334073, "X": -149.58943768, "Y": -17.689815365000001, "Z": 0.5658333302, "layer": "profile_from_transects_tahiti", "path": "C:\\Users\\nlafn\\Documents\\GitHub\\ReefPassages\\data\\data_for_transects\\profile_from_transects_tahiti.geojson" }, "geometry": { "type": "Point", "coordinates": [ -149.589437677765801, -17.689815365008457 ] } },
{ "type": "Feature", "properties": { "LINE_ID": 382, "ID": 482, "DIST": 0.0004696189, "DIST_SURF": 0.7177779146, "X": -149.58931465000001, "Y": -17.690015365000001, "Z": 0.8827777505, "layer": "profile_from_transects_tahiti", "path": "C:\\Users\\nlafn\\Documents\\GitHub\\ReefPassages\\data\\data_for_transects\\profile_from_transects_tahiti.geojson" }, "geometry": { "type": "Point", "coordinates": [ -149.589314651450024, -17.690015365008456 ] } },
{ "type": "Feature", "properties": { "LINE_ID": 382, "ID": 483, "DIST": 0.0007044283, "DIST_SURF": 6.4925000783, "X": -149.58919163, "Y": -17.690215365, "Z": -4.8919444083999997, "layer": "profile_from_transects_tahiti", "path": "C:\\Users\\nlafn\\Documents\\GitHub\\ReefPassages\\data\\data_for_transects\\profile_from_transects_tahiti.geojson" }, "geometry": { "type": "Point", "coordinates": [ -149.589191625134248, -17.690215365008456 ] } },
{ "type": "Feature", "properties": { "LINE_ID": 382, "ID": 484, "DIST": 0.0009392378, "DIST_SURF": 33.432222617000001, "X": -149.5890686, "Y": -17.690415365, "Z": -31.831666946, "layer": "profile_from_transects_tahiti", "path": "C:\\Users\\nlafn\\Documents\\GitHub\\ReefPassages\\data\\data_for_transects\\profile_from_transects_tahiti.geojson" }, "geometry": { "type": "Point", "coordinates": [ -149.589068598818471, -17.690415365008455 ] } },
{ "type": "Feature", "properties": { "LINE_ID": 382, "ID": 485, "DIST": 0.0011740472, "DIST_SURF": 45.459999338000003, "X": -149.58894557, "Y": -17.690615365, "Z": -43.859443665000001, "layer": "profile_from_transects_tahiti", "path": "C:\\Users\\nlafn\\Documents\\GitHub\\ReefPassages\\data\\data_for_transects\\profile_from_transects_tahiti.geojson" }, "geometry": { "type": "Point", "coordinates": [ -149.588945572502695, -17.690615365008455 ] } },
{ "type": "Feature", "properties": { "LINE_ID": 382, "ID": 486, "DIST": 0.0014088567, "DIST_SURF": 50.234722396000002, "X": -149.58882255, "Y": -17.690815365, "Z": -48.634166718000003, "layer": "profile_from_transects_tahiti", "path": "C:\\Users\\nlafn\\Documents\\GitHub\\ReefPassages\\data\\data_for_transects\\profile_from_transects_tahiti.geojson" }, "geometry": { "type": "Point", "coordinates": [ -149.588822546186918, -17.690815365008454 ] } },
{ "type": "Feature", "properties": { "LINE_ID": 382, "ID": 487, "DIST": 0.0016436661, "DIST_SURF": 53.706112175000001, "X": -149.58869952000001, "Y": -17.691015364999998, "Z": -45.162776946999998, "layer": "profile_from_transects_tahiti", "path": "C:\\Users\\nlafn\\Documents\\GitHub\\ReefPassages\\data\\data_for_transects\\profile_from_transects_tahiti.geojson" }, "geometry": { "type": "Point", "coordinates": [ -149.588699519871142, -17.691015365008454 ] } },
{ "type": "Feature", "properties": { "LINE_ID": 382, "ID": 488, "DIST": 0.0018784755, "DIST_SURF": 54.4394458, "X": -149.58857649000001, "Y": -17.691215365000001, "Z": -45.896110534999998, "layer": "profile_from_transects_tahiti", "path": "C:\\Users\\nlafn\\Documents\\GitHub\\ReefPassages\\data\\data_for_transects\\profile_from_transects_tahiti.geojson" }, "geometry": { "type": "Point", "coordinates": [ -149.588576493555365, -17.691215365008453 ] } },
{ "type": "Feature", "properties": { "LINE_ID": 382, "ID": 489, "DIST": 0.002113285, "DIST_SURF": 64.076946566000004, "X": -149.58845347, "Y": -17.691415365000001, "Z": -36.258609772, "layer": "profile_from_transects_tahiti", "path": "C:\\Users\\nlafn\\Documents\\GitHub\\ReefPassages\\data\\data_for_transects\\profile_from_transects_tahiti.geojson" }, "geometry": { "type": "Point", "coordinates": [ -149.588453467239589, -17.691415365008453 ] } },
{ "type": "Feature", "properties": { "LINE_ID": 382, "ID": 490, "DIST": 0.0023480944, "DIST_SURF": 65.278057429, "X": -149.58833044, "Y": -17.691615365000001, "Z": -37.459720611999998, "layer": "profile_from_transects_tahiti", "path": "C:\\Users\\nlafn\\Documents\\GitHub\\ReefPassages\\data\\data_for_transects\\profile_from_transects_tahiti.geojson" }, "geometry": { "type": "Point", "coordinates": [ -149.588330440923812, -17.691615365008452 ] } },
{ "type": "Feature", "properties": { "LINE_ID": 382, "ID": 491, "DIST": 0.0025829039, "DIST_SURF": 70.522220946999994, "X": -149.58820741, "Y": -17.691815365, "Z": -32.215557097999998, "layer": "profile_from_transects_tahiti", "path": "C:\\Users\\nlafn\\Documents\\GitHub\\ReefPassages\\data\\data_for_transects\\profile_from_transects_tahiti.geojson" }, "geometry": { "type": "Point", "coordinates": [ -149.588207414608036, -17.691815365008452 ] } },
{ "type": "Feature", "properties": { "LINE_ID": 382, "ID": 492, "DIST": 0.0028177133, "DIST_SURF": 72.698610654000007, "X": -149.58808439000001, "Y": -17.692015365, "Z": -30.039167404000001, "layer": "profile_from_transects_tahiti", "path": "C:\\Users\\nlafn\\Documents\\GitHub\\ReefPassages\\data\\data_for_transects\\profile_from_transects_tahiti.geojson" }, "geometry": { "type": "Point", "coordinates": [ -149.588084388292259, -17.692015365008452 ] } },
{ "type": "Feature", "properties": { "LINE_ID": 382, "ID": 493, "DIST": 0.0030525228, "DIST_SURF": 78.149999972000003, "X": -149.58796136000001, "Y": -17.692215365, "Z": -24.587778091000001, "layer": "profile_from_transects_tahiti", "path": "C:\\Users\\nlafn\\Documents\\GitHub\\ReefPassages\\data\\data_for_transects\\profile_from_transects_tahiti.geojson" }, "geometry": { "type": "Point", "coordinates": [ -149.587961361976483, -17.692215365008451 ] } },
{ "type": "Feature", "properties": { "LINE_ID": 382, "ID": 494, "DIST": 0.0032873322, "DIST_SURF": 98.690555927000005, "X": -149.58783834, "Y": -17.692415365, "Z": -4.0472221375000004, "layer": "profile_from_transects_tahiti", "path": "C:\\Users\\nlafn\\Documents\\GitHub\\ReefPassages\\data\\data_for_transects\\profile_from_transects_tahiti.geojson" }, "geometry": { "type": "Point", "coordinates": [ -149.587838335660706, -17.692415365008451 ] } },
{ "type": "Feature", "properties": { "LINE_ID": 382, "ID": 495, "DIST": 0.0035221416, "DIST_SURF": 103.49666697000001, "X": -149.58771531, "Y": -17.692615365000002, "Z": 0.7588889003, "layer": "profile_from_transects_tahiti", "path": "C:\\Users\\nlafn\\Documents\\GitHub\\ReefPassages\\data\\data_for_transects\\profile_from_transects_tahiti.geojson" }, "geometry": { "type": "Point", "coordinates": [ -149.587715309344929, -17.69261536500845 ] } },
{ "type": "Feature", "properties": { "LINE_ID": 381, "ID": 496, "DIST": 0.0, "DIST_SURF": 0.0, "X": -149.59641121000001, "Y": -17.674210031000001, "Z": -2.5908334255000001, "layer": "profile_from_transects_tahiti", "path": "C:\\Users\\nlafn\\Documents\\GitHub\\ReefPassages\\data\\data_for_transects\\profile_from_transects_tahiti.geojson" }, "geometry": { "type": "Point", "coordinates": [ -149.596411209987423, -17.674210031074043 ] } },
{ "type": "Feature", "properties": { "LINE_ID": 381, "ID": 497, "DIST": 0.0002043129, "DIST_SURF": 6.15972257, "X": -149.59636945, "Y": -17.674410031000001, "Z": -8.7505559921000007, "layer": "profile_from_transects_tahiti", "path": "C:\\Users\\nlafn\\Documents\\GitHub\\ReefPassages\\data\\data_for_transects\\profile_from_transects_tahiti.geojson" }, "geometry": { "type": "Point", "coordinates": [ -149.596369451745659, -17.674410031074043 ] } },
{ "type": "Feature", "properties": { "LINE_ID": 381, "ID": 498, "DIST": 0.0004086257, "DIST_SURF": 6.3908341868000003, "X": -149.59632769000001, "Y": -17.674610031, "Z": -8.5194444655999995, "layer": "profile_from_transects_tahiti", "path": "C:\\Users\\nlafn\\Documents\\GitHub\\ReefPassages\\data\\data_for_transects\\profile_from_transects_tahiti.geojson" }, "geometry": { "type": "Point", "coordinates": [ -149.596327693503895, -17.674610031074042 ] } },
{ "type": "Feature", "properties": { "LINE_ID": 383, "ID": 499, "DIST": 0.0, "DIST_SURF": 0.0, "X": -149.58147828, "Y": -17.748476296, "Z": -0.1583333314, "layer": "profile_from_transects_tahiti", "path": "C:\\Users\\nlafn\\Documents\\GitHub\\ReefPassages\\data\\data_for_transects\\profile_from_transects_tahiti.geojson" }, "geometry": { "type": "Point", "coordinates": [ -149.581478277359793, -17.748476295952528 ] } },
{ "type": "Feature", "properties": { "LINE_ID": 383, "ID": 500, "DIST": 0.0002304918, "DIST_SURF": 0.8350000402, "X": -149.58127828, "Y": -17.748590867000001, "Z": -0.9933333397, "layer": "profile_from_transects_tahiti", "path": "C:\\Users\\nlafn\\Documents\\GitHub\\ReefPassages\\data\\data_for_transects\\profile_from_transects_tahiti.geojson" }, "geometry": { "type": "Point", "coordinates": [ -149.581278277359786, -17.748590866810812 ] } },
{ "type": "Feature", "properties": { "LINE_ID": 383, "ID": 501, "DIST": 0.0004609837, "DIST_SURF": 6.753055579, "X": -149.58107828000001, "Y": -17.748705437999998, "Z": -6.9113888741, "layer": "profile_from_transects_tahiti", "path": "C:\\Users\\nlafn\\Documents\\GitHub\\ReefPassages\\data\\data_for_transects\\profile_from_transects_tahiti.geojson" }, "geometry": { "type": "Point", "coordinates": [ -149.581078277359779, -17.748705437669095 ] } },
{ "type": "Feature", "properties": { "LINE_ID": 383, "ID": 502, "DIST": 0.0006914755, "DIST_SURF": 18.434722432000001, "X": -149.58087828000001, "Y": -17.748820009, "Z": -18.593055725, "layer": "profile_from_transects_tahiti", "path": "C:\\Users\\nlafn\\Documents\\GitHub\\ReefPassages\\data\\data_for_transects\\profile_from_transects_tahiti.geojson" }, "geometry": { "type": "Point", "coordinates": [ -149.580878277359773, -17.748820008527378 ] } },
{ "type": "Feature", "properties": { "LINE_ID": 383, "ID": 503, "DIST": 0.0009219673, "DIST_SURF": 35.194167624000002, "X": -149.58067828, "Y": -17.748934579, "Z": -35.352500915999997, "layer": "profile_from_transects_tahiti", "path": "C:\\Users\\nlafn\\Documents\\GitHub\\ReefPassages\\data\\data_for_transects\\profile_from_transects_tahiti.geojson" }, "geometry": { "type": "Point", "coordinates": [ -149.580678277359766, -17.748934579385661 ] } },
{ "type": "Feature", "properties": { "LINE_ID": 383, "ID": 504, "DIST": 0.0011524591, "DIST_SURF": 36.823054817, "X": -149.58047828, "Y": -17.74904915, "Z": -36.981388092000003, "layer": "profile_from_transects_tahiti", "path": "C:\\Users\\nlafn\\Documents\\GitHub\\ReefPassages\\data\\data_for_transects\\profile_from_transects_tahiti.geojson" }, "geometry": { "type": "Point", "coordinates": [ -149.580478277359759, -17.749049150243945 ] } },
{ "type": "Feature", "properties": { "LINE_ID": 383, "ID": 505, "DIST": 0.001382951, "DIST_SURF": 52.336108713000002, "X": -149.58027828, "Y": -17.749163721, "Z": -21.468334198000001, "layer": "profile_from_transects_tahiti", "path": "C:\\Users\\nlafn\\Documents\\GitHub\\ReefPassages\\data\\data_for_transects\\profile_from_transects_tahiti.geojson" }, "geometry": { "type": "Point", "coordinates": [ -149.580278277359753, -17.749163721102228 ] } },
{ "type": "Feature", "properties": { "LINE_ID": 383, "ID": 506, "DIST": 0.0016134428, "DIST_SURF": 64.614720852000005, "X": -149.58007828000001, "Y": -17.749278292, "Z": -9.1897220611999995, "layer": "profile_from_transects_tahiti", "path": "C:\\Users\\nlafn\\Documents\\GitHub\\ReefPassages\\data\\data_for_transects\\profile_from_transects_tahiti.geojson" }, "geometry": { "type": "Point", "coordinates": [ -149.580078277359746, -17.749278291960511 ] } },
{ "type": "Feature", "properties": { "LINE_ID": 383, "ID": 507, "DIST": 0.0018439346, "DIST_SURF": 68.985276259000003, "X": -149.57987828, "Y": -17.749392863000001, "Z": -4.8191666602999996, "layer": "profile_from_transects_tahiti", "path": "C:\\Users\\nlafn\\Documents\\GitHub\\ReefPassages\\data\\data_for_transects\\profile_from_transects_tahiti.geojson" }, "geometry": { "type": "Point", "coordinates": [ -149.57987827735974, -17.749392862818794 ] } },
{ "type": "Feature", "properties": { "LINE_ID": 383, "ID": 508, "DIST": 0.0020744264, "DIST_SURF": 70.024442973000006, "X": -149.57967828, "Y": -17.749507434000002, "Z": -3.7799999714000001, "layer": "profile_from_transects_tahiti", "path": "C:\\Users\\nlafn\\Documents\\GitHub\\ReefPassages\\data\\data_for_transects\\profile_from_transects_tahiti.geojson" }, "geometry": { "type": "Point", "coordinates": [ -149.579678277359733, -17.749507433677078 ] } },
{ "type": "Feature", "properties": { "LINE_ID": 383, "ID": 509, "DIST": 0.0023049183, "DIST_SURF": 71.593331892999998, "X": -149.57947828, "Y": -17.749622005, "Z": -2.2111110687000002, "layer": "profile_from_transects_tahiti", "path": "C:\\Users\\nlafn\\Documents\\GitHub\\ReefPassages\\data\\data_for_transects\\profile_from_transects_tahiti.geojson" }, "geometry": { "type": "Point", "coordinates": [ -149.579478277359726, -17.749622004535361 ] } },
{ "type": "Feature", "properties": { "LINE_ID": 383, "ID": 510, "DIST": 0.0025354101, "DIST_SURF": 73.294998502, "X": -149.57927828000001, "Y": -17.749736575, "Z": -0.5094444752, "layer": "profile_from_transects_tahiti", "path": "C:\\Users\\nlafn\\Documents\\GitHub\\ReefPassages\\data\\data_for_transects\\profile_from_transects_tahiti.geojson" }, "geometry": { "type": "Point", "coordinates": [ -149.57927827735972, -17.749736575393644 ] } },
{ "type": "Feature", "properties": { "LINE_ID": 383, "ID": 511, "DIST": 0.0027659019, "DIST_SURF": 73.944998564000002, "X": -149.57907828, "Y": -17.749851146000001, "Z": 0.1405555457, "layer": "profile_from_transects_tahiti", "path": "C:\\Users\\nlafn\\Documents\\GitHub\\ReefPassages\\data\\data_for_transects\\profile_from_transects_tahiti.geojson" }, "geometry": { "type": "Point", "coordinates": [ -149.579078277359713, -17.749851146251928 ] } },
{ "type": "Feature", "properties": { "LINE_ID": 384, "ID": 512, "DIST": 0.0, "DIST_SURF": 0.0, "X": -149.56110003000001, "Y": -17.759179434, "Z": -4.3555555343999997, "layer": "profile_from_transects_tahiti", "path": "C:\\Users\\nlafn\\Documents\\GitHub\\ReefPassages\\data\\data_for_transects\\profile_from_transects_tahiti.geojson" }, "geometry": { "type": "Point", "coordinates": [ -149.561100028532536, -17.759179434346262 ] } },
{ "type": "Feature", "properties": { "LINE_ID": 384, "ID": 513, "DIST": 0.0002003408, "DIST_SURF": 1.0477776719, "X": -149.56090003, "Y": -17.759191116, "Z": -5.4033331871000003, "layer": "profile_from_transects_tahiti", "path": "C:\\Users\\nlafn\\Documents\\GitHub\\ReefPassages\\data\\data_for_transects\\profile_from_transects_tahiti.geojson" }, "geometry": { "type": "Point", "coordinates": [ -149.560900028532529, -17.759191115762192 ] } },
{ "type": "Feature", "properties": { "LINE_ID": 384, "ID": 514, "DIST": 0.0004006817, "DIST_SURF": 2.7630558322000001, "X": -149.56070003, "Y": -17.759202797, "Z": -7.1186113357999998, "layer": "profile_from_transects_tahiti", "path": "C:\\Users\\nlafn\\Documents\\GitHub\\ReefPassages\\data\\data_for_transects\\profile_from_transects_tahiti.geojson" }, "geometry": { "type": "Point", "coordinates": [ -149.560700028532523, -17.759202797178123 ] } },
{ "type": "Feature", "properties": { "LINE_ID": 384, "ID": 515, "DIST": 0.0006010225, "DIST_SURF": 5.0611105361000002, "X": -149.56050003, "Y": -17.759214479000001, "Z": -9.4166660309000001, "layer": "profile_from_transects_tahiti", "path": "C:\\Users\\nlafn\\Documents\\GitHub\\ReefPassages\\data\\data_for_transects\\profile_from_transects_tahiti.geojson" }, "geometry": { "type": "Point", "coordinates": [ -149.560500028532516, -17.759214478594053 ] } },
{ "type": "Feature", "properties": { "LINE_ID": 384, "ID": 516, "DIST": 0.0008013634, "DIST_SURF": 5.1072220782000004, "X": -149.56030003000001, "Y": -17.75922616, "Z": -9.370554924, "layer": "profile_from_transects_tahiti", "path": "C:\\Users\\nlafn\\Documents\\GitHub\\ReefPassages\\data\\data_for_transects\\profile_from_transects_tahiti.geojson" }, "geometry": { "type": "Point", "coordinates": [ -149.560300028532509, -17.759226160009984 ] } },
{ "type": "Feature", "properties": { "LINE_ID": 384, "ID": 517, "DIST": 0.0010017042, "DIST_SURF": 11.578610421, "X": -149.56010003, "Y": -17.759237841000001, "Z": -2.899166584, "layer": "profile_from_transects_tahiti", "path": "C:\\Users\\nlafn\\Documents\\GitHub\\ReefPassages\\data\\data_for_transects\\profile_from_transects_tahiti.geojson" }, "geometry": { "type": "Point", "coordinates": [ -149.560100028532503, -17.759237841425914 ] } },
{ "type": "Feature", "properties": { "LINE_ID": 384, "ID": 518, "DIST": 0.0012020451, "DIST_SURF": 14.238610351, "X": -149.55990003, "Y": -17.759249523000001, "Z": -0.2391666621, "layer": "profile_from_transects_tahiti", "path": "C:\\Users\\nlafn\\Documents\\GitHub\\ReefPassages\\data\\data_for_transects\\profile_from_transects_tahiti.geojson" }, "geometry": { "type": "Point", "coordinates": [ -149.559900028532496, -17.759249522841845 ] } },
{ "type": "Feature", "properties": { "LINE_ID": 384, "ID": 519, "DIST": 0.0014023859, "DIST_SURF": 14.844443691, "X": -149.55970003, "Y": -17.759261204000001, "Z": -0.844999969, "layer": "profile_from_transects_tahiti", "path": "C:\\Users\\nlafn\\Documents\\GitHub\\ReefPassages\\data\\data_for_transects\\profile_from_transects_tahiti.geojson" }, "geometry": { "type": "Point", "coordinates": [ -149.55970002853249, -17.759261204257776 ] } },
{ "type": "Feature", "properties": { "LINE_ID": 385, "ID": 520, "DIST": 0.0, "DIST_SURF": 0.0, "X": -149.52503929, "Y": -17.765695764, "Z": 0.2477777749, "layer": "profile_from_transects_tahiti", "path": "C:\\Users\\nlafn\\Documents\\GitHub\\ReefPassages\\data\\data_for_transects\\profile_from_transects_tahiti.geojson" }, "geometry": { "type": "Point", "coordinates": [ -149.525039289134895, -17.765695764286232 ] } },
{ "type": "Feature", "properties": { "LINE_ID": 385, "ID": 521, "DIST": 0.0002000237, "DIST_SURF": 0.441111163, "X": -149.52483929, "Y": -17.765692683000001, "Z": -0.1933333427, "layer": "profile_from_transects_tahiti", "path": "C:\\Users\\nlafn\\Documents\\GitHub\\ReefPassages\\data\\data_for_transects\\profile_from_transects_tahiti.geojson" }, "geometry": { "type": "Point", "coordinates": [ -149.524839289134889, -17.765692682622134 ] } },
{ "type": "Feature", "properties": { "LINE_ID": 385, "ID": 522, "DIST": 0.0004000475, "DIST_SURF": 2.9233335344000002, "X": -149.52463929000001, "Y": -17.765689600999998, "Z": -2.675555706, "layer": "profile_from_transects_tahiti", "path": "C:\\Users\\nlafn\\Documents\\GitHub\\ReefPassages\\data\\data_for_transects\\profile_from_transects_tahiti.geojson" }, "geometry": { "type": "Point", "coordinates": [ -149.524639289134882, -17.765689600958037 ] } },
{ "type": "Feature", "properties": { "LINE_ID": 385, "ID": 523, "DIST": 0.0006000712, "DIST_SURF": 8.8233336331000007, "X": -149.52443929, "Y": -17.765686519, "Z": -8.5755558014000002, "layer": "profile_from_transects_tahiti", "path": "C:\\Users\\nlafn\\Documents\\GitHub\\ReefPassages\\data\\data_for_transects\\profile_from_transects_tahiti.geojson" }, "geometry": { "type": "Point", "coordinates": [ -149.524439289134875, -17.76568651929394 ] } },
{ "type": "Feature", "properties": { "LINE_ID": 385, "ID": 524, "DIST": 0.000800095, "DIST_SURF": 13.737500088000001, "X": -149.52423929, "Y": -17.765683438, "Z": -13.489722252, "layer": "profile_from_transects_tahiti", "path": "C:\\Users\\nlafn\\Documents\\GitHub\\ReefPassages\\data\\data_for_transects\\profile_from_transects_tahiti.geojson" }, "geometry": { "type": "Point", "coordinates": [ -149.524239289134869, -17.765683437629843 ] } },
{ "type": "Feature", "properties": { "LINE_ID": 385, "ID": 525, "DIST": 0.0010001187, "DIST_SURF": 13.926667216, "X": -149.52403929, "Y": -17.765680356000001, "Z": -13.678889275, "layer": "profile_from_transects_tahiti", "path": "C:\\Users\\nlafn\\Documents\\GitHub\\ReefPassages\\data\\data_for_transects\\profile_from_transects_tahiti.geojson" }, "geometry": { "type": "Point", "coordinates": [ -149.524039289134862, -17.765680355965745 ] } },
{ "type": "Feature", "properties": { "LINE_ID": 385, "ID": 526, "DIST": 0.0012001424, "DIST_SURF": 18.883334167000001, "X": -149.52383929000001, "Y": -17.765677274000002, "Z": -8.7222223282000009, "layer": "profile_from_transects_tahiti", "path": "C:\\Users\\nlafn\\Documents\\GitHub\\ReefPassages\\data\\data_for_transects\\profile_from_transects_tahiti.geojson" }, "geometry": { "type": "Point", "coordinates": [ -149.523839289134855, -17.765677274301648 ] } },
{ "type": "Feature", "properties": { "LINE_ID": 385, "ID": 527, "DIST": 0.0014001662, "DIST_SURF": 25.432223091000001, "X": -149.52363929000001, "Y": -17.765674193, "Z": -2.1733334063999998, "layer": "profile_from_transects_tahiti", "path": "C:\\Users\\nlafn\\Documents\\GitHub\\ReefPassages\\data\\data_for_transects\\profile_from_transects_tahiti.geojson" }, "geometry": { "type": "Point", "coordinates": [ -149.523639289134849, -17.765674192637551 ] } },
{ "type": "Feature", "properties": { "LINE_ID": 385, "ID": 528, "DIST": 0.0016001899, "DIST_SURF": 27.869445402, "X": -149.52343929, "Y": -17.765671111, "Z": 0.2638888955, "layer": "profile_from_transects_tahiti", "path": "C:\\Users\\nlafn\\Documents\\GitHub\\ReefPassages\\data\\data_for_transects\\profile_from_transects_tahiti.geojson" }, "geometry": { "type": "Point", "coordinates": [ -149.523439289134842, -17.765671110973454 ] } },
{ "type": "Feature", "properties": { "LINE_ID": 387, "ID": 529, "DIST": 0.0, "DIST_SURF": 0.0, "X": -149.50306582, "Y": -17.765246319, "Z": -0.6230555773000001, "layer": "profile_from_transects_tahiti", "path": "C:\\Users\\nlafn\\Documents\\GitHub\\ReefPassages\\data\\data_for_transects\\profile_from_transects_tahiti.geojson" }, "geometry": { "type": "Point", "coordinates": [ -149.503065824507274, -17.765246318564706 ] } },
{ "type": "Feature", "properties": { "LINE_ID": 387, "ID": 530, "DIST": 0.0002008547, "DIST_SURF": 2.8158332181, "X": -149.50286582000001, "Y": -17.765227808, "Z": -3.4388887882, "layer": "profile_from_transects_tahiti", "path": "C:\\Users\\nlafn\\Documents\\GitHub\\ReefPassages\\data\\data_for_transects\\profile_from_transects_tahiti.geojson" }, "geometry": { "type": "Point", "coordinates": [ -149.502865824507268, -17.765227808406692 ] } },
{ "type": "Feature", "properties": { "LINE_ID": 387, "ID": 531, "DIST": 0.0004017095, "DIST_SURF": 5.2697223579000001, "X": -149.50266582, "Y": -17.765209297999998, "Z": -5.8927779198000003, "layer": "profile_from_transects_tahiti", "path": "C:\\Users\\nlafn\\Documents\\GitHub\\ReefPassages\\data\\data_for_transects\\profile_from_transects_tahiti.geojson" }, "geometry": { "type": "Point", "coordinates": [ -149.502665824507261, -17.765209298248678 ] } },
{ "type": "Feature", "properties": { "LINE_ID": 387, "ID": 532, "DIST": 0.0006025642, "DIST_SURF": 6.5719446252999996, "X": -149.50246582, "Y": -17.765190788000002, "Z": -4.5905556679000004, "layer": "profile_from_transects_tahiti", "path": "C:\\Users\\nlafn\\Documents\\GitHub\\ReefPassages\\data\\data_for_transects\\profile_from_transects_tahiti.geojson" }, "geometry": { "type": "Point", "coordinates": [ -149.502465824507254, -17.765190788090663 ] } },
{ "type": "Feature", "properties": { "LINE_ID": 387, "ID": 533, "DIST": 0.000803419, "DIST_SURF": 8.4819447215999997, "X": -149.50226582, "Y": -17.765172278000001, "Z": -2.680555582, "layer": "profile_from_transects_tahiti", "path": "C:\\Users\\nlafn\\Documents\\GitHub\\ReefPassages\\data\\data_for_transects\\profile_from_transects_tahiti.geojson" }, "geometry": { "type": "Point", "coordinates": [ -149.502265824507248, -17.765172277932649 ] } },
{ "type": "Feature", "properties": { "LINE_ID": 387, "ID": 534, "DIST": 0.0010042737, "DIST_SURF": 10.15194481, "X": -149.50206582000001, "Y": -17.765153768000001, "Z": -1.0105555058, "layer": "profile_from_transects_tahiti", "path": "C:\\Users\\nlafn\\Documents\\GitHub\\ReefPassages\\data\\data_for_transects\\profile_from_transects_tahiti.geojson" }, "geometry": { "type": "Point", "coordinates": [ -149.502065824507241, -17.765153767774635 ] } },
{ "type": "Feature", "properties": { "LINE_ID": 388, "ID": 535, "DIST": 0.0, "DIST_SURF": 0.0, "X": -149.42704622, "Y": -17.785622386, "Z": -0.8383333087, "layer": "profile_from_transects_tahiti", "path": "C:\\Users\\nlafn\\Documents\\GitHub\\ReefPassages\\data\\data_for_transects\\profile_from_transects_tahiti.geojson" }, "geometry": { "type": "Point", "coordinates": [ -149.427046221193109, -17.78562238554689 ] } },
{ "type": "Feature", "properties": { "LINE_ID": 388, "ID": 536, "DIST": 0.0002043133, "DIST_SURF": 2.0913890104, "X": -149.42684622, "Y": -17.785580625000001, "Z": -2.9297223091000002, "layer": "profile_from_transects_tahiti", "path": "C:\\Users\\nlafn\\Documents\\GitHub\\ReefPassages\\data\\data_for_transects\\profile_from_transects_tahiti.geojson" }, "geometry": { "type": "Point", "coordinates": [ -149.426846221193102, -17.785580625247263 ] } },
{ "type": "Feature", "properties": { "LINE_ID": 388, "ID": 537, "DIST": 0.0004086266, "DIST_SURF": 3.0319443667, "X": -149.42664622000001, "Y": -17.785538865, "Z": -3.8702776432000001, "layer": "profile_from_transects_tahiti", "path": "C:\\Users\\nlafn\\Documents\\GitHub\\ReefPassages\\data\\data_for_transects\\profile_from_transects_tahiti.geojson" }, "geometry": { "type": "Point", "coordinates": [ -149.426646221193096, -17.785538864947636 ] } },
{ "type": "Feature", "properties": { "LINE_ID": 388, "ID": 538, "DIST": 0.0006129399, "DIST_SURF": 7.7238892087000002, "X": -149.42644622, "Y": -17.785497105000001, "Z": -8.5622224807999991, "layer": "profile_from_transects_tahiti", "path": "C:\\Users\\nlafn\\Documents\\GitHub\\ReefPassages\\data\\data_for_transects\\profile_from_transects_tahiti.geojson" }, "geometry": { "type": "Point", "coordinates": [ -149.426446221193089, -17.785497104648009 ] } },
{ "type": "Feature", "properties": { "LINE_ID": 388, "ID": 539, "DIST": 0.0008172532, "DIST_SURF": 10.619444712, "X": -149.42624622, "Y": -17.785455344, "Z": -11.457777977, "layer": "profile_from_transects_tahiti", "path": "C:\\Users\\nlafn\\Documents\\GitHub\\ReefPassages\\data\\data_for_transects\\profile_from_transects_tahiti.geojson" }, "geometry": { "type": "Point", "coordinates": [ -149.426246221193082, -17.785455344348382 ] } },
{ "type": "Feature", "properties": { "LINE_ID": 388, "ID": 540, "DIST": 0.0010215665, "DIST_SURF": 10.631947145, "X": -149.42604622, "Y": -17.785413584, "Z": -11.445277214000001, "layer": "profile_from_transects_tahiti", "path": "C:\\Users\\nlafn\\Documents\\GitHub\\ReefPassages\\data\\data_for_transects\\profile_from_transects_tahiti.geojson" }, "geometry": { "type": "Point", "coordinates": [ -149.426046221193076, -17.785413584048754 ] } },
{ "type": "Feature", "properties": { "LINE_ID": 388, "ID": 541, "DIST": 0.0012258798, "DIST_SURF": 12.054724335, "X": -149.42584622000001, "Y": -17.785371823999998, "Z": -10.022500038, "layer": "profile_from_transects_tahiti", "path": "C:\\Users\\nlafn\\Documents\\GitHub\\ReefPassages\\data\\data_for_transects\\profile_from_transects_tahiti.geojson" }, "geometry": { "type": "Point", "coordinates": [ -149.425846221193069, -17.785371823749127 ] } },
{ "type": "Feature", "properties": { "LINE_ID": 388, "ID": 542, "DIST": 0.0014301931, "DIST_SURF": 13.656946791, "X": -149.42564622, "Y": -17.785330063, "Z": -8.4202775955, "layer": "profile_from_transects_tahiti", "path": "C:\\Users\\nlafn\\Documents\\GitHub\\ReefPassages\\data\\data_for_transects\\profile_from_transects_tahiti.geojson" }, "geometry": { "type": "Point", "coordinates": [ -149.425646221193063, -17.7853300634495 ] } },
{ "type": "Feature", "properties": { "LINE_ID": 388, "ID": 543, "DIST": 0.0016345064, "DIST_SURF": 13.73916903, "X": -149.42544622, "Y": -17.785288303000002, "Z": -8.3380556106999997, "layer": "profile_from_transects_tahiti", "path": "C:\\Users\\nlafn\\Documents\\GitHub\\ReefPassages\\data\\data_for_transects\\profile_from_transects_tahiti.geojson" }, "geometry": { "type": "Point", "coordinates": [ -149.425446221193056, -17.785288303149873 ] } },
{ "type": "Feature", "properties": { "LINE_ID": 388, "ID": 544, "DIST": 0.0018388197, "DIST_SURF": 15.966113962, "X": -149.42524622, "Y": -17.785246543, "Z": -10.565000534, "layer": "profile_from_transects_tahiti", "path": "C:\\Users\\nlafn\\Documents\\GitHub\\ReefPassages\\data\\data_for_transects\\profile_from_transects_tahiti.geojson" }, "geometry": { "type": "Point", "coordinates": [ -149.425246221193049, -17.785246542850246 ] } },
{ "type": "Feature", "properties": { "LINE_ID": 388, "ID": 545, "DIST": 0.002043133, "DIST_SURF": 18.009724545000001, "X": -149.42504622000001, "Y": -17.785204783000001, "Z": -12.608611107, "layer": "profile_from_transects_tahiti", "path": "C:\\Users\\nlafn\\Documents\\GitHub\\ReefPassages\\data\\data_for_transects\\profile_from_transects_tahiti.geojson" }, "geometry": { "type": "Point", "coordinates": [ -149.425046221193043, -17.785204782550618 ] } },
{ "type": "Feature", "properties": { "LINE_ID": 388, "ID": 546, "DIST": 0.0022474462, "DIST_SURF": 19.315002386, "X": -149.42484622000001, "Y": -17.785163022, "Z": -13.913888931000001, "layer": "profile_from_transects_tahiti", "path": "C:\\Users\\nlafn\\Documents\\GitHub\\ReefPassages\\data\\data_for_transects\\profile_from_transects_tahiti.geojson" }, "geometry": { "type": "Point", "coordinates": [ -149.424846221193036, -17.785163022250991 ] } },
{ "type": "Feature", "properties": { "LINE_ID": 388, "ID": 547, "DIST": 0.0024517595, "DIST_SURF": 20.981113391000001, "X": -149.42464622, "Y": -17.785121262000001, "Z": -15.579999924, "layer": "profile_from_transects_tahiti", "path": "C:\\Users\\nlafn\\Documents\\GitHub\\ReefPassages\\data\\data_for_transects\\profile_from_transects_tahiti.geojson" }, "geometry": { "type": "Point", "coordinates": [ -149.424646221193029, -17.785121261951364 ] } },
{ "type": "Feature", "properties": { "LINE_ID": 388, "ID": 548, "DIST": 0.0026560728, "DIST_SURF": 31.780836064, "X": -149.42444622, "Y": -17.785079502, "Z": -26.379722595, "layer": "profile_from_transects_tahiti", "path": "C:\\Users\\nlafn\\Documents\\GitHub\\ReefPassages\\data\\data_for_transects\\profile_from_transects_tahiti.geojson" }, "geometry": { "type": "Point", "coordinates": [ -149.424446221193023, -17.785079501651737 ] } },
{ "type": "Feature", "properties": { "LINE_ID": 388, "ID": 549, "DIST": 0.0028603861, "DIST_SURF": 35.74777981, "X": -149.42424622, "Y": -17.785037741, "Z": -30.346666335999998, "layer": "profile_from_transects_tahiti", "path": "C:\\Users\\nlafn\\Documents\\GitHub\\ReefPassages\\data\\data_for_transects\\profile_from_transects_tahiti.geojson" }, "geometry": { "type": "Point", "coordinates": [ -149.424246221193016, -17.785037741352109 ] } },
{ "type": "Feature", "properties": { "LINE_ID": 388, "ID": 550, "DIST": 0.0030646994, "DIST_SURF": 40.495279281000002, "X": -149.42404622000001, "Y": -17.784995981000002, "Z": -35.094165802, "layer": "profile_from_transects_tahiti", "path": "C:\\Users\\nlafn\\Documents\\GitHub\\ReefPassages\\data\\data_for_transects\\profile_from_transects_tahiti.geojson" }, "geometry": { "type": "Point", "coordinates": [ -149.424046221193009, -17.784995981052482 ] } },
{ "type": "Feature", "properties": { "LINE_ID": 388, "ID": 551, "DIST": 0.0032690127, "DIST_SURF": 45.120836230999998, "X": -149.42384622, "Y": -17.784954221, "Z": -39.719722748000002, "layer": "profile_from_transects_tahiti", "path": "C:\\Users\\nlafn\\Documents\\GitHub\\ReefPassages\\data\\data_for_transects\\profile_from_transects_tahiti.geojson" }, "geometry": { "type": "Point", "coordinates": [ -149.423846221193003, -17.784954220752855 ] } },
{ "type": "Feature", "properties": { "LINE_ID": 388, "ID": 552, "DIST": 0.003473326, "DIST_SURF": 47.370279294, "X": -149.42364622, "Y": -17.78491246, "Z": -41.969165802, "layer": "profile_from_transects_tahiti", "path": "C:\\Users\\nlafn\\Documents\\GitHub\\ReefPassages\\data\\data_for_transects\\profile_from_transects_tahiti.geojson" }, "geometry": { "type": "Point", "coordinates": [ -149.423646221192996, -17.784912460453228 ] } },
{ "type": "Feature", "properties": { "LINE_ID": 388, "ID": 553, "DIST": 0.0036776393, "DIST_SURF": 49.907777777, "X": -149.42344622, "Y": -17.7848707, "Z": -39.431667328000003, "layer": "profile_from_transects_tahiti", "path": "C:\\Users\\nlafn\\Documents\\GitHub\\ReefPassages\\data\\data_for_transects\\profile_from_transects_tahiti.geojson" }, "geometry": { "type": "Point", "coordinates": [ -149.423446221192989, -17.784870700153601 ] } },
{ "type": "Feature", "properties": { "LINE_ID": 388, "ID": 554, "DIST": 0.0038819526, "DIST_SURF": 58.373889916000003, "X": -149.42324622000001, "Y": -17.78482894, "Z": -30.965555191, "layer": "profile_from_transects_tahiti", "path": "C:\\Users\\nlafn\\Documents\\GitHub\\ReefPassages\\data\\data_for_transects\\profile_from_transects_tahiti.geojson" }, "geometry": { "type": "Point", "coordinates": [ -149.423246221192983, -17.784828939853973 ] } },
{ "type": "Feature", "properties": { "LINE_ID": 388, "ID": 555, "DIST": 0.0040862659, "DIST_SURF": 69.693889612999996, "X": -149.42304622, "Y": -17.78478718, "Z": -19.645555496, "layer": "profile_from_transects_tahiti", "path": "C:\\Users\\nlafn\\Documents\\GitHub\\ReefPassages\\data\\data_for_transects\\profile_from_transects_tahiti.geojson" }, "geometry": { "type": "Point", "coordinates": [ -149.423046221192976, -17.784787179554346 ] } },
{ "type": "Feature", "properties": { "LINE_ID": 388, "ID": 556, "DIST": 0.0042905792, "DIST_SURF": 78.028889652999993, "X": -149.42284622, "Y": -17.784745419, "Z": -11.310555458, "layer": "profile_from_transects_tahiti", "path": "C:\\Users\\nlafn\\Documents\\GitHub\\ReefPassages\\data\\data_for_transects\\profile_from_transects_tahiti.geojson" }, "geometry": { "type": "Point", "coordinates": [ -149.42284622119297, -17.784745419254719 ] } },
{ "type": "Feature", "properties": { "LINE_ID": 388, "ID": 557, "DIST": 0.0044948925, "DIST_SURF": 85.40916729, "X": -149.42264622, "Y": -17.784703659000002, "Z": -3.9302778244000001, "layer": "profile_from_transects_tahiti", "path": "C:\\Users\\nlafn\\Documents\\GitHub\\ReefPassages\\data\\data_for_transects\\profile_from_transects_tahiti.geojson" }, "geometry": { "type": "Point", "coordinates": [ -149.422646221192963, -17.784703658955092 ] } },
{ "type": "Feature", "properties": { "LINE_ID": 388, "ID": 558, "DIST": 0.0046992058, "DIST_SURF": 89.214167332000002, "X": -149.42244622000001, "Y": -17.784661899, "Z": -0.1252777875, "layer": "profile_from_transects_tahiti", "path": "C:\\Users\\nlafn\\Documents\\GitHub\\ReefPassages\\data\\data_for_transects\\profile_from_transects_tahiti.geojson" }, "geometry": { "type": "Point", "coordinates": [ -149.422446221192956, -17.784661898655465 ] } },
{ "type": "Feature", "properties": { "LINE_ID": 388, "ID": 559, "DIST": 0.0049035191, "DIST_SURF": 89.527500746000001, "X": -149.42224622000001, "Y": -17.784620138000001, "Z": 0.18805556, "layer": "profile_from_transects_tahiti", "path": "C:\\Users\\nlafn\\Documents\\GitHub\\ReefPassages\\data\\data_for_transects\\profile_from_transects_tahiti.geojson" }, "geometry": { "type": "Point", "coordinates": [ -149.42224622119295, -17.784620138355837 ] } },
{ "type": "Feature", "properties": { "LINE_ID": 389, "ID": 560, "DIST": 0.0, "DIST_SURF": 0.0, "X": -149.40474547, "Y": -17.778231673000001, "Z": 0.4330555499, "layer": "profile_from_transects_tahiti", "path": "C:\\Users\\nlafn\\Documents\\GitHub\\ReefPassages\\data\\data_for_transects\\profile_from_transects_tahiti.geojson" }, "geometry": { "type": "Point", "coordinates": [ -149.404745468328002, -17.778231672599418 ] } },
{ "type": "Feature", "properties": { "LINE_ID": 389, "ID": 561, "DIST": 0.000201384, "DIST_SURF": 0.0708336415, "X": -149.40454547, "Y": -17.778208104000001, "Z": 0.503888905, "layer": "profile_from_transects_tahiti", "path": "C:\\Users\\nlafn\\Documents\\GitHub\\ReefPassages\\data\\data_for_transects\\profile_from_transects_tahiti.geojson" }, "geometry": { "type": "Point", "coordinates": [ -149.404545468327996, -17.778208103575849 ] } },
{ "type": "Feature", "properties": { "LINE_ID": 389, "ID": 562, "DIST": 0.0004027679, "DIST_SURF": 0.140833924, "X": -149.40434547000001, "Y": -17.778184535000001, "Z": 0.5738888979, "layer": "profile_from_transects_tahiti", "path": "C:\\Users\\nlafn\\Documents\\GitHub\\ReefPassages\\data\\data_for_transects\\profile_from_transects_tahiti.geojson" }, "geometry": { "type": "Point", "coordinates": [ -149.404345468327989, -17.778184534552281 ] } },
{ "type": "Feature", "properties": { "LINE_ID": 389, "ID": 563, "DIST": 0.0006041519, "DIST_SURF": 0.4063895609, "X": -149.40414547, "Y": -17.778160966000002, "Z": 0.8394444585, "layer": "profile_from_transects_tahiti", "path": "C:\\Users\\nlafn\\Documents\\GitHub\\ReefPassages\\data\\data_for_transects\\profile_from_transects_tahiti.geojson" }, "geometry": { "type": "Point", "coordinates": [ -149.404145468327982, -17.778160965528713 ] } },
{ "type": "Feature", "properties": { "LINE_ID": 389, "ID": 564, "DIST": 0.0008055358, "DIST_SURF": 0.5883341023000001, "X": -149.40394547, "Y": -17.778137396999998, "Z": 1.0213888884, "layer": "profile_from_transects_tahiti", "path": "C:\\Users\\nlafn\\Documents\\GitHub\\ReefPassages\\data\\data_for_transects\\profile_from_transects_tahiti.geojson" }, "geometry": { "type": "Point", "coordinates": [ -149.403945468327976, -17.778137396505144 ] } },
{ "type": "Feature", "properties": { "LINE_ID": 389, "ID": 565, "DIST": 0.0010069198, "DIST_SURF": 2.0219452113999998, "X": -149.40374547, "Y": -17.778113827, "Z": -0.4122222066, "layer": "profile_from_transects_tahiti", "path": "C:\\Users\\nlafn\\Documents\\GitHub\\ReefPassages\\data\\data_for_transects\\profile_from_transects_tahiti.geojson" }, "geometry": { "type": "Point", "coordinates": [ -149.403745468327969, -17.778113827481576 ] } },
{ "type": "Feature", "properties": { "LINE_ID": 389, "ID": 566, "DIST": 0.0012083038, "DIST_SURF": 7.8744453554999998, "X": -149.40354547000001, "Y": -17.778090258, "Z": -6.2647223473000002, "layer": "profile_from_transects_tahiti", "path": "C:\\Users\\nlafn\\Documents\\GitHub\\ReefPassages\\data\\data_for_transects\\profile_from_transects_tahiti.geojson" }, "geometry": { "type": "Point", "coordinates": [ -149.403545468327962, -17.778090258458008 ] } },
{ "type": "Feature", "properties": { "LINE_ID": 389, "ID": 567, "DIST": 0.0014096877, "DIST_SURF": 16.643056789, "X": -149.40334547, "Y": -17.778066689, "Z": -15.033333778, "layer": "profile_from_transects_tahiti", "path": "C:\\Users\\nlafn\\Documents\\GitHub\\ReefPassages\\data\\data_for_transects\\profile_from_transects_tahiti.geojson" }, "geometry": { "type": "Point", "coordinates": [ -149.403345468327956, -17.778066689434439 ] } },
{ "type": "Feature", "properties": { "LINE_ID": 389, "ID": 568, "DIST": 0.0016110717, "DIST_SURF": 25.312779348, "X": -149.40314547, "Y": -17.77804312, "Z": -23.703056335, "layer": "profile_from_transects_tahiti", "path": "C:\\Users\\nlafn\\Documents\\GitHub\\ReefPassages\\data\\data_for_transects\\profile_from_transects_tahiti.geojson" }, "geometry": { "type": "Point", "coordinates": [ -149.403145468327949, -17.778043120410871 ] } },
{ "type": "Feature", "properties": { "LINE_ID": 389, "ID": 569, "DIST": 0.0018124556, "DIST_SURF": 33.493056222, "X": -149.40294547, "Y": -17.778019551, "Z": -31.883333206, "layer": "profile_from_transects_tahiti", "path": "C:\\Users\\nlafn\\Documents\\GitHub\\ReefPassages\\data\\data_for_transects\\profile_from_transects_tahiti.geojson" }, "geometry": { "type": "Point", "coordinates": [ -149.402945468327943, -17.778019551387302 ] } },
{ "type": "Feature", "properties": { "LINE_ID": 389, "ID": 570, "DIST": 0.0020138396, "DIST_SURF": 40.866665767000001, "X": -149.40274547000001, "Y": -17.777995982, "Z": -39.256942748999997, "layer": "profile_from_transects_tahiti", "path": "C:\\Users\\nlafn\\Documents\\GitHub\\ReefPassages\\data\\data_for_transects\\profile_from_transects_tahiti.geojson" }, "geometry": { "type": "Point", "coordinates": [ -149.402745468327936, -17.777995982363734 ] } },
{ "type": "Feature", "properties": { "LINE_ID": 389, "ID": 571, "DIST": 0.0022152235, "DIST_SURF": 44.430279663999997, "X": -149.40254547000001, "Y": -17.777972413000001, "Z": -42.820556641000003, "layer": "profile_from_transects_tahiti", "path": "C:\\Users\\nlafn\\Documents\\GitHub\\ReefPassages\\data\\data_for_transects\\profile_from_transects_tahiti.geojson" }, "geometry": { "type": "Point", "coordinates": [ -149.402545468327929, -17.777972413340166 ] } },
{ "type": "Feature", "properties": { "LINE_ID": 389, "ID": 572, "DIST": 0.0024166075, "DIST_SURF": 46.622223796, "X": -149.40234547, "Y": -17.777948844000001, "Z": -45.012500762999998, "layer": "profile_from_transects_tahiti", "path": "C:\\Users\\nlafn\\Documents\\GitHub\\ReefPassages\\data\\data_for_transects\\profile_from_transects_tahiti.geojson" }, "geometry": { "type": "Point", "coordinates": [ -149.402345468327923, -17.777948844316597 ] } },
{ "type": "Feature", "properties": { "LINE_ID": 389, "ID": 573, "DIST": 0.0026179915, "DIST_SURF": 47.823609310999998, "X": -149.40214547, "Y": -17.777925275000001, "Z": -46.213886261, "layer": "profile_from_transects_tahiti", "path": "C:\\Users\\nlafn\\Documents\\GitHub\\ReefPassages\\data\\data_for_transects\\profile_from_transects_tahiti.geojson" }, "geometry": { "type": "Point", "coordinates": [ -149.402145468327916, -17.777925275293029 ] } },
{ "type": "Feature", "properties": { "LINE_ID": 389, "ID": 574, "DIST": 0.0028193754, "DIST_SURF": 47.962224112000001, "X": -149.40194547, "Y": -17.777901706000002, "Z": -46.352500915999997, "layer": "profile_from_transects_tahiti", "path": "C:\\Users\\nlafn\\Documents\\GitHub\\ReefPassages\\data\\data_for_transects\\profile_from_transects_tahiti.geojson" }, "geometry": { "type": "Point", "coordinates": [ -149.401945468327909, -17.777901706269461 ] } },
{ "type": "Feature", "properties": { "LINE_ID": 389, "ID": 575, "DIST": 0.0030207594, "DIST_SURF": 48.660836353999997, "X": -149.40174547000001, "Y": -17.777878136999998, "Z": -45.653888702000003, "layer": "profile_from_transects_tahiti", "path": "C:\\Users\\nlafn\\Documents\\GitHub\\ReefPassages\\data\\data_for_transects\\profile_from_transects_tahiti.geojson" }, "geometry": { "type": "Point", "coordinates": [ -149.401745468327903, -17.777878137245892 ] } },
{ "type": "Feature", "properties": { "LINE_ID": 389, "ID": 576, "DIST": 0.0032221433, "DIST_SURF": 48.939725129000003, "X": -149.40154547, "Y": -17.777854568, "Z": -45.932777405000003, "layer": "profile_from_transects_tahiti", "path": "C:\\Users\\nlafn\\Documents\\GitHub\\ReefPassages\\data\\data_for_transects\\profile_from_transects_tahiti.geojson" }, "geometry": { "type": "Point", "coordinates": [ -149.401545468327896, -17.777854568222324 ] } },
{ "type": "Feature", "properties": { "LINE_ID": 389, "ID": 577, "DIST": 0.0034235273, "DIST_SURF": 49.214726729, "X": -149.40134547, "Y": -17.777830999, "Z": -46.207778931, "layer": "profile_from_transects_tahiti", "path": "C:\\Users\\nlafn\\Documents\\GitHub\\ReefPassages\\data\\data_for_transects\\profile_from_transects_tahiti.geojson" }, "geometry": { "type": "Point", "coordinates": [ -149.401345468327889, -17.777830999198756 ] } },
{ "type": "Feature", "properties": { "LINE_ID": 389, "ID": 578, "DIST": 0.0036249113, "DIST_SURF": 50.157784764, "X": -149.40114547, "Y": -17.77780743, "Z": -45.264720916999998, "layer": "profile_from_transects_tahiti", "path": "C:\\Users\\nlafn\\Documents\\GitHub\\ReefPassages\\data\\data_for_transects\\profile_from_transects_tahiti.geojson" }, "geometry": { "type": "Point", "coordinates": [ -149.401145468327883, -17.777807430175187 ] } },
{ "type": "Feature", "properties": { "LINE_ID": 389, "ID": 579, "DIST": 0.0038262952, "DIST_SURF": 52.48361714, "X": -149.40094547000001, "Y": -17.777783861, "Z": -42.93888855, "layer": "profile_from_transects_tahiti", "path": "C:\\Users\\nlafn\\Documents\\GitHub\\ReefPassages\\data\\data_for_transects\\profile_from_transects_tahiti.geojson" }, "geometry": { "type": "Point", "coordinates": [ -149.400945468327876, -17.777783861151619 ] } },
{ "type": "Feature", "properties": { "LINE_ID": 389, "ID": 580, "DIST": 0.0040276792, "DIST_SURF": 54.263062798999997, "X": -149.40074547, "Y": -17.777760292, "Z": -41.159442902000002, "layer": "profile_from_transects_tahiti", "path": "C:\\Users\\nlafn\\Documents\\GitHub\\ReefPassages\\data\\data_for_transects\\profile_from_transects_tahiti.geojson" }, "geometry": { "type": "Point", "coordinates": [ -149.40074546832787, -17.77776029212805 ] } },
{ "type": "Feature", "properties": { "LINE_ID": 389, "ID": 581, "DIST": 0.0042290631, "DIST_SURF": 58.633340209000004, "X": -149.40054547, "Y": -17.777736723, "Z": -36.789165497, "layer": "profile_from_transects_tahiti", "path": "C:\\Users\\nlafn\\Documents\\GitHub\\ReefPassages\\data\\data_for_transects\\profile_from_transects_tahiti.geojson" }, "geometry": { "type": "Point", "coordinates": [ -149.400545468327863, -17.777736723104482 ] } },
{ "type": "Feature", "properties": { "LINE_ID": 389, "ID": 582, "DIST": 0.0044304471, "DIST_SURF": 72.487506241000006, "X": -149.40034547, "Y": -17.777713154000001, "Z": -22.934999466000001, "layer": "profile_from_transects_tahiti", "path": "C:\\Users\\nlafn\\Documents\\GitHub\\ReefPassages\\data\\data_for_transects\\profile_from_transects_tahiti.geojson" }, "geometry": { "type": "Point", "coordinates": [ -149.400345468327856, -17.777713154080914 ] } },
{ "type": "Feature", "properties": { "LINE_ID": 389, "ID": 583, "DIST": 0.0046318311, "DIST_SURF": 87.173061700999995, "X": -149.40014547000001, "Y": -17.777689585000001, "Z": -8.2494440078999993, "layer": "profile_from_transects_tahiti", "path": "C:\\Users\\nlafn\\Documents\\GitHub\\ReefPassages\\data\\data_for_transects\\profile_from_transects_tahiti.geojson" }, "geometry": { "type": "Point", "coordinates": [ -149.40014546832785, -17.777689585057345 ] } },
{ "type": "Feature", "properties": { "LINE_ID": 389, "ID": 584, "DIST": 0.004833215, "DIST_SURF": 94.134172414999995, "X": -149.39994547000001, "Y": -17.777666016000001, "Z": -1.2883332968000001, "layer": "profile_from_transects_tahiti", "path": "C:\\Users\\nlafn\\Documents\\GitHub\\ReefPassages\\data\\data_for_transects\\profile_from_transects_tahiti.geojson" }, "geometry": { "type": "Point", "coordinates": [ -149.399945468327843, -17.777666016033777 ] } },
{ "type": "Feature", "properties": { "LINE_ID": 389, "ID": 585, "DIST": 0.005034599, "DIST_SURF": 95.880005703999998, "X": -149.39974547, "Y": -17.777642447000002, "Z": 0.4574999809, "layer": "profile_from_transects_tahiti", "path": "C:\\Users\\nlafn\\Documents\\GitHub\\ReefPassages\\data\\data_for_transects\\profile_from_transects_tahiti.geojson" }, "geometry": { "type": "Point", "coordinates": [ -149.399745468327836, -17.777642447010209 ] } },
{ "type": "Feature", "properties": { "LINE_ID": 389, "ID": 586, "DIST": 0.0052359829, "DIST_SURF": 95.916117412000006, "X": -149.39954547, "Y": -17.777618877999998, "Z": 0.4936111271, "layer": "profile_from_transects_tahiti", "path": "C:\\Users\\nlafn\\Documents\\GitHub\\ReefPassages\\data\\data_for_transects\\profile_from_transects_tahiti.geojson" }, "geometry": { "type": "Point", "coordinates": [ -149.39954546832783, -17.77761887798664 ] } },
{ "type": "Feature", "properties": { "LINE_ID": 389, "ID": 587, "DIST": 0.0054373669, "DIST_SURF": 95.966951155000004, "X": -149.39934547, "Y": -17.777595309, "Z": 0.4427777827, "layer": "profile_from_transects_tahiti", "path": "C:\\Users\\nlafn\\Documents\\GitHub\\ReefPassages\\data\\data_for_transects\\profile_from_transects_tahiti.geojson" }, "geometry": { "type": "Point", "coordinates": [ -149.399345468327823, -17.777595308963072 ] } },
{ "type": "Feature", "properties": { "LINE_ID": 390, "ID": 588, "DIST": 0.0, "DIST_SURF": 0.0, "X": -149.36044712, "Y": -17.769026583, "Z": 0.2377777696, "layer": "profile_from_transects_tahiti", "path": "C:\\Users\\nlafn\\Documents\\GitHub\\ReefPassages\\data\\data_for_transects\\profile_from_transects_tahiti.geojson" }, "geometry": { "type": "Point", "coordinates": [ -149.360447124222645, -17.769026583260246 ] } },
{ "type": "Feature", "properties": { "LINE_ID": 390, "ID": 589, "DIST": 0.0002511155, "DIST_SURF": 0.6352778275, "X": -149.36024712, "Y": -17.768874731, "Z": -0.3975000083, "layer": "profile_from_transects_tahiti", "path": "C:\\Users\\nlafn\\Documents\\GitHub\\ReefPassages\\data\\data_for_transects\\profile_from_transects_tahiti.geojson" }, "geometry": { "type": "Point", "coordinates": [ -149.360247124222639, -17.768874731408395 ] } },
{ "type": "Feature", "properties": { "LINE_ID": 390, "ID": 590, "DIST": 0.000502231, "DIST_SURF": 0.9925001451, "X": -149.36004712, "Y": -17.76872288, "Z": -0.7547222376, "layer": "profile_from_transects_tahiti", "path": "C:\\Users\\nlafn\\Documents\\GitHub\\ReefPassages\\data\\data_for_transects\\profile_from_transects_tahiti.geojson" }, "geometry": { "type": "Point", "coordinates": [ -149.360047124222632, -17.768722879556545 ] } },
{ "type": "Feature", "properties": { "LINE_ID": 390, "ID": 591, "DIST": 0.0007533464, "DIST_SURF": 10.961944781, "X": -149.35984712000001, "Y": -17.768571028, "Z": -10.72416687, "layer": "profile_from_transects_tahiti", "path": "C:\\Users\\nlafn\\Documents\\GitHub\\ReefPassages\\data\\data_for_transects\\profile_from_transects_tahiti.geojson" }, "geometry": { "type": "Point", "coordinates": [ -149.359847124222625, -17.768571027704695 ] } },
{ "type": "Feature", "properties": { "LINE_ID": 390, "ID": 592, "DIST": 0.0010044619, "DIST_SURF": 32.936390125000003, "X": -149.35964712000001, "Y": -17.768419175999998, "Z": -32.698612212999997, "layer": "profile_from_transects_tahiti", "path": "C:\\Users\\nlafn\\Documents\\GitHub\\ReefPassages\\data\\data_for_transects\\profile_from_transects_tahiti.geojson" }, "geometry": { "type": "Point", "coordinates": [ -149.359647124222619, -17.768419175852845 ] } },
{ "type": "Feature", "properties": { "LINE_ID": 390, "ID": 593, "DIST": 0.0012555774, "DIST_SURF": 49.102779591999997, "X": -149.35944712, "Y": -17.768267324, "Z": -48.865001678, "layer": "profile_from_transects_tahiti", "path": "C:\\Users\\nlafn\\Documents\\GitHub\\ReefPassages\\data\\data_for_transects\\profile_from_transects_tahiti.geojson" }, "geometry": { "type": "Point", "coordinates": [ -149.359447124222612, -17.768267324000995 ] } },
{ "type": "Feature", "properties": { "LINE_ID": 390, "ID": 594, "DIST": 0.0015066929, "DIST_SURF": 51.911667084999998, "X": -149.35924712, "Y": -17.768115472000002, "Z": -51.67388916, "layer": "profile_from_transects_tahiti", "path": "C:\\Users\\nlafn\\Documents\\GitHub\\ReefPassages\\data\\data_for_transects\\profile_from_transects_tahiti.geojson" }, "geometry": { "type": "Point", "coordinates": [ -149.359247124222605, -17.768115472149145 ] } },
{ "type": "Feature", "properties": { "LINE_ID": 390, "ID": 595, "DIST": 0.0017578084, "DIST_SURF": 58.212223273, "X": -149.35904712000001, "Y": -17.76796362, "Z": -45.373332976999997, "layer": "profile_from_transects_tahiti", "path": "C:\\Users\\nlafn\\Documents\\GitHub\\ReefPassages\\data\\data_for_transects\\profile_from_transects_tahiti.geojson" }, "geometry": { "type": "Point", "coordinates": [ -149.359047124222599, -17.767963620297294 ] } },
{ "type": "Feature", "properties": { "LINE_ID": 390, "ID": 596, "DIST": 0.0020089238, "DIST_SURF": 72.243612512, "X": -149.35884712000001, "Y": -17.767811768000001, "Z": -31.341943741000001, "layer": "profile_from_transects_tahiti", "path": "C:\\Users\\nlafn\\Documents\\GitHub\\ReefPassages\\data\\data_for_transects\\profile_from_transects_tahiti.geojson" }, "geometry": { "type": "Point", "coordinates": [ -149.358847124222592, -17.767811768445444 ] } },
{ "type": "Feature", "properties": { "LINE_ID": 390, "ID": 597, "DIST": 0.0022600393, "DIST_SURF": 90.870833621000003, "X": -149.35864712, "Y": -17.767659917, "Z": -12.714722633, "layer": "profile_from_transects_tahiti", "path": "C:\\Users\\nlafn\\Documents\\GitHub\\ReefPassages\\data\\data_for_transects\\profile_from_transects_tahiti.geojson" }, "geometry": { "type": "Point", "coordinates": [ -149.358647124222585, -17.767659916593594 ] } },
{ "type": "Feature", "properties": { "LINE_ID": 390, "ID": 598, "DIST": 0.0025111548, "DIST_SURF": 97.132778396999996, "X": -149.35844712, "Y": -17.767508065000001, "Z": -6.4527778624999996, "layer": "profile_from_transects_tahiti", "path": "C:\\Users\\nlafn\\Documents\\GitHub\\ReefPassages\\data\\data_for_transects\\profile_from_transects_tahiti.geojson" }, "geometry": { "type": "Point", "coordinates": [ -149.358447124222579, -17.767508064741744 ] } },
{ "type": "Feature", "properties": { "LINE_ID": 390, "ID": 599, "DIST": 0.0027622703, "DIST_SURF": 103.21750071, "X": -149.35824712, "Y": -17.767356213, "Z": -0.3680555522, "layer": "profile_from_transects_tahiti", "path": "C:\\Users\\nlafn\\Documents\\GitHub\\ReefPassages\\data\\data_for_transects\\profile_from_transects_tahiti.geojson" }, "geometry": { "type": "Point", "coordinates": [ -149.358247124222572, -17.767356212889894 ] } },
{ "type": "Feature", "properties": { "LINE_ID": 390, "ID": 600, "DIST": 0.0030133858, "DIST_SURF": 103.97111187, "X": -149.35804712000001, "Y": -17.767204361000001, "Z": 0.3855555654, "layer": "profile_from_transects_tahiti", "path": "C:\\Users\\nlafn\\Documents\\GitHub\\ReefPassages\\data\\data_for_transects\\profile_from_transects_tahiti.geojson" }, "geometry": { "type": "Point", "coordinates": [ -149.358047124222566, -17.767204361038043 ] } },
{ "type": "Feature", "properties": { "LINE_ID": 391, "ID": 601, "DIST": 0.0, "DIST_SURF": 0.0, "X": -149.34908316, "Y": -17.760602365, "Z": 0.3725000024, "layer": "profile_from_transects_tahiti", "path": "C:\\Users\\nlafn\\Documents\\GitHub\\ReefPassages\\data\\data_for_transects\\profile_from_transects_tahiti.geojson" }, "geometry": { "type": "Point", "coordinates": [ -149.349083156645236, -17.760602364773192 ] } },
{ "type": "Feature", "properties": { "LINE_ID": 391, "ID": 602, "DIST": 0.0002204466, "DIST_SURF": 0.9994444494, "X": -149.34888316000001, "Y": -17.760509646, "Z": -0.6269444227, "layer": "profile_from_transects_tahiti", "path": "C:\\Users\\nlafn\\Documents\\GitHub\\ReefPassages\\data\\data_for_transects\\profile_from_transects_tahiti.geojson" }, "geometry": { "type": "Point", "coordinates": [ -149.348883156645229, -17.760509646326589 ] } },
{ "type": "Feature", "properties": { "LINE_ID": 391, "ID": 603, "DIST": 0.0004408932, "DIST_SURF": 10.309444991, "X": -149.34868316000001, "Y": -17.760416928000001, "Z": -9.9369449615000001, "layer": "profile_from_transects_tahiti", "path": "C:\\Users\\nlafn\\Documents\\GitHub\\ReefPassages\\data\\data_for_transects\\profile_from_transects_tahiti.geojson" }, "geometry": { "type": "Point", "coordinates": [ -149.348683156645222, -17.760416927879987 ] } },
{ "type": "Feature", "properties": { "LINE_ID": 391, "ID": 604, "DIST": 0.0006613398, "DIST_SURF": 20.271666139000001, "X": -149.34848316, "Y": -17.760324209, "Z": -19.899166107, "layer": "profile_from_transects_tahiti", "path": "C:\\Users\\nlafn\\Documents\\GitHub\\ReefPassages\\data\\data_for_transects\\profile_from_transects_tahiti.geojson" }, "geometry": { "type": "Point", "coordinates": [ -149.348483156645216, -17.760324209433385 ] } },
{ "type": "Feature", "properties": { "LINE_ID": 391, "ID": 605, "DIST": 0.0008817865, "DIST_SURF": 33.354166599000003, "X": -149.34828316, "Y": -17.760231491, "Z": -32.981666564999998, "layer": "profile_from_transects_tahiti", "path": "C:\\Users\\nlafn\\Documents\\GitHub\\ReefPassages\\data\\data_for_transects\\profile_from_transects_tahiti.geojson" }, "geometry": { "type": "Point", "coordinates": [ -149.348283156645209, -17.760231490986783 ] } },
{ "type": "Feature", "properties": { "LINE_ID": 391, "ID": 606, "DIST": 0.0011022331, "DIST_SURF": 41.280554388, "X": -149.34808316, "Y": -17.760138773000001, "Z": -40.908054352000001, "layer": "profile_from_transects_tahiti", "path": "C:\\Users\\nlafn\\Documents\\GitHub\\ReefPassages\\data\\data_for_transects\\profile_from_transects_tahiti.geojson" }, "geometry": { "type": "Point", "coordinates": [ -149.348083156645203, -17.760138772540181 ] } },
{ "type": "Feature", "properties": { "LINE_ID": 391, "ID": 607, "DIST": 0.0013226797, "DIST_SURF": 43.630552873, "X": -149.34788316000001, "Y": -17.760046054, "Z": -38.558055877999998, "layer": "profile_from_transects_tahiti", "path": "C:\\Users\\nlafn\\Documents\\GitHub\\ReefPassages\\data\\data_for_transects\\profile_from_transects_tahiti.geojson" }, "geometry": { "type": "Point", "coordinates": [ -149.347883156645196, -17.760046054093579 ] } },
{ "type": "Feature", "properties": { "LINE_ID": 391, "ID": 608, "DIST": 0.0015431263, "DIST_SURF": 47.710550894999997, "X": -149.34768316, "Y": -17.759953336, "Z": -42.638053894000002, "layer": "profile_from_transects_tahiti", "path": "C:\\Users\\nlafn\\Documents\\GitHub\\ReefPassages\\data\\data_for_transects\\profile_from_transects_tahiti.geojson" }, "geometry": { "type": "Point", "coordinates": [ -149.347683156645189, -17.759953335646976 ] } },
{ "type": "Feature", "properties": { "LINE_ID": 391, "ID": 609, "DIST": 0.0017635729, "DIST_SURF": 48.609160084000003, "X": -149.34748316, "Y": -17.759860617000001, "Z": -41.739444733, "layer": "profile_from_transects_tahiti", "path": "C:\\Users\\nlafn\\Documents\\GitHub\\ReefPassages\\data\\data_for_transects\\profile_from_transects_tahiti.geojson" }, "geometry": { "type": "Point", "coordinates": [ -149.347483156645183, -17.759860617200374 ] } },
{ "type": "Feature", "properties": { "LINE_ID": 391, "ID": 610, "DIST": 0.0019840195, "DIST_SURF": 52.836939477999998, "X": -149.34728316, "Y": -17.759767899, "Z": -45.967224121000001, "layer": "profile_from_transects_tahiti", "path": "C:\\Users\\nlafn\\Documents\\GitHub\\ReefPassages\\data\\data_for_transects\\profile_from_transects_tahiti.geojson" }, "geometry": { "type": "Point", "coordinates": [ -149.347283156645176, -17.759767898753772 ] } },
{ "type": "Feature", "properties": { "LINE_ID": 391, "ID": 611, "DIST": 0.0022044662, "DIST_SURF": 54.31027476, "X": -149.34708316000001, "Y": -17.75967518, "Z": -44.493888855000002, "layer": "profile_from_transects_tahiti", "path": "C:\\Users\\nlafn\\Documents\\GitHub\\ReefPassages\\data\\data_for_transects\\profile_from_transects_tahiti.geojson" }, "geometry": { "type": "Point", "coordinates": [ -149.347083156645169, -17.75967518030717 ] } },
{ "type": "Feature", "properties": { "LINE_ID": 391, "ID": 612, "DIST": 0.0024249128, "DIST_SURF": 55.055273725, "X": -149.34688316, "Y": -17.759582462000001, "Z": -43.748889923, "layer": "profile_from_transects_tahiti", "path": "C:\\Users\\nlafn\\Documents\\GitHub\\ReefPassages\\data\\data_for_transects\\profile_from_transects_tahiti.geojson" }, "geometry": { "type": "Point", "coordinates": [ -149.346883156645163, -17.759582461860568 ] } },
{ "type": "Feature", "properties": { "LINE_ID": 391, "ID": 613, "DIST": 0.0026453594, "DIST_SURF": 58.962496479000002, "X": -149.34668316, "Y": -17.759489743, "Z": -39.841667174999998, "layer": "profile_from_transects_tahiti", "path": "C:\\Users\\nlafn\\Documents\\GitHub\\ReefPassages\\data\\data_for_transects\\profile_from_transects_tahiti.geojson" }, "geometry": { "type": "Point", "coordinates": [ -149.346683156645156, -17.759489743413965 ] } },
{ "type": "Feature", "properties": { "LINE_ID": 391, "ID": 614, "DIST": 0.002865806, "DIST_SURF": 59.525274994999997, "X": -149.34648316, "Y": -17.759397024999998, "Z": -39.278888702000003, "layer": "profile_from_transects_tahiti", "path": "C:\\Users\\nlafn\\Documents\\GitHub\\ReefPassages\\data\\data_for_transects\\profile_from_transects_tahiti.geojson" }, "geometry": { "type": "Point", "coordinates": [ -149.346483156645149, -17.759397024967363 ] } },
{ "type": "Feature", "properties": { "LINE_ID": 391, "ID": 615, "DIST": 0.0030862526, "DIST_SURF": 60.459719448999998, "X": -149.34628316000001, "Y": -17.759304307000001, "Z": -38.344444275000001, "layer": "profile_from_transects_tahiti", "path": "C:\\Users\\nlafn\\Documents\\GitHub\\ReefPassages\\data\\data_for_transects\\profile_from_transects_tahiti.geojson" }, "geometry": { "type": "Point", "coordinates": [ -149.346283156645143, -17.759304306520761 ] } },
{ "type": "Feature", "properties": { "LINE_ID": 391, "ID": 616, "DIST": 0.0033066992, "DIST_SURF": 72.769163878000001, "X": -149.34608316000001, "Y": -17.759211588, "Z": -26.034999847000002, "layer": "profile_from_transects_tahiti", "path": "C:\\Users\\nlafn\\Documents\\GitHub\\ReefPassages\\data\\data_for_transects\\profile_from_transects_tahiti.geojson" }, "geometry": { "type": "Point", "coordinates": [ -149.346083156645136, -17.759211588074159 ] } },
{ "type": "Feature", "properties": { "LINE_ID": 391, "ID": 617, "DIST": 0.0035271459, "DIST_SURF": 83.10360888, "X": -149.34588316, "Y": -17.75911887, "Z": -15.700554848, "layer": "profile_from_transects_tahiti", "path": "C:\\Users\\nlafn\\Documents\\GitHub\\ReefPassages\\data\\data_for_transects\\profile_from_transects_tahiti.geojson" }, "geometry": { "type": "Point", "coordinates": [ -149.345883156645129, -17.759118869627557 ] } },
{ "type": "Feature", "properties": { "LINE_ID": 391, "ID": 618, "DIST": 0.0037475925, "DIST_SURF": 97.431108151999993, "X": -149.34568316, "Y": -17.759026151, "Z": -1.3730555773, "layer": "profile_from_transects_tahiti", "path": "C:\\Users\\nlafn\\Documents\\GitHub\\ReefPassages\\data\\data_for_transects\\profile_from_transects_tahiti.geojson" }, "geometry": { "type": "Point", "coordinates": [ -149.345683156645123, -17.759026151180954 ] } },
{ "type": "Feature", "properties": { "LINE_ID": 391, "ID": 619, "DIST": 0.0039680391, "DIST_SURF": 99.695552633000005, "X": -149.34548316, "Y": -17.758933433, "Z": 0.8913888931, "layer": "profile_from_transects_tahiti", "path": "C:\\Users\\nlafn\\Documents\\GitHub\\ReefPassages\\data\\data_for_transects\\profile_from_transects_tahiti.geojson" }, "geometry": { "type": "Point", "coordinates": [ -149.345483156645116, -17.758933432734352 ] } },
{ "type": "Feature", "properties": { "LINE_ID": 392, "ID": 620, "DIST": 0.0, "DIST_SURF": 0.0, "X": -149.3360851, "Y": -17.76103414, "Z": 0.3902777731, "layer": "profile_from_transects_tahiti", "path": "C:\\Users\\nlafn\\Documents\\GitHub\\ReefPassages\\data\\data_for_transects\\profile_from_transects_tahiti.geojson" }, "geometry": { "type": "Point", "coordinates": [ -149.336085101975726, -17.761034140420843 ] } },
{ "type": "Feature", "properties": { "LINE_ID": 392, "ID": 621, "DIST": 0.0002285001, "DIST_SURF": 0.2608334529, "X": -149.3358851, "Y": -17.76114465, "Z": 0.651111126, "layer": "profile_from_transects_tahiti", "path": "C:\\Users\\nlafn\\Documents\\GitHub\\ReefPassages\\data\\data_for_transects\\profile_from_transects_tahiti.geojson" }, "geometry": { "type": "Point", "coordinates": [ -149.33588510197572, -17.761144649737613 ] } },
{ "type": "Feature", "properties": { "LINE_ID": 392, "ID": 622, "DIST": 0.0004570003, "DIST_SURF": 0.4925002497, "X": -149.3356851, "Y": -17.761255159000001, "Z": 0.4194444418, "layer": "profile_from_transects_tahiti", "path": "C:\\Users\\nlafn\\Documents\\GitHub\\ReefPassages\\data\\data_for_transects\\profile_from_transects_tahiti.geojson" }, "geometry": { "type": "Point", "coordinates": [ -149.335685101975713, -17.761255159054382 ] } },
{ "type": "Feature", "properties": { "LINE_ID": 392, "ID": 623, "DIST": 0.0006855004, "DIST_SURF": 6.7691667758999996, "X": -149.3354851, "Y": -17.761365668, "Z": -5.8572220801999997, "layer": "profile_from_transects_tahiti", "path": "C:\\Users\\nlafn\\Documents\\GitHub\\ReefPassages\\data\\data_for_transects\\profile_from_transects_tahiti.geojson" }, "geometry": { "type": "Point", "coordinates": [ -149.335485101975706, -17.761365668371152 ] } },
{ "type": "Feature", "properties": { "LINE_ID": 392, "ID": 624, "DIST": 0.0009140005, "DIST_SURF": 21.486943553, "X": -149.3352851, "Y": -17.761476178, "Z": -20.574998856000001, "layer": "profile_from_transects_tahiti", "path": "C:\\Users\\nlafn\\Documents\\GitHub\\ReefPassages\\data\\data_for_transects\\profile_from_transects_tahiti.geojson" }, "geometry": { "type": "Point", "coordinates": [ -149.3352851019757, -17.761476177687921 ] } },
{ "type": "Feature", "properties": { "LINE_ID": 392, "ID": 625, "DIST": 0.0011425006, "DIST_SURF": 40.190554927999997, "X": -149.3350851, "Y": -17.761586687000001, "Z": -39.278610229000002, "layer": "profile_from_transects_tahiti", "path": "C:\\Users\\nlafn\\Documents\\GitHub\\ReefPassages\\data\\data_for_transects\\profile_from_transects_tahiti.geojson" }, "geometry": { "type": "Point", "coordinates": [ -149.335085101975693, -17.761586687004691 ] } },
{ "type": "Feature", "properties": { "LINE_ID": 392, "ID": 626, "DIST": 0.0013710008, "DIST_SURF": 46.696112946, "X": -149.3348851, "Y": -17.761697196, "Z": -45.784168243000003, "layer": "profile_from_transects_tahiti", "path": "C:\\Users\\nlafn\\Documents\\GitHub\\ReefPassages\\data\\data_for_transects\\profile_from_transects_tahiti.geojson" }, "geometry": { "type": "Point", "coordinates": [ -149.334885101975686, -17.76169719632146 ] } },
{ "type": "Feature", "properties": { "LINE_ID": 392, "ID": 627, "DIST": 0.0015995009, "DIST_SURF": 59.677779512999997, "X": -149.3346851, "Y": -17.761807706, "Z": -58.765834808000001, "layer": "profile_from_transects_tahiti", "path": "C:\\Users\\nlafn\\Documents\\GitHub\\ReefPassages\\data\\data_for_transects\\profile_from_transects_tahiti.geojson" }, "geometry": { "type": "Point", "coordinates": [ -149.33468510197568, -17.76180770563823 ] } },
{ "type": "Feature", "properties": { "LINE_ID": 392, "ID": 628, "DIST": 0.001828001, "DIST_SURF": 70.017222723000003, "X": -149.3344851, "Y": -17.761918215000001, "Z": -69.105278014999996, "layer": "profile_from_transects_tahiti", "path": "C:\\Users\\nlafn\\Documents\\GitHub\\ReefPassages\\data\\data_for_transects\\profile_from_transects_tahiti.geojson" }, "geometry": { "type": "Point", "coordinates": [ -149.334485101975673, -17.761918214954999 ] } },
{ "type": "Feature", "properties": { "LINE_ID": 392, "ID": 629, "DIST": 0.0020565012, "DIST_SURF": 71.550837852000001, "X": -149.3342851, "Y": -17.762028724, "Z": -67.571662903000004, "layer": "profile_from_transects_tahiti", "path": "C:\\Users\\nlafn\\Documents\\GitHub\\ReefPassages\\data\\data_for_transects\\profile_from_transects_tahiti.geojson" }, "geometry": { "type": "Point", "coordinates": [ -149.334285101975667, -17.762028724271769 ] } },
{ "type": "Feature", "properties": { "LINE_ID": 392, "ID": 630, "DIST": 0.0022850013, "DIST_SURF": 74.984164581000002, "X": -149.3340851, "Y": -17.762139234, "Z": -64.138336182000003, "layer": "profile_from_transects_tahiti", "path": "C:\\Users\\nlafn\\Documents\\GitHub\\ReefPassages\\data\\data_for_transects\\profile_from_transects_tahiti.geojson" }, "geometry": { "type": "Point", "coordinates": [ -149.33408510197566, -17.762139233588538 ] } },
{ "type": "Feature", "properties": { "LINE_ID": 392, "ID": 631, "DIST": 0.0025135014, "DIST_SURF": 76.538607956999996, "X": -149.3338851, "Y": -17.762249743000002, "Z": -65.692779540999993, "layer": "profile_from_transects_tahiti", "path": "C:\\Users\\nlafn\\Documents\\GitHub\\ReefPassages\\data\\data_for_transects\\profile_from_transects_tahiti.geojson" }, "geometry": { "type": "Point", "coordinates": [ -149.333885101975653, -17.762249742905308 ] } },
{ "type": "Feature", "properties": { "LINE_ID": 392, "ID": 632, "DIST": 0.0027420016, "DIST_SURF": 84.248332386000001, "X": -149.3336851, "Y": -17.762360252000001, "Z": -73.402503967000001, "layer": "profile_from_transects_tahiti", "path": "C:\\Users\\nlafn\\Documents\\GitHub\\ReefPassages\\data\\data_for_transects\\profile_from_transects_tahiti.geojson" }, "geometry": { "type": "Point", "coordinates": [ -149.333685101975647, -17.762360252222077 ] } },
{ "type": "Feature", "properties": { "LINE_ID": 392, "ID": 633, "DIST": 0.0029705017, "DIST_SURF": 86.373332399000006, "X": -149.3334851, "Y": -17.762470762, "Z": -75.527503967000001, "layer": "profile_from_transects_tahiti", "path": "C:\\Users\\nlafn\\Documents\\GitHub\\ReefPassages\\data\\data_for_transects\\profile_from_transects_tahiti.geojson" }, "geometry": { "type": "Point", "coordinates": [ -149.33348510197564, -17.762470761538847 ] } },
{ "type": "Feature", "properties": { "LINE_ID": 392, "ID": 634, "DIST": 0.0031990018, "DIST_SURF": 89.296107676000005, "X": -149.3332851, "Y": -17.762581270999998, "Z": -78.450279236, "layer": "profile_from_transects_tahiti", "path": "C:\\Users\\nlafn\\Documents\\GitHub\\ReefPassages\\data\\data_for_transects\\profile_from_transects_tahiti.geojson" }, "geometry": { "type": "Point", "coordinates": [ -149.333285101975633, -17.762581270855616 ] } },
{ "type": "Feature", "properties": { "LINE_ID": 392, "ID": 635, "DIST": 0.0034275019, "DIST_SURF": 91.106112878999994, "X": -149.3330851, "Y": -17.76269178, "Z": -76.640274047999995, "layer": "profile_from_transects_tahiti", "path": "C:\\Users\\nlafn\\Documents\\GitHub\\ReefPassages\\data\\data_for_transects\\profile_from_transects_tahiti.geojson" }, "geometry": { "type": "Point", "coordinates": [ -149.333085101975627, -17.762691780172386 ] } },
{ "type": "Feature", "properties": { "LINE_ID": 392, "ID": 636, "DIST": 0.0036560021, "DIST_SURF": 98.00999777, "X": -149.3328851, "Y": -17.762802289, "Z": -69.73638916, "layer": "profile_from_transects_tahiti", "path": "C:\\Users\\nlafn\\Documents\\GitHub\\ReefPassages\\data\\data_for_transects\\profile_from_transects_tahiti.geojson" }, "geometry": { "type": "Point", "coordinates": [ -149.33288510197562, -17.762802289489155 ] } },
{ "type": "Feature", "properties": { "LINE_ID": 392, "ID": 637, "DIST": 0.0038845022, "DIST_SURF": 112.25388663, "X": -149.3326851, "Y": -17.762912799, "Z": -55.492500305, "layer": "profile_from_transects_tahiti", "path": "C:\\Users\\nlafn\\Documents\\GitHub\\ReefPassages\\data\\data_for_transects\\profile_from_transects_tahiti.geojson" }, "geometry": { "type": "Point", "coordinates": [ -149.332685101975613, -17.762912798805925 ] } },
{ "type": "Feature", "properties": { "LINE_ID": 392, "ID": 638, "DIST": 0.0041130023, "DIST_SURF": 125.73305457, "X": -149.3324851, "Y": -17.763023308000001, "Z": -42.013332366999997, "layer": "profile_from_transects_tahiti", "path": "C:\\Users\\nlafn\\Documents\\GitHub\\ReefPassages\\data\\data_for_transects\\profile_from_transects_tahiti.geojson" }, "geometry": { "type": "Point", "coordinates": [ -149.332485101975607, -17.763023308122694 ] } },
{ "type": "Feature", "properties": { "LINE_ID": 392, "ID": 639, "DIST": 0.0043415025, "DIST_SURF": 148.89638655, "X": -149.3322851, "Y": -17.763133817, "Z": -18.850000381000001, "layer": "profile_from_transects_tahiti", "path": "C:\\Users\\nlafn\\Documents\\GitHub\\ReefPassages\\data\\data_for_transects\\profile_from_transects_tahiti.geojson" }, "geometry": { "type": "Point", "coordinates": [ -149.3322851019756, -17.763133817439464 ] } },
{ "type": "Feature", "properties": { "LINE_ID": 392, "ID": 640, "DIST": 0.0045700026, "DIST_SURF": 164.51777571, "X": -149.3320851, "Y": -17.763244327, "Z": -3.2286112309, "layer": "profile_from_transects_tahiti", "path": "C:\\Users\\nlafn\\Documents\\GitHub\\ReefPassages\\data\\data_for_transects\\profile_from_transects_tahiti.geojson" }, "geometry": { "type": "Point", "coordinates": [ -149.332085101975593, -17.763244326756233 ] } },
{ "type": "Feature", "properties": { "LINE_ID": 392, "ID": 641, "DIST": 0.0047985027, "DIST_SURF": 169.26360911, "X": -149.3318851, "Y": -17.763354836000001, "Z": 1.5172221661, "layer": "profile_from_transects_tahiti", "path": "C:\\Users\\nlafn\\Documents\\GitHub\\ReefPassages\\data\\data_for_transects\\profile_from_transects_tahiti.geojson" }, "geometry": { "type": "Point", "coordinates": [ -149.331885101975587, -17.763354836073002 ] } },
{ "type": "Feature", "properties": { "LINE_ID": 392, "ID": 642, "DIST": 0.0050270028, "DIST_SURF": 170.12610909, "X": -149.3316851, "Y": -17.763465345, "Z": 0.6547222137000001, "layer": "profile_from_transects_tahiti", "path": "C:\\Users\\nlafn\\Documents\\GitHub\\ReefPassages\\data\\data_for_transects\\profile_from_transects_tahiti.geojson" }, "geometry": { "type": "Point", "coordinates": [ -149.33168510197558, -17.763465345389772 ] } },
{ "type": "Feature", "properties": { "LINE_ID": 392, "ID": 643, "DIST": 0.005255503, "DIST_SURF": 170.50444249, "X": -149.3314851, "Y": -17.763575855, "Z": 0.2763888836, "layer": "profile_from_transects_tahiti", "path": "C:\\Users\\nlafn\\Documents\\GitHub\\ReefPassages\\data\\data_for_transects\\profile_from_transects_tahiti.geojson" }, "geometry": { "type": "Point", "coordinates": [ -149.331485101975574, -17.763575854706541 ] } },
{ "type": "Feature", "properties": { "LINE_ID": 393, "ID": 644, "DIST": 0.0, "DIST_SURF": 0.0, "X": -149.31477996000001, "Y": -17.794946902, "Z": 0.4813888967, "layer": "profile_from_transects_tahiti", "path": "C:\\Users\\nlafn\\Documents\\GitHub\\ReefPassages\\data\\data_for_transects\\profile_from_transects_tahiti.geojson" }, "geometry": { "type": "Point", "coordinates": [ -149.314779959447065, -17.794946902192869 ] } },
{ "type": "Feature", "properties": { "LINE_ID": 393, "ID": 645, "DIST": 0.0002474712, "DIST_SURF": 0.1219447084, "X": -149.31463421000001, "Y": -17.795146902, "Z": 0.3594444394, "layer": "profile_from_transects_tahiti", "path": "C:\\Users\\nlafn\\Documents\\GitHub\\ReefPassages\\data\\data_for_transects\\profile_from_transects_tahiti.geojson" }, "geometry": { "type": "Point", "coordinates": [ -149.314634213058611, -17.795146902192869 ] } },
{ "type": "Feature", "properties": { "LINE_ID": 393, "ID": 646, "DIST": 0.0004949425, "DIST_SURF": 0.292778222, "X": -149.31448847, "Y": -17.795346902, "Z": 0.1886111051, "layer": "profile_from_transects_tahiti", "path": "C:\\Users\\nlafn\\Documents\\GitHub\\ReefPassages\\data\\data_for_transects\\profile_from_transects_tahiti.geojson" }, "geometry": { "type": "Point", "coordinates": [ -149.314488466670156, -17.795346902192868 ] } },
{ "type": "Feature", "properties": { "LINE_ID": 393, "ID": 647, "DIST": 0.0007424137, "DIST_SURF": 2.0500004895, "X": -149.31434272000001, "Y": -17.795546902000002, "Z": -1.568611145, "layer": "profile_from_transects_tahiti", "path": "C:\\Users\\nlafn\\Documents\\GitHub\\ReefPassages\\data\\data_for_transects\\profile_from_transects_tahiti.geojson" }, "geometry": { "type": "Point", "coordinates": [ -149.314342720281701, -17.795546902192868 ] } },
{ "type": "Feature", "properties": { "LINE_ID": 393, "ID": 648, "DIST": 0.0009898849, "DIST_SURF": 5.8366673676999996, "X": -149.31419697000001, "Y": -17.795746902000001, "Z": -5.3552780150999997, "layer": "profile_from_transects_tahiti", "path": "C:\\Users\\nlafn\\Documents\\GitHub\\ReefPassages\\data\\data_for_transects\\profile_from_transects_tahiti.geojson" }, "geometry": { "type": "Point", "coordinates": [ -149.314196973893246, -17.795746902192867 ] } },
{ "type": "Feature", "properties": { "LINE_ID": 393, "ID": 649, "DIST": 0.0012373562, "DIST_SURF": 13.082778288, "X": -149.31405123, "Y": -17.795946902000001, "Z": -12.601388931000001, "layer": "profile_from_transects_tahiti", "path": "C:\\Users\\nlafn\\Documents\\GitHub\\ReefPassages\\data\\data_for_transects\\profile_from_transects_tahiti.geojson" }, "geometry": { "type": "Point", "coordinates": [ -149.314051227504791, -17.795946902192867 ] } },
{ "type": "Feature", "properties": { "LINE_ID": 393, "ID": 650, "DIST": 0.0014848274, "DIST_SURF": 16.296944939, "X": -149.31390548, "Y": -17.796146902, "Z": -15.815555573, "layer": "profile_from_transects_tahiti", "path": "C:\\Users\\nlafn\\Documents\\GitHub\\ReefPassages\\data\\data_for_transects\\profile_from_transects_tahiti.geojson" }, "geometry": { "type": "Point", "coordinates": [ -149.313905481116336, -17.796146902192866 ] } },
{ "type": "Feature", "properties": { "LINE_ID": 393, "ID": 651, "DIST": 0.0017322986, "DIST_SURF": 27.485555018, "X": -149.31375973, "Y": -17.796346902, "Z": -27.004165649000001, "layer": "profile_from_transects_tahiti", "path": "C:\\Users\\nlafn\\Documents\\GitHub\\ReefPassages\\data\\data_for_transects\\profile_from_transects_tahiti.geojson" }, "geometry": { "type": "Point", "coordinates": [ -149.313759734727881, -17.796346902192866 ] } },
{ "type": "Feature", "properties": { "LINE_ID": 393, "ID": 652, "DIST": 0.0019797698, "DIST_SURF": 31.961945864, "X": -149.31361399, "Y": -17.796546902, "Z": -31.480556488000001, "layer": "profile_from_transects_tahiti", "path": "C:\\Users\\nlafn\\Documents\\GitHub\\ReefPassages\\data\\data_for_transects\\profile_from_transects_tahiti.geojson" }, "geometry": { "type": "Point", "coordinates": [ -149.313613988339426, -17.796546902192866 ] } },
{ "type": "Feature", "properties": { "LINE_ID": 393, "ID": 653, "DIST": 0.0022272411, "DIST_SURF": 32.053058337000003, "X": -149.31346824, "Y": -17.796746902, "Z": -31.389444351000002, "layer": "profile_from_transects_tahiti", "path": "C:\\Users\\nlafn\\Documents\\GitHub\\ReefPassages\\data\\data_for_transects\\profile_from_transects_tahiti.geojson" }, "geometry": { "type": "Point", "coordinates": [ -149.313468241950972, -17.796746902192865 ] } },
{ "type": "Feature", "properties": { "LINE_ID": 393, "ID": 654, "DIST": 0.0024747123, "DIST_SURF": 32.281669463, "X": -149.3133225, "Y": -17.796946901999998, "Z": -31.160833359000002, "layer": "profile_from_transects_tahiti", "path": "C:\\Users\\nlafn\\Documents\\GitHub\\ReefPassages\\data\\data_for_transects\\profile_from_transects_tahiti.geojson" }, "geometry": { "type": "Point", "coordinates": [ -149.313322495562517, -17.796946902192865 ] } },
{ "type": "Feature", "properties": { "LINE_ID": 393, "ID": 655, "DIST": 0.0027221835, "DIST_SURF": 37.015558096, "X": -149.31317675, "Y": -17.797146902000001, "Z": -35.894721984999997, "layer": "profile_from_transects_tahiti", "path": "C:\\Users\\nlafn\\Documents\\GitHub\\ReefPassages\\data\\data_for_transects\\profile_from_transects_tahiti.geojson" }, "geometry": { "type": "Point", "coordinates": [ -149.313176749174062, -17.797146902192864 ] } },
{ "type": "Feature", "properties": { "LINE_ID": 393, "ID": 656, "DIST": 0.0029696548, "DIST_SURF": 38.555837504000003, "X": -149.313031, "Y": -17.797346902000001, "Z": -37.435001373, "layer": "profile_from_transects_tahiti", "path": "C:\\Users\\nlafn\\Documents\\GitHub\\ReefPassages\\data\\data_for_transects\\profile_from_transects_tahiti.geojson" }, "geometry": { "type": "Point", "coordinates": [ -149.313031002785607, -17.797346902192864 ] } },
{ "type": "Feature", "properties": { "LINE_ID": 393, "ID": 657, "DIST": 0.003217126, "DIST_SURF": 38.793062212000002, "X": -149.31288526, "Y": -17.797546902000001, "Z": -37.197776794, "layer": "profile_from_transects_tahiti", "path": "C:\\Users\\nlafn\\Documents\\GitHub\\ReefPassages\\data\\data_for_transects\\profile_from_transects_tahiti.geojson" }, "geometry": { "type": "Point", "coordinates": [ -149.312885256397152, -17.797546902192863 ] } },
{ "type": "Feature", "properties": { "LINE_ID": 393, "ID": 658, "DIST": 0.0034645972, "DIST_SURF": 42.287504206999998, "X": -149.31273951, "Y": -17.797746902, "Z": -33.703334808000001, "layer": "profile_from_transects_tahiti", "path": "C:\\Users\\nlafn\\Documents\\GitHub\\ReefPassages\\data\\data_for_transects\\profile_from_transects_tahiti.geojson" }, "geometry": { "type": "Point", "coordinates": [ -149.312739510008697, -17.797746902192863 ] } },
{ "type": "Feature", "properties": { "LINE_ID": 393, "ID": 659, "DIST": 0.0037120685, "DIST_SURF": 43.269170803000002, "X": -149.31259376, "Y": -17.797946902, "Z": -32.721668243000003, "layer": "profile_from_transects_tahiti", "path": "C:\\Users\\nlafn\\Documents\\GitHub\\ReefPassages\\data\\data_for_transects\\profile_from_transects_tahiti.geojson" }, "geometry": { "type": "Point", "coordinates": [ -149.312593763620242, -17.797946902192862 ] } },
{ "type": "Feature", "properties": { "LINE_ID": 393, "ID": 660, "DIST": 0.0039595397, "DIST_SURF": 44.558889455, "X": -149.31244802000001, "Y": -17.798146902, "Z": -34.011386871, "layer": "profile_from_transects_tahiti", "path": "C:\\Users\\nlafn\\Documents\\GitHub\\ReefPassages\\data\\data_for_transects\\profile_from_transects_tahiti.geojson" }, "geometry": { "type": "Point", "coordinates": [ -149.312448017231787, -17.798146902192862 ] } },
{ "type": "Feature", "properties": { "LINE_ID": 393, "ID": 661, "DIST": 0.0042070109, "DIST_SURF": 45.605001545, "X": -149.31230227, "Y": -17.798346902, "Z": -35.057498932000001, "layer": "profile_from_transects_tahiti", "path": "C:\\Users\\nlafn\\Documents\\GitHub\\ReefPassages\\data\\data_for_transects\\profile_from_transects_tahiti.geojson" }, "geometry": { "type": "Point", "coordinates": [ -149.312302270843333, -17.798346902192861 ] } },
{ "type": "Feature", "properties": { "LINE_ID": 393, "ID": 662, "DIST": 0.0044544821, "DIST_SURF": 47.720560183000003, "X": -149.31215652, "Y": -17.798546901999998, "Z": -37.173057556000003, "layer": "profile_from_transects_tahiti", "path": "C:\\Users\\nlafn\\Documents\\GitHub\\ReefPassages\\data\\data_for_transects\\profile_from_transects_tahiti.geojson" }, "geometry": { "type": "Point", "coordinates": [ -149.312156524454878, -17.798546902192861 ] } },
{ "type": "Feature", "properties": { "LINE_ID": 393, "ID": 663, "DIST": 0.0047019534, "DIST_SURF": 48.836118835000001, "X": -149.31201078000001, "Y": -17.798746902000001, "Z": -36.057498932000001, "layer": "profile_from_transects_tahiti", "path": "C:\\Users\\nlafn\\Documents\\GitHub\\ReefPassages\\data\\data_for_transects\\profile_from_transects_tahiti.geojson" }, "geometry": { "type": "Point", "coordinates": [ -149.312010778066423, -17.79874690219286 ] } },
{ "type": "Feature", "properties": { "LINE_ID": 393, "ID": 664, "DIST": 0.0049494246, "DIST_SURF": 50.480009234000001, "X": -149.31186503000001, "Y": -17.798946902000001, "Z": -37.701389313, "layer": "profile_from_transects_tahiti", "path": "C:\\Users\\nlafn\\Documents\\GitHub\\ReefPassages\\data\\data_for_transects\\profile_from_transects_tahiti.geojson" }, "geometry": { "type": "Point", "coordinates": [ -149.311865031677968, -17.79894690219286 ] } },
{ "type": "Feature", "properties": { "LINE_ID": 393, "ID": 665, "DIST": 0.0051968958, "DIST_SURF": 50.943063958000003, "X": -149.31171929000001, "Y": -17.799146902, "Z": -38.16444397, "layer": "profile_from_transects_tahiti", "path": "C:\\Users\\nlafn\\Documents\\GitHub\\ReefPassages\\data\\data_for_transects\\profile_from_transects_tahiti.geojson" }, "geometry": { "type": "Point", "coordinates": [ -149.311719285289513, -17.799146902192859 ] } },
{ "type": "Feature", "properties": { "LINE_ID": 393, "ID": 666, "DIST": 0.0054443671, "DIST_SURF": 51.972505821, "X": -149.31157354000001, "Y": -17.799346902, "Z": -37.135002135999997, "layer": "profile_from_transects_tahiti", "path": "C:\\Users\\nlafn\\Documents\\GitHub\\ReefPassages\\data\\data_for_transects\\profile_from_transects_tahiti.geojson" }, "geometry": { "type": "Point", "coordinates": [ -149.311573538901058, -17.799346902192859 ] } },
{ "type": "Feature", "properties": { "LINE_ID": 393, "ID": 667, "DIST": 0.0056918383, "DIST_SURF": 59.356119411000002, "X": -149.31142779000001, "Y": -17.799546902, "Z": -29.75138855, "layer": "profile_from_transects_tahiti", "path": "C:\\Users\\nlafn\\Documents\\GitHub\\ReefPassages\\data\\data_for_transects\\profile_from_transects_tahiti.geojson" }, "geometry": { "type": "Point", "coordinates": [ -149.311427792512603, -17.799546902192859 ] } },
{ "type": "Feature", "properties": { "LINE_ID": 393, "ID": 668, "DIST": 0.0059393095, "DIST_SURF": 76.721674222999994, "X": -149.31128205, "Y": -17.799746902, "Z": -12.38583374, "layer": "profile_from_transects_tahiti", "path": "C:\\Users\\nlafn\\Documents\\GitHub\\ReefPassages\\data\\data_for_transects\\profile_from_transects_tahiti.geojson" }, "geometry": { "type": "Point", "coordinates": [ -149.311282046124148, -17.799746902192858 ] } },
{ "type": "Feature", "properties": { "LINE_ID": 393, "ID": 669, "DIST": 0.0061867808, "DIST_SURF": 83.540563844999994, "X": -149.3111363, "Y": -17.799946902, "Z": -5.5669441222999998, "layer": "profile_from_transects_tahiti", "path": "C:\\Users\\nlafn\\Documents\\GitHub\\ReefPassages\\data\\data_for_transects\\profile_from_transects_tahiti.geojson" }, "geometry": { "type": "Point", "coordinates": [ -149.311136299735693, -17.799946902192858 ] } },
{ "type": "Feature", "properties": { "LINE_ID": 393, "ID": 670, "DIST": 0.006434252, "DIST_SURF": 88.863619087999993, "X": -149.31099055000001, "Y": -17.800146902000002, "Z": -0.2438888848, "layer": "profile_from_transects_tahiti", "path": "C:\\Users\\nlafn\\Documents\\GitHub\\ReefPassages\\data\\data_for_transects\\profile_from_transects_tahiti.geojson" }, "geometry": { "type": "Point", "coordinates": [ -149.310990553347239, -17.800146902192857 ] } },
{ "type": "Feature", "properties": { "LINE_ID": 393, "ID": 671, "DIST": 0.0066817232, "DIST_SURF": 89.402785804000004, "X": -149.31084481, "Y": -17.800346902000001, "Z": 0.2952777743, "layer": "profile_from_transects_tahiti", "path": "C:\\Users\\nlafn\\Documents\\GitHub\\ReefPassages\\data\\data_for_transects\\profile_from_transects_tahiti.geojson" }, "geometry": { "type": "Point", "coordinates": [ -149.310844806958784, -17.800346902192857 ] } },
{ "type": "Feature", "properties": { "LINE_ID": 393, "ID": 672, "DIST": 0.0069291944, "DIST_SURF": 89.626397042999997, "X": -149.31069906, "Y": -17.800546902000001, "Z": 0.0716666728, "layer": "profile_from_transects_tahiti", "path": "C:\\Users\\nlafn\\Documents\\GitHub\\ReefPassages\\data\\data_for_transects\\profile_from_transects_tahiti.geojson" }, "geometry": { "type": "Point", "coordinates": [ -149.310699060570329, -17.800546902192856 ] } },
{ "type": "Feature", "properties": { "LINE_ID": 394, "ID": 673, "DIST": 0.0, "DIST_SURF": 0.0, "X": -149.29609418000001, "Y": -17.841819823000002, "Z": -0.3138888776, "layer": "profile_from_transects_tahiti", "path": "C:\\Users\\nlafn\\Documents\\GitHub\\ReefPassages\\data\\data_for_transects\\profile_from_transects_tahiti.geojson" }, "geometry": { "type": "Point", "coordinates": [ -149.296094179291515, -17.841819823431198 ] } },
{ "type": "Feature", "properties": { "LINE_ID": 394, "ID": 674, "DIST": 0.0002785902, "DIST_SURF": 3.2908333956, "X": -149.29590024000001, "Y": -17.842019823000001, "Z": -3.6047222614000001, "layer": "profile_from_transects_tahiti", "path": "C:\\Users\\nlafn\\Documents\\GitHub\\ReefPassages\\data\\data_for_transects\\profile_from_transects_tahiti.geojson" }, "geometry": { "type": "Point", "coordinates": [ -149.295900239897577, -17.842019823431198 ] } },
{ "type": "Feature", "properties": { "LINE_ID": 394, "ID": 675, "DIST": 0.0005571804, "DIST_SURF": 10.270000147, "X": -149.2957063, "Y": -17.842219823000001, "Z": -10.583889008, "layer": "profile_from_transects_tahiti", "path": "C:\\Users\\nlafn\\Documents\\GitHub\\ReefPassages\\data\\data_for_transects\\profile_from_transects_tahiti.geojson" }, "geometry": { "type": "Point", "coordinates": [ -149.295706300503639, -17.842219823431197 ] } },
{ "type": "Feature", "properties": { "LINE_ID": 394, "ID": 676, "DIST": 0.0008357705, "DIST_SURF": 10.365555859000001, "X": -149.29551236, "Y": -17.842419823, "Z": -10.679444313, "layer": "profile_from_transects_tahiti", "path": "C:\\Users\\nlafn\\Documents\\GitHub\\ReefPassages\\data\\data_for_transects\\profile_from_transects_tahiti.geojson" }, "geometry": { "type": "Point", "coordinates": [ -149.295512361109701, -17.842419823431197 ] } },
{ "type": "Feature", "properties": { "LINE_ID": 394, "ID": 677, "DIST": 0.0011143607, "DIST_SURF": 13.595833409000001, "X": -149.29531842, "Y": -17.842619823, "Z": -7.4491667747000001, "layer": "profile_from_transects_tahiti", "path": "C:\\Users\\nlafn\\Documents\\GitHub\\ReefPassages\\data\\data_for_transects\\profile_from_transects_tahiti.geojson" }, "geometry": { "type": "Point", "coordinates": [ -149.295318421715763, -17.842619823431196 ] } },
{ "type": "Feature", "properties": { "LINE_ID": 395, "ID": 678, "DIST": 0.0, "DIST_SURF": 0.0, "X": -149.2748143, "Y": -17.857374082, "Z": -8.9724998474, "layer": "profile_from_transects_tahiti", "path": "C:\\Users\\nlafn\\Documents\\GitHub\\ReefPassages\\data\\data_for_transects\\profile_from_transects_tahiti.geojson" }, "geometry": { "type": "Point", "coordinates": [ -149.27481430023164, -17.857374081801854 ] } },
{ "type": "Feature", "properties": { "LINE_ID": 395, "ID": 679, "DIST": 0.0002108185, "DIST_SURF": 0.0222235189, "X": -149.2746143, "Y": -17.857440747999998, "Z": -8.9947223662999995, "layer": "profile_from_transects_tahiti", "path": "C:\\Users\\nlafn\\Documents\\GitHub\\ReefPassages\\data\\data_for_transects\\profile_from_transects_tahiti.geojson" }, "geometry": { "type": "Point", "coordinates": [ -149.274614300231633, -17.85744074846852 ] } },
{ "type": "Feature", "properties": { "LINE_ID": 395, "ID": 680, "DIST": 0.000421637, "DIST_SURF": 0.0525024587, "X": -149.2744143, "Y": -17.857507415000001, "Z": -9.0250005721999997, "layer": "profile_from_transects_tahiti", "path": "C:\\Users\\nlafn\\Documents\\GitHub\\ReefPassages\\data\\data_for_transects\\profile_from_transects_tahiti.geojson" }, "geometry": { "type": "Point", "coordinates": [ -149.274414300231626, -17.857507415135185 ] } },
{ "type": "Feature", "properties": { "LINE_ID": 395, "ID": 681, "DIST": 0.0006324555, "DIST_SURF": 0.1561136656, "X": -149.2742143, "Y": -17.857574082, "Z": -9.1286115646, "layer": "profile_from_transects_tahiti", "path": "C:\\Users\\nlafn\\Documents\\GitHub\\ReefPassages\\data\\data_for_transects\\profile_from_transects_tahiti.geojson" }, "geometry": { "type": "Point", "coordinates": [ -149.27421430023162, -17.85757408180185 ] } },
{ "type": "Feature", "properties": { "LINE_ID": 395, "ID": 682, "DIST": 0.000843274, "DIST_SURF": 1.8072243282, "X": -149.2740143, "Y": -17.857640748000001, "Z": -10.779722214, "layer": "profile_from_transects_tahiti", "path": "C:\\Users\\nlafn\\Documents\\GitHub\\ReefPassages\\data\\data_for_transects\\profile_from_transects_tahiti.geojson" }, "geometry": { "type": "Point", "coordinates": [ -149.274014300231613, -17.857640748468516 ] } },
{ "type": "Feature", "properties": { "LINE_ID": 395, "ID": 683, "DIST": 0.0010540926, "DIST_SURF": 3.7111130422, "X": -149.2738143, "Y": -17.857707415, "Z": -8.8758335113999998, "layer": "profile_from_transects_tahiti", "path": "C:\\Users\\nlafn\\Documents\\GitHub\\ReefPassages\\data\\data_for_transects\\profile_from_transects_tahiti.geojson" }, "geometry": { "type": "Point", "coordinates": [ -149.273814300231606, -17.857707415135181 ] } },
{ "type": "Feature", "properties": { "LINE_ID": 395, "ID": 684, "DIST": 0.0012649111, "DIST_SURF": 7.3241687543999996, "X": -149.2736143, "Y": -17.857774082, "Z": -5.2627778052999998, "layer": "profile_from_transects_tahiti", "path": "C:\\Users\\nlafn\\Documents\\GitHub\\ReefPassages\\data\\data_for_transects\\profile_from_transects_tahiti.geojson" }, "geometry": { "type": "Point", "coordinates": [ -149.2736143002316, -17.857774081801846 ] } },
{ "type": "Feature", "properties": { "LINE_ID": 395, "ID": 685, "DIST": 0.0014757296, "DIST_SURF": 10.336391052, "X": -149.2734143, "Y": -17.857840748000001, "Z": -2.2505555153, "layer": "profile_from_transects_tahiti", "path": "C:\\Users\\nlafn\\Documents\\GitHub\\ReefPassages\\data\\data_for_transects\\profile_from_transects_tahiti.geojson" }, "geometry": { "type": "Point", "coordinates": [ -149.273414300231593, -17.857840748468512 ] } },
{ "type": "Feature", "properties": { "LINE_ID": 395, "ID": 686, "DIST": 0.0016865481, "DIST_SURF": 12.493613251, "X": -149.2732143, "Y": -17.857907415, "Z": -0.0933333263, "layer": "profile_from_transects_tahiti", "path": "C:\\Users\\nlafn\\Documents\\GitHub\\ReefPassages\\data\\data_for_transects\\profile_from_transects_tahiti.geojson" }, "geometry": { "type": "Point", "coordinates": [ -149.273214300231587, -17.857907415135177 ] } },
{ "type": "Feature", "properties": { "LINE_ID": 396, "ID": 687, "DIST": 0.0, "DIST_SURF": 0.0, "X": -149.25466324000001, "Y": -17.860465412, "Z": 0.5661111474, "layer": "profile_from_transects_tahiti", "path": "C:\\Users\\nlafn\\Documents\\GitHub\\ReefPassages\\data\\data_for_transects\\profile_from_transects_tahiti.geojson" }, "geometry": { "type": "Point", "coordinates": [ -149.254663238888782, -17.860465411704677 ] } },
{ "type": "Feature", "properties": { "LINE_ID": 396, "ID": 688, "DIST": 0.0002364906, "DIST_SURF": 6.4061113044000004, "X": -149.25446324000001, "Y": -17.860591617000001, "Z": -5.8400001526, "layer": "profile_from_transects_tahiti", "path": "C:\\Users\\nlafn\\Documents\\GitHub\\ReefPassages\\data\\data_for_transects\\profile_from_transects_tahiti.geojson" }, "geometry": { "type": "Point", "coordinates": [ -149.254463238888775, -17.860591617155411 ] } },
{ "type": "Feature", "properties": { "LINE_ID": 396, "ID": 689, "DIST": 0.0004729813, "DIST_SURF": 24.057777947000002, "X": -149.25426324, "Y": -17.860717823000002, "Z": -23.491666794, "layer": "profile_from_transects_tahiti", "path": "C:\\Users\\nlafn\\Documents\\GitHub\\ReefPassages\\data\\data_for_transects\\profile_from_transects_tahiti.geojson" }, "geometry": { "type": "Point", "coordinates": [ -149.254263238888768, -17.860717822606144 ] } },
{ "type": "Feature", "properties": { "LINE_ID": 396, "ID": 690, "DIST": 0.0007094719, "DIST_SURF": 31.177221844999998, "X": -149.25406324, "Y": -17.860844028, "Z": -30.611110687, "layer": "profile_from_transects_tahiti", "path": "C:\\Users\\nlafn\\Documents\\GitHub\\ReefPassages\\data\\data_for_transects\\profile_from_transects_tahiti.geojson" }, "geometry": { "type": "Point", "coordinates": [ -149.254063238888762, -17.860844028056878 ] } },
{ "type": "Feature", "properties": { "LINE_ID": 396, "ID": 691, "DIST": 0.0009459625, "DIST_SURF": 31.955555544, "X": -149.25386324, "Y": -17.860970234, "Z": -31.389444351000002, "layer": "profile_from_transects_tahiti", "path": "C:\\Users\\nlafn\\Documents\\GitHub\\ReefPassages\\data\\data_for_transects\\profile_from_transects_tahiti.geojson" }, "geometry": { "type": "Point", "coordinates": [ -149.253863238888755, -17.860970233507611 ] } },
{ "type": "Feature", "properties": { "LINE_ID": 396, "ID": 692, "DIST": 0.0011824531, "DIST_SURF": 33.722777010999998, "X": -149.25366324000001, "Y": -17.861096439000001, "Z": -29.6222229, "layer": "profile_from_transects_tahiti", "path": "C:\\Users\\nlafn\\Documents\\GitHub\\ReefPassages\\data\\data_for_transects\\profile_from_transects_tahiti.geojson" }, "geometry": { "type": "Point", "coordinates": [ -149.253663238888748, -17.861096438958345 ] } },
{ "type": "Feature", "properties": { "LINE_ID": 396, "ID": 693, "DIST": 0.0014189438, "DIST_SURF": 34.748331694999997, "X": -149.25346324, "Y": -17.861222644000001, "Z": -30.647777557000001, "layer": "profile_from_transects_tahiti", "path": "C:\\Users\\nlafn\\Documents\\GitHub\\ReefPassages\\data\\data_for_transects\\profile_from_transects_tahiti.geojson" }, "geometry": { "type": "Point", "coordinates": [ -149.253463238888742, -17.861222644409079 ] } },
{ "type": "Feature", "properties": { "LINE_ID": 396, "ID": 694, "DIST": 0.0016554344, "DIST_SURF": 36.614721939, "X": -149.25326324, "Y": -17.86134885, "Z": -32.514167786000002, "layer": "profile_from_transects_tahiti", "path": "C:\\Users\\nlafn\\Documents\\GitHub\\ReefPassages\\data\\data_for_transects\\profile_from_transects_tahiti.geojson" }, "geometry": { "type": "Point", "coordinates": [ -149.253263238888735, -17.861348849859812 ] } },
{ "type": "Feature", "properties": { "LINE_ID": 396, "ID": 695, "DIST": 0.001891925, "DIST_SURF": 37.983889286999997, "X": -149.25306324, "Y": -17.861475055, "Z": -31.145000457999998, "layer": "profile_from_transects_tahiti", "path": "C:\\Users\\nlafn\\Documents\\GitHub\\ReefPassages\\data\\data_for_transects\\profile_from_transects_tahiti.geojson" }, "geometry": { "type": "Point", "coordinates": [ -149.253063238888728, -17.861475055310546 ] } },
{ "type": "Feature", "properties": { "LINE_ID": 396, "ID": 696, "DIST": 0.0021284156, "DIST_SURF": 49.971945472000002, "X": -149.25286324000001, "Y": -17.861601261000001, "Z": -19.156944275000001, "layer": "profile_from_transects_tahiti", "path": "C:\\Users\\nlafn\\Documents\\GitHub\\ReefPassages\\data\\data_for_transects\\profile_from_transects_tahiti.geojson" }, "geometry": { "type": "Point", "coordinates": [ -149.252863238888722, -17.86160126076128 ] } },
{ "type": "Feature", "properties": { "LINE_ID": 396, "ID": 697, "DIST": 0.0023649063, "DIST_SURF": 61.395834158, "X": -149.25266324, "Y": -17.861727466000001, "Z": -7.7330555916000003, "layer": "profile_from_transects_tahiti", "path": "C:\\Users\\nlafn\\Documents\\GitHub\\ReefPassages\\data\\data_for_transects\\profile_from_transects_tahiti.geojson" }, "geometry": { "type": "Point", "coordinates": [ -149.252663238888715, -17.861727466212013 ] } },
{ "type": "Feature", "properties": { "LINE_ID": 397, "ID": 698, "DIST": 0.0, "DIST_SURF": 0.0, "X": -149.23329494000001, "Y": -17.873303847, "Z": -0.5355555415, "layer": "profile_from_transects_tahiti", "path": "C:\\Users\\nlafn\\Documents\\GitHub\\ReefPassages\\data\\data_for_transects\\profile_from_transects_tahiti.geojson" }, "geometry": { "type": "Point", "coordinates": [ -149.233294937688214, -17.873303847185213 ] } },
{ "type": "Feature", "properties": { "LINE_ID": 397, "ID": 699, "DIST": 0.0002046868, "DIST_SURF": 2.3630555361000001, "X": -149.23309494, "Y": -17.873347398, "Z": -2.8986110687000002, "layer": "profile_from_transects_tahiti", "path": "C:\\Users\\nlafn\\Documents\\GitHub\\ReefPassages\\data\\data_for_transects\\profile_from_transects_tahiti.geojson" }, "geometry": { "type": "Point", "coordinates": [ -149.233094937688207, -17.873347398273989 ] } },
{ "type": "Feature", "properties": { "LINE_ID": 397, "ID": 700, "DIST": 0.0004093737, "DIST_SURF": 5.8841665535000001, "X": -149.23289494, "Y": -17.873390949000001, "Z": -6.4197220801999997, "layer": "profile_from_transects_tahiti", "path": "C:\\Users\\nlafn\\Documents\\GitHub\\ReefPassages\\data\\data_for_transects\\profile_from_transects_tahiti.geojson" }, "geometry": { "type": "Point", "coordinates": [ -149.232894937688201, -17.873390949362765 ] } },
{ "type": "Feature", "properties": { "LINE_ID": 397, "ID": 701, "DIST": 0.0006140605, "DIST_SURF": 9.822500547000001, "X": -149.23269494, "Y": -17.8734345, "Z": -10.358056068, "layer": "profile_from_transects_tahiti", "path": "C:\\Users\\nlafn\\Documents\\GitHub\\ReefPassages\\data\\data_for_transects\\profile_from_transects_tahiti.geojson" }, "geometry": { "type": "Point", "coordinates": [ -149.232694937688194, -17.873434500451541 ] } },
{ "type": "Feature", "properties": { "LINE_ID": 397, "ID": 702, "DIST": 0.0008187473, "DIST_SURF": 10.381666539, "X": -149.23249494000001, "Y": -17.873478052, "Z": -10.917222023000001, "layer": "profile_from_transects_tahiti", "path": "C:\\Users\\nlafn\\Documents\\GitHub\\ReefPassages\\data\\data_for_transects\\profile_from_transects_tahiti.geojson" }, "geometry": { "type": "Point", "coordinates": [ -149.232494937688188, -17.873478051540317 ] } },
{ "type": "Feature", "properties": { "LINE_ID": 397, "ID": 703, "DIST": 0.0010234341, "DIST_SURF": 12.648332961, "X": -149.23229494, "Y": -17.873521603, "Z": -8.6505556106999997, "layer": "profile_from_transects_tahiti", "path": "C:\\Users\\nlafn\\Documents\\GitHub\\ReefPassages\\data\\data_for_transects\\profile_from_transects_tahiti.geojson" }, "geometry": { "type": "Point", "coordinates": [ -149.232294937688181, -17.873521602629094 ] } },
{ "type": "Feature", "properties": { "LINE_ID": 397, "ID": 704, "DIST": 0.001228121, "DIST_SURF": 13.194444106000001, "X": -149.23209494, "Y": -17.873565154000001, "Z": -8.1044445038, "layer": "profile_from_transects_tahiti", "path": "C:\\Users\\nlafn\\Documents\\GitHub\\ReefPassages\\data\\data_for_transects\\profile_from_transects_tahiti.geojson" }, "geometry": { "type": "Point", "coordinates": [ -149.232094937688174, -17.87356515371787 ] } },
{ "type": "Feature", "properties": { "LINE_ID": 397, "ID": 705, "DIST": 0.0014328078, "DIST_SURF": 13.659166308, "X": -149.23189494, "Y": -17.873608705, "Z": -7.6397223473000002, "layer": "profile_from_transects_tahiti", "path": "C:\\Users\\nlafn\\Documents\\GitHub\\ReefPassages\\data\\data_for_transects\\profile_from_transects_tahiti.geojson" }, "geometry": { "type": "Point", "coordinates": [ -149.231894937688168, -17.873608704806646 ] } },
{ "type": "Feature", "properties": { "LINE_ID": 397, "ID": 706, "DIST": 0.0016374946, "DIST_SURF": 14.217499742, "X": -149.23169494000001, "Y": -17.873652256, "Z": -7.0813889503, "layer": "profile_from_transects_tahiti", "path": "C:\\Users\\nlafn\\Documents\\GitHub\\ReefPassages\\data\\data_for_transects\\profile_from_transects_tahiti.geojson" }, "geometry": { "type": "Point", "coordinates": [ -149.231694937688161, -17.873652255895422 ] } },
{ "type": "Feature", "properties": { "LINE_ID": 397, "ID": 707, "DIST": 0.0018421814, "DIST_SURF": 14.929166355, "X": -149.23149494, "Y": -17.873695807000001, "Z": -7.7930555343999997, "layer": "profile_from_transects_tahiti", "path": "C:\\Users\\nlafn\\Documents\\GitHub\\ReefPassages\\data\\data_for_transects\\profile_from_transects_tahiti.geojson" }, "geometry": { "type": "Point", "coordinates": [ -149.231494937688154, -17.873695806984198 ] } },
{ "type": "Feature", "properties": { "LINE_ID": 397, "ID": 708, "DIST": 0.0020468683, "DIST_SURF": 18.16499953, "X": -149.23129494, "Y": -17.873739358000002, "Z": -11.028888702, "layer": "profile_from_transects_tahiti", "path": "C:\\Users\\nlafn\\Documents\\GitHub\\ReefPassages\\data\\data_for_transects\\profile_from_transects_tahiti.geojson" }, "geometry": { "type": "Point", "coordinates": [ -149.231294937688148, -17.873739358072974 ] } },
{ "type": "Feature", "properties": { "LINE_ID": 397, "ID": 709, "DIST": 0.0022515551, "DIST_SURF": 18.4616667, "X": -149.23109494, "Y": -17.873782909, "Z": -11.325555801, "layer": "profile_from_transects_tahiti", "path": "C:\\Users\\nlafn\\Documents\\GitHub\\ReefPassages\\data\\data_for_transects\\profile_from_transects_tahiti.geojson" }, "geometry": { "type": "Point", "coordinates": [ -149.231094937688141, -17.873782909161751 ] } },
{ "type": "Feature", "properties": { "LINE_ID": 397, "ID": 710, "DIST": 0.0024562419, "DIST_SURF": 21.495833042000001, "X": -149.23089494000001, "Y": -17.87382646, "Z": -8.2913894653, "layer": "profile_from_transects_tahiti", "path": "C:\\Users\\nlafn\\Documents\\GitHub\\ReefPassages\\data\\data_for_transects\\profile_from_transects_tahiti.geojson" }, "geometry": { "type": "Point", "coordinates": [ -149.230894937688134, -17.873826460250527 ] } },
{ "type": "Feature", "properties": { "LINE_ID": 397, "ID": 711, "DIST": 0.0026609288, "DIST_SURF": 23.09888901, "X": -149.23069494000001, "Y": -17.873870011000001, "Z": -6.6883335113999998, "layer": "profile_from_transects_tahiti", "path": "C:\\Users\\nlafn\\Documents\\GitHub\\ReefPassages\\data\\data_for_transects\\profile_from_transects_tahiti.geojson" }, "geometry": { "type": "Point", "coordinates": [ -149.230694937688128, -17.873870011339303 ] } },
{ "type": "Feature", "properties": { "LINE_ID": 398, "ID": 712, "DIST": 0.0, "DIST_SURF": 0.0, "X": -149.19170208, "Y": -17.883271434000001, "Z": 0.5372222066, "layer": "profile_from_transects_tahiti", "path": "C:\\Users\\nlafn\\Documents\\GitHub\\ReefPassages\\data\\data_for_transects\\profile_from_transects_tahiti.geojson" }, "geometry": { "type": "Point", "coordinates": [ -149.191702081417617, -17.883271433944703 ] } },
{ "type": "Feature", "properties": { "LINE_ID": 398, "ID": 713, "DIST": 0.0002023957, "DIST_SURF": 1.5172222392000001, "X": -149.19150208, "Y": -17.883302483000001, "Z": -0.9800000191, "layer": "profile_from_transects_tahiti", "path": "C:\\Users\\nlafn\\Documents\\GitHub\\ReefPassages\\data\\data_for_transects\\profile_from_transects_tahiti.geojson" }, "geometry": { "type": "Point", "coordinates": [ -149.19150208141761, -17.883302482664771 ] } },
{ "type": "Feature", "properties": { "LINE_ID": 398, "ID": 714, "DIST": 0.0004047914, "DIST_SURF": 13.034445122, "X": -149.19130208000001, "Y": -17.883333531000002, "Z": -12.4972229, "layer": "profile_from_transects_tahiti", "path": "C:\\Users\\nlafn\\Documents\\GitHub\\ReefPassages\\data\\data_for_transects\\profile_from_transects_tahiti.geojson" }, "geometry": { "type": "Point", "coordinates": [ -149.191302081417604, -17.883333531384839 ] } },
{ "type": "Feature", "properties": { "LINE_ID": 398, "ID": 715, "DIST": 0.0006071871, "DIST_SURF": 29.703333216000001, "X": -149.19110208000001, "Y": -17.88336458, "Z": -29.166110992, "layer": "profile_from_transects_tahiti", "path": "C:\\Users\\nlafn\\Documents\\GitHub\\ReefPassages\\data\\data_for_transects\\profile_from_transects_tahiti.geojson" }, "geometry": { "type": "Point", "coordinates": [ -149.191102081417597, -17.883364580104907 ] } },
{ "type": "Feature", "properties": { "LINE_ID": 398, "ID": 716, "DIST": 0.0008095828, "DIST_SURF": 37.368055661, "X": -149.19090208, "Y": -17.883395629, "Z": -36.830833435000002, "layer": "profile_from_transects_tahiti", "path": "C:\\Users\\nlafn\\Documents\\GitHub\\ReefPassages\\data\\data_for_transects\\profile_from_transects_tahiti.geojson" }, "geometry": { "type": "Point", "coordinates": [ -149.19090208141759, -17.883395628824974 ] } },
{ "type": "Feature", "properties": { "LINE_ID": 398, "ID": 717, "DIST": 0.0010119785, "DIST_SURF": 38.878610942000002, "X": -149.19070208, "Y": -17.883426678, "Z": -35.320278168000002, "layer": "profile_from_transects_tahiti", "path": "C:\\Users\\nlafn\\Documents\\GitHub\\ReefPassages\\data\\data_for_transects\\profile_from_transects_tahiti.geojson" }, "geometry": { "type": "Point", "coordinates": [ -149.190702081417584, -17.883426677545042 ] } },
{ "type": "Feature", "properties": { "LINE_ID": 398, "ID": 718, "DIST": 0.0012143743, "DIST_SURF": 50.378055904999997, "X": -149.19050208, "Y": -17.883457726, "Z": -23.820833206, "layer": "profile_from_transects_tahiti", "path": "C:\\Users\\nlafn\\Documents\\GitHub\\ReefPassages\\data\\data_for_transects\\profile_from_transects_tahiti.geojson" }, "geometry": { "type": "Point", "coordinates": [ -149.190502081417577, -17.88345772626511 ] } },
{ "type": "Feature", "properties": { "LINE_ID": 399, "ID": 719, "DIST": 0.0, "DIST_SURF": 0.0, "X": -149.12822073000001, "Y": -17.864778575, "Z": -11.080555916, "layer": "profile_from_transects_tahiti", "path": "C:\\Users\\nlafn\\Documents\\GitHub\\ReefPassages\\data\\data_for_transects\\profile_from_transects_tahiti.geojson" }, "geometry": { "type": "Point", "coordinates": [ -149.128220726158247, -17.864778574823191 ] } },
{ "type": "Feature", "properties": { "LINE_ID": 399, "ID": 720, "DIST": 0.0002097928, "DIST_SURF": 2.3933334443000001, "X": -149.12815738, "Y": -17.864578575, "Z": -13.473889351, "layer": "profile_from_transects_tahiti", "path": "C:\\Users\\nlafn\\Documents\\GitHub\\ReefPassages\\data\\data_for_transects\\profile_from_transects_tahiti.geojson" }, "geometry": { "type": "Point", "coordinates": [ -149.128157377741957, -17.864578574823192 ] } },
{ "type": "Feature", "properties": { "LINE_ID": 399, "ID": 721, "DIST": 0.0004195856, "DIST_SURF": 5.6569452445000001, "X": -149.12809403, "Y": -17.864378575, "Z": -16.737501144, "layer": "profile_from_transects_tahiti", "path": "C:\\Users\\nlafn\\Documents\\GitHub\\ReefPassages\\data\\data_for_transects\\profile_from_transects_tahiti.geojson" }, "geometry": { "type": "Point", "coordinates": [ -149.128094029325666, -17.864378574823192 ] } },
{ "type": "Feature", "properties": { "LINE_ID": 399, "ID": 722, "DIST": 0.0006293784, "DIST_SURF": 7.8047228120999996, "X": -149.12803068, "Y": -17.864178575, "Z": -18.885278702000001, "layer": "profile_from_transects_tahiti", "path": "C:\\Users\\nlafn\\Documents\\GitHub\\ReefPassages\\data\\data_for_transects\\profile_from_transects_tahiti.geojson" }, "geometry": { "type": "Point", "coordinates": [ -149.128030680909376, -17.864178574823192 ] } },
{ "type": "Feature", "properties": { "LINE_ID": 399, "ID": 723, "DIST": 0.0008391712, "DIST_SURF": 10.557223354, "X": -149.12796733, "Y": -17.863978575000001, "Z": -16.132778168000002, "layer": "profile_from_transects_tahiti", "path": "C:\\Users\\nlafn\\Documents\\GitHub\\ReefPassages\\data\\data_for_transects\\profile_from_transects_tahiti.geojson" }, "geometry": { "type": "Point", "coordinates": [ -149.127967332493085, -17.863978574823193 ] } },
{ "type": "Feature", "properties": { "LINE_ID": 399, "ID": 724, "DIST": 0.001048964, "DIST_SURF": 14.859168092000001, "X": -149.12790398000001, "Y": -17.863778575000001, "Z": -11.830833435000001, "layer": "profile_from_transects_tahiti", "path": "C:\\Users\\nlafn\\Documents\\GitHub\\ReefPassages\\data\\data_for_transects\\profile_from_transects_tahiti.geojson" }, "geometry": { "type": "Point", "coordinates": [ -149.127903984076795, -17.863778574823193 ] } },
{ "type": "Feature", "properties": { "LINE_ID": 411, "ID": 1, "DIST": 0.0, "DIST_SURF": 0.0, "X": -149.29716377, "Y": -17.683745249000001, "Z": -3.2313888073000001, "layer": "temp2", "path": "C:\\Users\\nlafn\\Documents\\GitHub\\ReefPassages\\data\\data_for_transects\\temp2.geojson" }, "geometry": { "type": "Point", "coordinates": [ -149.297163768681258, -17.683745249181168 ] } },
{ "type": "Feature", "properties": { "LINE_ID": 411, "ID": 2, "DIST": 0.0002008465, "DIST_SURF": 2.4466669641999998, "X": -149.29714535, "Y": -17.683945249000001, "Z": -5.6780557631999997, "layer": "temp2", "path": "C:\\Users\\nlafn\\Documents\\GitHub\\ReefPassages\\data\\data_for_transects\\temp2.geojson" }, "geometry": { "type": "Point", "coordinates": [ -149.297145347628629, -17.683945249181168 ] } },
{ "type": "Feature", "properties": { "LINE_ID": 411, "ID": 3, "DIST": 0.0004016931, "DIST_SURF": 3.9794447636000001, "X": -149.29712693, "Y": -17.684145249, "Z": -7.2108335495000002, "layer": "temp2", "path": "C:\\Users\\nlafn\\Documents\\GitHub\\ReefPassages\\data\\data_for_transects\\temp2.geojson" }, "geometry": { "type": "Point", "coordinates": [ -149.297126926575999, -17.684145249181167 ] } },
{ "type": "Feature", "properties": { "LINE_ID": 411, "ID": 4, "DIST": 0.0006025396, "DIST_SURF": 5.8866665683, "X": -149.29710851, "Y": -17.684345249, "Z": -9.1180553436, "layer": "temp2", "path": "C:\\Users\\nlafn\\Documents\\GitHub\\ReefPassages\\data\\data_for_transects\\temp2.geojson" }, "geometry": { "type": "Point", "coordinates": [ -149.297108505523369, -17.684345249181167 ] } },
{ "type": "Feature", "properties": { "LINE_ID": 411, "ID": 5, "DIST": 0.0008033862, "DIST_SURF": 6.4641669465999998, "X": -149.29709008, "Y": -17.684545249, "Z": -9.695555687000001, "layer": "temp2", "path": "C:\\Users\\nlafn\\Documents\\GitHub\\ReefPassages\\data\\data_for_transects\\temp2.geojson" }, "geometry": { "type": "Point", "coordinates": [ -149.297090084470739, -17.684545249181166 ] } },
{ "type": "Feature", "properties": { "LINE_ID": 411, "ID": 6, "DIST": 0.0010042327, "DIST_SURF": 13.412221263, "X": -149.29707166, "Y": -17.684745249, "Z": -16.643610001, "layer": "temp2", "path": "C:\\Users\\nlafn\\Documents\\GitHub\\ReefPassages\\data\\data_for_transects\\temp2.geojson" }, "geometry": { "type": "Point", "coordinates": [ -149.297071663418109, -17.684745249181166 ] } },
{ "type": "Feature", "properties": { "LINE_ID": 411, "ID": 7, "DIST": 0.0012050793, "DIST_SURF": 25.177222562000001, "X": -149.29705324, "Y": -17.684945248999998, "Z": -28.408611298, "layer": "temp2", "path": "C:\\Users\\nlafn\\Documents\\GitHub\\ReefPassages\\data\\data_for_transects\\temp2.geojson" }, "geometry": { "type": "Point", "coordinates": [ -149.297053242365479, -17.684945249181165 ] } },
{ "type": "Feature", "properties": { "LINE_ID": 411, "ID": 8, "DIST": 0.0014059258, "DIST_SURF": 34.286387756000003, "X": -149.29703482, "Y": -17.685145249000001, "Z": -37.517776489, "layer": "temp2", "path": "C:\\Users\\nlafn\\Documents\\GitHub\\ReefPassages\\data\\data_for_transects\\temp2.geojson" }, "geometry": { "type": "Point", "coordinates": [ -149.297034821312849, -17.685145249181165 ] } },
{ "type": "Feature", "properties": { "LINE_ID": 411, "ID": 9, "DIST": 0.0016067724, "DIST_SURF": 39.674445468000002, "X": -149.2970164, "Y": -17.685345249000001, "Z": -42.905834198000001, "layer": "temp2", "path": "C:\\Users\\nlafn\\Documents\\GitHub\\ReefPassages\\data\\data_for_transects\\temp2.geojson" }, "geometry": { "type": "Point", "coordinates": [ -149.297016400260219, -17.685345249181164 ] } },
{ "type": "Feature", "properties": { "LINE_ID": 411, "ID": 10, "DIST": 0.0018076189, "DIST_SURF": 41.795001354999997, "X": -149.29699798, "Y": -17.685545249, "Z": -40.78527832, "layer": "temp2", "path": "C:\\Users\\nlafn\\Documents\\GitHub\\ReefPassages\\data\\data_for_transects\\temp2.geojson" }, "geometry": { "type": "Point", "coordinates": [ -149.296997979207589, -17.685545249181164 ] } },
{ "type": "Feature", "properties": { "LINE_ID": 411, "ID": 11, "DIST": 0.0020084655, "DIST_SURF": 53.566113799, "X": -149.29697956000001, "Y": -17.685745249, "Z": -29.014165878, "layer": "temp2", "path": "C:\\Users\\nlafn\\Documents\\GitHub\\ReefPassages\\data\\data_for_transects\\temp2.geojson" }, "geometry": { "type": "Point", "coordinates": [ -149.296979558154959, -17.685745249181164 ] } },
{ "type": "Feature", "properties": { "LINE_ID": 411, "ID": 12, "DIST": 0.002209312, "DIST_SURF": 66.602224679000003, "X": -149.29696114000001, "Y": -17.685945249, "Z": -15.978055, "layer": "temp2", "path": "C:\\Users\\nlafn\\Documents\\GitHub\\ReefPassages\\data\\data_for_transects\\temp2.geojson" }, "geometry": { "type": "Point", "coordinates": [ -149.296961137102329, -17.685945249181163 ] } },
{ "type": "Feature", "properties": { "LINE_ID": 411, "ID": 13, "DIST": 0.0024101586, "DIST_SURF": 72.653890942000004, "X": -149.29694272, "Y": -17.686145249, "Z": -9.9263887405000002, "layer": "temp2", "path": "C:\\Users\\nlafn\\Documents\\GitHub\\ReefPassages\\data\\data_for_transects\\temp2.geojson" }, "geometry": { "type": "Point", "coordinates": [ -149.296942716049699, -17.686145249181163 ] } },
{ "type": "Feature", "properties": { "LINE_ID": 411, "ID": 14, "DIST": 0.0026110051, "DIST_SURF": 74.182779656999998, "X": -149.29692429, "Y": -17.686345249, "Z": -8.3975000381000005, "layer": "temp2", "path": "C:\\Users\\nlafn\\Documents\\GitHub\\ReefPassages\\data\\data_for_transects\\temp2.geojson" }, "geometry": { "type": "Point", "coordinates": [ -149.296924294997069, -17.686345249181162 ] } },
{ "type": "Feature", "properties": { "LINE_ID": 411, "ID": 15, "DIST": 0.0028118516, "DIST_SURF": 77.238613004000001, "X": -149.29690587, "Y": -17.686545249000002, "Z": -5.3416666985000001, "layer": "temp2", "path": "C:\\Users\\nlafn\\Documents\\GitHub\\ReefPassages\\data\\data_for_transects\\temp2.geojson" }, "geometry": { "type": "Point", "coordinates": [ -149.296905873944439, -17.686545249181162 ] } },
{ "type": "Feature", "properties": { "LINE_ID": 411, "ID": 16, "DIST": 0.0030126982, "DIST_SURF": 81.940279720999996, "X": -149.29688745000001, "Y": -17.686745249000001, "Z": -0.6399999857000001, "layer": "temp2", "path": "C:\\Users\\nlafn\\Documents\\GitHub\\ReefPassages\\data\\data_for_transects\\temp2.geojson" }, "geometry": { "type": "Point", "coordinates": [ -149.296887452891809, -17.686745249181161 ] } },
{ "type": "Feature", "properties": { "LINE_ID": 380, "ID": 17, "DIST": 0.0, "DIST_SURF": 0.0, "X": -149.61786531000001, "Y": -17.634378522, "Z": -6.693611145, "layer": "temp2", "path": "C:\\Users\\nlafn\\Documents\\GitHub\\ReefPassages\\data\\data_for_transects\\temp2.geojson" }, "geometry": { "type": "Point", "coordinates": [ -149.617865312516983, -17.634378522396954 ] } },
{ "type": "Feature", "properties": { "LINE_ID": 380, "ID": 18, "DIST": 0.0002149594, "DIST_SURF": 3.6747217241, "X": -149.61766531000001, "Y": -17.63445731, "Z": -10.368332863, "layer": "temp2", "path": "C:\\Users\\nlafn\\Documents\\GitHub\\ReefPassages\\data\\data_for_transects\\temp2.geojson" }, "geometry": { "type": "Point", "coordinates": [ -149.617665312516976, -17.634457310275746 ] } }
]
}
